timestamp,RunPeriod,Interval,Median energy [keV]
1.5094e+09,30/10/2017,120,3.0535
1.5094e+09,30/10/2017,120,2.9542
1.5094e+09,30/10/2017,120,3.0577
1.5094e+09,30/10/2017,120,2.8532
1.5094e+09,30/10/2017,120,2.908
1.5094e+09,30/10/2017,120,2.8838
1.5094e+09,30/10/2017,120,2.9067
1.5094e+09,30/10/2017,120,3.1924
1.5094e+09,30/10/2017,120,3.0771
1.5095e+09,30/10/2017,120,2.841
1.5095e+09,30/10/2017,120,2.8539
1.5095e+09,30/10/2017,120,3.0283
1.5095e+09,30/10/2017,120,2.9102
1.5095e+09,30/10/2017,120,3.1522
1.5095e+09,30/10/2017,120,3.0166
1.5095e+09,30/10/2017,120,3.0401
1.5095e+09,30/10/2017,120,2.8549
1.5095e+09,30/10/2017,120,2.9708
1.5095e+09,30/10/2017,120,2.8882
1.5095e+09,30/10/2017,120,2.9558
1.5095e+09,30/10/2017,120,3.1268
1.5095e+09,30/10/2017,120,3.1248
1.5095e+09,30/10/2017,120,2.9519
1.5096e+09,30/10/2017,120,2.8424
1.5096e+09,30/10/2017,120,2.7341
1.5096e+09,30/10/2017,120,2.9889
1.5096e+09,30/10/2017,120,3.0134
1.5096e+09,30/10/2017,120,2.8063
1.5096e+09,30/10/2017,120,2.7193
1.5096e+09,30/10/2017,120,2.9979
1.5096e+09,30/10/2017,120,2.8787
1.5096e+09,30/10/2017,120,2.9999
1.5096e+09,30/10/2017,120,2.8812
1.5096e+09,30/10/2017,120,2.7943
1.5096e+09,30/10/2017,120,2.8545
1.5096e+09,30/10/2017,120,2.6991
1.5096e+09,30/10/2017,120,2.7717
1.5097e+09,30/10/2017,120,3.0392
1.5097e+09,30/10/2017,120,2.8197
1.5097e+09,30/10/2017,120,2.9657
1.5097e+09,30/10/2017,120,2.7765
1.5097e+09,30/10/2017,120,3.1118
1.5097e+09,30/10/2017,120,2.8362
1.5097e+09,30/10/2017,120,3.0777
1.5097e+09,30/10/2017,120,2.7385
1.5097e+09,30/10/2017,120,2.7764
1.5097e+09,30/10/2017,120,2.863
1.5097e+09,30/10/2017,120,2.7589
1.5097e+09,30/10/2017,120,2.7574
1.5097e+09,30/10/2017,120,3.1172
1.5097e+09,30/10/2017,120,2.7628
1.5097e+09,30/10/2017,120,2.9116
1.5098e+09,30/10/2017,120,2.725
1.5098e+09,30/10/2017,120,2.8346
1.5098e+09,30/10/2017,120,2.9129
1.5098e+09,30/10/2017,120,2.8637
1.5098e+09,30/10/2017,120,2.7221
1.5098e+09,30/10/2017,120,2.8717
1.5098e+09,30/10/2017,120,2.7635
1.5098e+09,30/10/2017,120,2.8038
1.5098e+09,30/10/2017,120,2.8751
1.5098e+09,30/10/2017,120,2.6971
1.5098e+09,30/10/2017,120,2.7564
1.5098e+09,30/10/2017,120,2.6462
1.5098e+09,30/10/2017,120,2.7665
1.5098e+09,30/10/2017,120,2.7745
1.5099e+09,30/10/2017,120,2.7483
1.5099e+09,30/10/2017,120,2.8236
1.5099e+09,30/10/2017,120,2.825
1.5099e+09,30/10/2017,120,2.7404
1.5099e+09,30/10/2017,120,2.7652
1.5099e+09,30/10/2017,120,2.8394
1.5099e+09,30/10/2017,120,2.6907
1.5099e+09,30/10/2017,120,2.734
1.5099e+09,30/10/2017,120,2.7407
1.5099e+09,30/10/2017,120,2.7002
1.5099e+09,30/10/2017,120,2.9397
1.5099e+09,30/10/2017,120,3.0201
1.5099e+09,30/10/2017,120,2.7194
1.5099e+09,30/10/2017,120,2.8957
1.51e+09,30/10/2017,120,2.7953
1.51e+09,30/10/2017,120,2.9626
1.51e+09,30/10/2017,120,2.9689
1.51e+09,30/10/2017,120,2.9134
1.51e+09,30/10/2017,120,2.933
1.51e+09,30/10/2017,120,2.9857
1.51e+09,30/10/2017,120,2.8213
1.51e+09,30/10/2017,120,2.9971
1.51e+09,30/10/2017,120,3.0236
1.51e+09,30/10/2017,120,3.0757
1.51e+09,30/10/2017,120,2.8511
1.51e+09,30/10/2017,120,2.9888
1.51e+09,30/10/2017,120,2.813
1.51e+09,30/10/2017,120,2.864
1.51e+09,30/10/2017,120,2.8071
1.5101e+09,30/10/2017,120,2.8033
1.5101e+09,30/10/2017,120,3.0196
1.5101e+09,30/10/2017,120,2.8511
1.5101e+09,30/10/2017,120,2.8637
1.5101e+09,30/10/2017,120,2.5848
1.5101e+09,30/10/2017,120,2.7634
1.5101e+09,30/10/2017,120,2.6592
1.5101e+09,30/10/2017,120,2.8584
1.5101e+09,30/10/2017,120,2.8489
1.5101e+09,30/10/2017,120,2.8509
1.5101e+09,30/10/2017,120,2.8292
1.5101e+09,30/10/2017,120,2.8793
1.5101e+09,30/10/2017,120,2.8339
1.5102e+09,30/10/2017,120,2.818
1.5102e+09,30/10/2017,120,2.8109
1.5102e+09,30/10/2017,120,2.8679
1.5102e+09,30/10/2017,120,3.1003
1.5102e+09,30/10/2017,120,3.0169
1.5102e+09,30/10/2017,120,2.9059
1.5102e+09,30/10/2017,120,2.966
1.5102e+09,30/10/2017,120,2.9518
1.5102e+09,30/10/2017,120,2.8901
1.5102e+09,30/10/2017,120,2.8454
1.5102e+09,30/10/2017,120,2.7776
1.5102e+09,30/10/2017,120,2.7901
1.5102e+09,30/10/2017,120,2.8951
1.5102e+09,30/10/2017,120,2.6148
1.5103e+09,30/10/2017,120,2.8198
1.5103e+09,30/10/2017,120,2.5775
1.5103e+09,30/10/2017,120,2.7959
1.5103e+09,30/10/2017,120,2.8602
1.5103e+09,30/10/2017,120,2.7217
1.5103e+09,30/10/2017,120,2.8092
1.5103e+09,30/10/2017,120,2.779
1.5103e+09,30/10/2017,120,2.6136
1.5103e+09,30/10/2017,120,2.9119
1.5103e+09,30/10/2017,120,2.6705
1.5103e+09,30/10/2017,120,2.4983
1.5103e+09,30/10/2017,120,2.7977
1.5103e+09,30/10/2017,120,2.7452
1.5103e+09,30/10/2017,120,2.6148
1.5104e+09,30/10/2017,120,2.823
1.5104e+09,30/10/2017,120,2.6762
1.5104e+09,30/10/2017,120,2.3228
1.5104e+09,30/10/2017,120,2.767
1.5104e+09,30/10/2017,120,2.8136
1.5104e+09,30/10/2017,120,2.7981
1.5104e+09,30/10/2017,120,2.7319
1.5104e+09,30/10/2017,120,2.6524
1.5104e+09,30/10/2017,120,2.7517
1.5104e+09,30/10/2017,120,2.692
1.5104e+09,30/10/2017,120,2.732
1.5104e+09,30/10/2017,120,2.8411
1.5104e+09,30/10/2017,120,2.9059
1.5104e+09,30/10/2017,120,2.8398
1.5104e+09,30/10/2017,120,2.73
1.5105e+09,30/10/2017,120,2.641
1.5105e+09,30/10/2017,120,2.7486
1.5105e+09,30/10/2017,120,2.7453
1.5105e+09,30/10/2017,120,2.6886
1.5105e+09,30/10/2017,120,2.672
1.5105e+09,30/10/2017,120,2.7039
1.5105e+09,30/10/2017,120,2.8404
1.5105e+09,30/10/2017,120,2.6575
1.5105e+09,30/10/2017,120,2.8789
1.5105e+09,30/10/2017,120,2.8115
1.5106e+09,30/10/2017,120,2.7242
1.5106e+09,30/10/2017,120,2.9258
1.5106e+09,30/10/2017,120,2.8704
1.5106e+09,30/10/2017,120,3.0246
1.5106e+09,30/10/2017,120,2.8019
1.5106e+09,30/10/2017,120,2.6628
1.5106e+09,30/10/2017,120,3.0952
1.5106e+09,30/10/2017,120,3.0434
1.5106e+09,30/10/2017,120,2.9252
1.5106e+09,30/10/2017,120,2.8246
1.5106e+09,30/10/2017,120,2.801
1.5106e+09,30/10/2017,120,2.7858
1.5106e+09,30/10/2017,120,2.8938
1.5106e+09,30/10/2017,120,2.9983
1.5107e+09,30/10/2017,120,2.7787
1.5107e+09,30/10/2017,120,2.8265
1.5107e+09,30/10/2017,120,3.0646
1.5107e+09,30/10/2017,120,2.7862
1.5107e+09,30/10/2017,120,2.9539
1.5107e+09,30/10/2017,120,3.0501
1.5107e+09,30/10/2017,120,2.8562
1.5107e+09,30/10/2017,120,2.6749
1.5107e+09,30/10/2017,120,2.8966
1.5107e+09,30/10/2017,120,2.9733
1.5107e+09,30/10/2017,120,2.8033
1.5107e+09,30/10/2017,120,2.8187
1.5107e+09,30/10/2017,120,3.1476
1.5107e+09,30/10/2017,120,2.6772
1.5107e+09,30/10/2017,120,2.9678
1.5108e+09,30/10/2017,120,2.9338
1.5108e+09,30/10/2017,120,3.1134
1.5108e+09,30/10/2017,120,2.9296
1.5108e+09,30/10/2017,120,2.8192
1.5108e+09,30/10/2017,120,2.9155
1.5108e+09,30/10/2017,120,2.8244
1.5108e+09,30/10/2017,120,2.9682
1.5108e+09,30/10/2017,120,2.9162
1.5108e+09,30/10/2017,120,2.9252
1.5108e+09,30/10/2017,120,2.9065
1.5108e+09,30/10/2017,120,3.0069
1.5108e+09,30/10/2017,120,3.0374
1.5108e+09,30/10/2017,120,2.8359
1.5108e+09,30/10/2017,120,3.0333
1.5109e+09,30/10/2017,120,2.861
1.5109e+09,30/10/2017,120,2.7889
1.5109e+09,30/10/2017,120,2.772
1.5109e+09,30/10/2017,120,2.9366
1.5109e+09,30/10/2017,120,2.8912
1.5109e+09,30/10/2017,120,2.7468
1.5109e+09,30/10/2017,120,2.7266
1.5109e+09,30/10/2017,120,2.8812
1.5109e+09,30/10/2017,120,2.9454
1.5109e+09,30/10/2017,120,2.8744
1.5109e+09,30/10/2017,120,2.9359
1.5109e+09,30/10/2017,120,2.723
1.5109e+09,30/10/2017,120,2.7513
1.511e+09,30/10/2017,120,2.9781
1.511e+09,30/10/2017,120,3.0161
1.511e+09,30/10/2017,120,2.9149
1.511e+09,30/10/2017,120,2.8868
1.511e+09,30/10/2017,120,2.869
1.511e+09,30/10/2017,120,2.81
1.511e+09,30/10/2017,120,2.8959
1.511e+09,30/10/2017,120,2.9119
1.511e+09,30/10/2017,120,2.6842
1.511e+09,30/10/2017,120,2.6507
1.511e+09,30/10/2017,120,2.7821
1.511e+09,30/10/2017,120,2.7471
1.511e+09,30/10/2017,120,2.8942
1.511e+09,30/10/2017,120,2.9402
1.5111e+09,30/10/2017,120,2.974
1.5111e+09,30/10/2017,120,2.8798
1.5111e+09,30/10/2017,120,2.8349
1.5111e+09,30/10/2017,120,2.9168
1.5111e+09,30/10/2017,120,3.013
1.5111e+09,30/10/2017,120,2.6955
1.5111e+09,30/10/2017,120,2.755
1.5111e+09,30/10/2017,120,2.863
1.5111e+09,30/10/2017,120,2.8795
1.5111e+09,30/10/2017,120,2.7383
1.5111e+09,30/10/2017,120,2.9432
1.5111e+09,30/10/2017,120,2.9197
1.5111e+09,30/10/2017,120,2.7166
1.5111e+09,30/10/2017,120,2.8408
1.5112e+09,30/10/2017,120,2.8561
1.5112e+09,30/10/2017,120,2.9052
1.5112e+09,30/10/2017,120,2.9803
1.5112e+09,30/10/2017,120,2.9418
1.5112e+09,30/10/2017,120,2.8086
1.5112e+09,30/10/2017,120,2.8216
1.5112e+09,30/10/2017,120,3.0486
1.5112e+09,30/10/2017,120,2.9377
1.5112e+09,30/10/2017,120,3.0191
1.5112e+09,30/10/2017,120,2.7209
1.5112e+09,30/10/2017,120,2.6965
1.5112e+09,30/10/2017,120,2.7581
1.5112e+09,30/10/2017,120,2.7551
1.5112e+09,30/10/2017,120,2.9436
1.5113e+09,30/10/2017,120,2.6776
1.5113e+09,30/10/2017,120,2.9339
1.5113e+09,30/10/2017,120,2.9576
1.5113e+09,30/10/2017,120,2.7216
1.5113e+09,30/10/2017,120,2.719
1.5113e+09,30/10/2017,120,2.8788
1.5113e+09,30/10/2017,120,2.8171
1.5113e+09,30/10/2017,120,3.1125
1.5113e+09,30/10/2017,120,2.6836
1.5113e+09,30/10/2017,120,2.7972
1.5113e+09,30/10/2017,120,2.9234
1.5113e+09,30/10/2017,120,2.7853
1.5113e+09,30/10/2017,120,2.665
1.5113e+09,30/10/2017,120,2.9275
1.5114e+09,30/10/2017,120,2.8918
1.5114e+09,30/10/2017,120,2.8436
1.5114e+09,30/10/2017,120,2.7109
1.5114e+09,30/10/2017,120,2.8978
1.5114e+09,30/10/2017,120,2.7729
1.5114e+09,30/10/2017,120,2.8585
1.5114e+09,30/10/2017,120,2.781
1.5114e+09,30/10/2017,120,2.7561
1.5114e+09,30/10/2017,120,2.7874
1.5114e+09,30/10/2017,120,2.8244
1.5114e+09,30/10/2017,120,2.9727
1.5115e+09,30/10/2017,120,2.7511
1.5115e+09,30/10/2017,120,2.6589
1.5115e+09,30/10/2017,120,2.919
1.5115e+09,30/10/2017,120,2.9139
1.5115e+09,30/10/2017,120,2.8524
1.5115e+09,30/10/2017,120,2.872
1.5115e+09,30/10/2017,120,2.8708
1.5115e+09,30/10/2017,120,2.7187
1.5115e+09,30/10/2017,120,2.825
1.5115e+09,30/10/2017,120,2.7877
1.5115e+09,30/10/2017,120,2.7925
1.5115e+09,30/10/2017,120,2.8019
1.5115e+09,30/10/2017,120,2.7441
1.5116e+09,30/10/2017,120,2.8696
1.5116e+09,30/10/2017,120,2.8633
1.5116e+09,30/10/2017,120,2.8681
1.5116e+09,30/10/2017,120,2.6601
1.5116e+09,30/10/2017,120,2.9035
1.5116e+09,30/10/2017,120,2.8789
1.5116e+09,30/10/2017,120,2.9432
1.5116e+09,30/10/2017,120,2.7397
1.5116e+09,30/10/2017,120,2.9266
1.5116e+09,30/10/2017,120,2.7
1.5116e+09,30/10/2017,120,2.7744
1.5116e+09,30/10/2017,120,2.8696
1.5116e+09,30/10/2017,120,3.0047
1.5116e+09,30/10/2017,120,2.8288
1.5117e+09,30/10/2017,120,2.6935
1.5117e+09,30/10/2017,120,2.7605
1.5117e+09,30/10/2017,120,2.6639
1.5117e+09,30/10/2017,120,2.7873
1.5117e+09,30/10/2017,120,2.9268
1.5117e+09,30/10/2017,120,2.8506
1.5117e+09,30/10/2017,120,3.0438
1.5117e+09,30/10/2017,120,2.7425
1.5117e+09,30/10/2017,120,2.7186
1.5117e+09,30/10/2017,120,2.8663
1.5117e+09,30/10/2017,120,3.1418
1.5117e+09,30/10/2017,120,2.9797
1.5117e+09,30/10/2017,120,2.7694
1.5117e+09,30/10/2017,120,2.7418
1.5118e+09,30/10/2017,120,2.8416
1.5118e+09,30/10/2017,120,3.0158
1.5118e+09,30/10/2017,120,3.047
1.5118e+09,30/10/2017,120,2.9291
1.5118e+09,30/10/2017,120,2.8374
1.5118e+09,30/10/2017,120,2.8577
1.5118e+09,30/10/2017,120,2.8838
1.5118e+09,30/10/2017,120,2.9592
1.5118e+09,30/10/2017,120,3.0043
1.5118e+09,30/10/2017,120,2.9356
1.5118e+09,30/10/2017,120,2.863
1.5118e+09,30/10/2017,120,2.8696
1.5118e+09,30/10/2017,120,2.7642
1.5118e+09,30/10/2017,120,2.9463
1.5119e+09,30/10/2017,120,2.8151
1.5119e+09,30/10/2017,120,2.7496
1.5119e+09,30/10/2017,120,2.7352
1.5119e+09,30/10/2017,120,2.808
1.5119e+09,30/10/2017,120,2.7266
1.5119e+09,30/10/2017,120,2.9056
1.5119e+09,30/10/2017,120,3.0568
1.5119e+09,30/10/2017,120,2.8504
1.5119e+09,30/10/2017,120,2.7089
1.5119e+09,30/10/2017,120,2.7428
1.5119e+09,30/10/2017,120,2.9108
1.5119e+09,30/10/2017,120,2.9042
1.5119e+09,30/10/2017,120,2.8783
1.5119e+09,30/10/2017,120,3.0239
1.512e+09,30/10/2017,120,2.7435
1.512e+09,30/10/2017,120,2.6851
1.512e+09,30/10/2017,120,3.0145
1.512e+09,30/10/2017,120,2.9733
1.512e+09,30/10/2017,120,3.0152
1.512e+09,30/10/2017,120,2.9912
1.512e+09,30/10/2017,120,2.7622
1.512e+09,30/10/2017,120,2.8087
1.512e+09,30/10/2017,120,3.0254
1.512e+09,30/10/2017,120,2.7645
1.512e+09,30/10/2017,120,2.7584
1.512e+09,30/10/2017,120,2.7277
1.512e+09,30/10/2017,120,2.8604
1.5121e+09,30/10/2017,120,2.8166
1.5121e+09,30/10/2017,120,2.9803
1.5121e+09,30/10/2017,120,2.975
1.5121e+09,30/10/2017,120,2.9339
1.5121e+09,30/10/2017,120,2.7148
1.5121e+09,30/10/2017,120,2.7744
1.5121e+09,30/10/2017,120,2.9911
1.5121e+09,30/10/2017,120,2.9601
1.5121e+09,30/10/2017,120,2.74
1.5121e+09,30/10/2017,120,2.8844
1.5121e+09,30/10/2017,120,2.9758
1.5121e+09,30/10/2017,120,2.9818
1.5121e+09,30/10/2017,120,2.8301
1.5121e+09,30/10/2017,120,2.7751
1.5121e+09,30/10/2017,120,2.9289
1.5122e+09,30/10/2017,120,2.7645
1.5122e+09,30/10/2017,120,2.8385
1.5122e+09,30/10/2017,120,2.8786
1.5122e+09,30/10/2017,120,3.0572
1.5122e+09,30/10/2017,120,2.8776
1.5122e+09,30/10/2017,120,2.8423
1.5122e+09,30/10/2017,120,2.8349
1.5122e+09,30/10/2017,120,2.9582
1.5122e+09,30/10/2017,120,2.7362
1.5122e+09,30/10/2017,120,2.7613
1.5122e+09,30/10/2017,120,2.9776
1.5122e+09,30/10/2017,120,3.0651
1.5122e+09,30/10/2017,120,2.9178
1.5122e+09,30/10/2017,120,2.7253
1.5123e+09,30/10/2017,120,2.9803
1.5123e+09,30/10/2017,120,3.0275
1.5123e+09,30/10/2017,120,3.0045
1.5123e+09,30/10/2017,120,3.0808
1.5123e+09,30/10/2017,120,2.9256
1.5123e+09,30/10/2017,120,2.9251
1.5123e+09,30/10/2017,120,2.9516
1.5123e+09,30/10/2017,120,2.9942
1.5123e+09,30/10/2017,120,3.0251
1.5123e+09,30/10/2017,120,2.8001
1.5123e+09,30/10/2017,120,2.7671
1.5123e+09,30/10/2017,120,3.0581
1.5123e+09,30/10/2017,120,2.9183
1.5123e+09,30/10/2017,120,2.8933
1.5124e+09,30/10/2017,120,2.8756
1.5124e+09,30/10/2017,120,2.9005
1.5124e+09,30/10/2017,120,2.7918
1.5124e+09,30/10/2017,120,2.9931
1.5124e+09,30/10/2017,120,3.1824
1.5124e+09,30/10/2017,120,3.0483
1.5124e+09,30/10/2017,120,2.7858
1.5124e+09,30/10/2017,120,2.9684
1.5124e+09,30/10/2017,120,2.8163
1.5124e+09,30/10/2017,120,2.9006
1.5124e+09,30/10/2017,120,2.9346
1.5124e+09,30/10/2017,120,2.8492
1.5124e+09,30/10/2017,120,2.9662
1.5125e+09,30/10/2017,120,2.8874
1.5125e+09,30/10/2017,120,2.8627
1.5125e+09,30/10/2017,120,2.84
1.5125e+09,30/10/2017,120,2.8377
1.5125e+09,30/10/2017,120,2.7409
1.5126e+09,30/10/2017,120,3.0578
1.5126e+09,30/10/2017,120,2.8864
1.5126e+09,30/10/2017,120,2.7857
1.5126e+09,30/10/2017,120,2.915
1.5126e+09,30/10/2017,120,2.9372
1.5126e+09,30/10/2017,120,2.8409
1.5126e+09,30/10/2017,120,2.863
1.5126e+09,30/10/2017,120,2.8551
1.5126e+09,30/10/2017,120,3.1976
1.5126e+09,30/10/2017,120,2.9174
1.5126e+09,30/10/2017,120,3.0967
1.5127e+09,30/10/2017,120,2.8854
1.5127e+09,30/10/2017,120,2.725
1.5127e+09,30/10/2017,120,2.994
1.5127e+09,30/10/2017,120,2.927
1.5127e+09,30/10/2017,120,2.8714
1.5127e+09,30/10/2017,120,2.937
1.5127e+09,30/10/2017,120,2.9458
1.5127e+09,30/10/2017,120,2.8981
1.5127e+09,30/10/2017,120,3.0578
1.5127e+09,30/10/2017,120,3.0994
1.5127e+09,30/10/2017,120,3.003
1.5127e+09,30/10/2017,120,3.0343
1.5127e+09,30/10/2017,120,2.7197
1.5127e+09,30/10/2017,120,2.6799
1.5128e+09,30/10/2017,120,2.809
1.5128e+09,30/10/2017,120,2.911
1.5128e+09,30/10/2017,120,2.8981
1.5128e+09,30/10/2017,120,3.0457
1.5128e+09,30/10/2017,120,2.8134
1.5128e+09,30/10/2017,120,2.9114
1.5128e+09,30/10/2017,120,3.0107
1.5128e+09,30/10/2017,120,3.0452
1.5128e+09,30/10/2017,120,2.7429
1.5128e+09,30/10/2017,120,2.9451
1.5128e+09,30/10/2017,120,2.8273
1.5128e+09,30/10/2017,120,3.0628
1.5128e+09,30/10/2017,120,2.9038
1.5128e+09,30/10/2017,120,2.9564
1.5129e+09,30/10/2017,120,2.8675
1.5129e+09,30/10/2017,120,2.8634
1.5129e+09,30/10/2017,120,3.1395
1.5129e+09,30/10/2017,120,2.9135
1.5129e+09,30/10/2017,120,2.7694
1.5129e+09,30/10/2017,120,2.8575
1.5129e+09,30/10/2017,120,2.9622
1.5129e+09,30/10/2017,120,2.7661
1.5129e+09,30/10/2017,120,2.9311
1.5129e+09,30/10/2017,120,2.6953
1.5129e+09,30/10/2017,120,2.7776
1.5129e+09,30/10/2017,120,2.9557
1.5129e+09,30/10/2017,120,2.9915
1.5129e+09,30/10/2017,120,2.7383
1.513e+09,30/10/2017,120,2.83
1.513e+09,30/10/2017,120,2.5775
1.513e+09,30/10/2017,120,2.934
1.513e+09,30/10/2017,120,3.3271
1.513e+09,30/10/2017,120,2.9442
1.513e+09,30/10/2017,120,2.5725
1.513e+09,30/10/2017,120,2.7187
1.513e+09,30/10/2017,120,2.8165
1.513e+09,30/10/2017,120,2.8812
1.513e+09,30/10/2017,120,2.7898
1.513e+09,30/10/2017,120,2.8421
1.513e+09,30/10/2017,120,2.8045
1.513e+09,30/10/2017,120,2.919
1.513e+09,30/10/2017,120,2.808
1.513e+09,30/10/2017,120,2.6251
1.5131e+09,30/10/2017,120,2.9989
1.5131e+09,30/10/2017,120,2.7997
1.5131e+09,30/10/2017,120,2.8599
1.5131e+09,30/10/2017,120,2.7178
1.5131e+09,30/10/2017,120,2.7039
1.5131e+09,30/10/2017,120,2.7459
1.5131e+09,30/10/2017,120,2.9106
1.5131e+09,30/10/2017,120,2.6622
1.5131e+09,30/10/2017,120,2.8123
1.5131e+09,30/10/2017,120,3.0179
1.5131e+09,30/10/2017,120,2.9018
1.5131e+09,30/10/2017,120,2.9209
1.5131e+09,30/10/2017,120,3.0039
1.5132e+09,30/10/2017,120,2.9241
1.5132e+09,30/10/2017,120,3.0673
1.5132e+09,30/10/2017,120,2.9684
1.5132e+09,30/10/2017,120,3.0153
1.5132e+09,30/10/2017,120,2.8504
1.5132e+09,30/10/2017,120,2.9767
1.5132e+09,30/10/2017,120,2.7946
1.5132e+09,30/10/2017,120,2.9931
1.5132e+09,30/10/2017,120,2.8053
1.5132e+09,30/10/2017,120,3.0165
1.5132e+09,30/10/2017,120,2.8199
1.5132e+09,30/10/2017,120,2.7653
1.5132e+09,30/10/2017,120,2.837
1.5133e+09,30/10/2017,120,2.973
1.5133e+09,30/10/2017,120,2.7771
1.5133e+09,30/10/2017,120,2.899
1.5133e+09,30/10/2017,120,2.8315
1.5133e+09,30/10/2017,120,2.8038
1.5133e+09,30/10/2017,120,2.9327
1.5133e+09,30/10/2017,120,2.7464
1.5133e+09,30/10/2017,120,2.7859
1.5133e+09,30/10/2017,120,2.7663
1.5133e+09,30/10/2017,120,2.9328
1.5133e+09,30/10/2017,120,2.8571
1.5133e+09,30/10/2017,120,2.8182
1.5134e+09,30/10/2017,120,3.0412
1.5134e+09,30/10/2017,120,3.0095
1.5134e+09,30/10/2017,120,2.9615
1.5134e+09,30/10/2017,120,2.9814
1.5134e+09,30/10/2017,120,2.6524
1.5134e+09,30/10/2017,120,2.8114
1.5134e+09,30/10/2017,120,2.8345
1.5134e+09,30/10/2017,120,2.8131
1.5134e+09,30/10/2017,120,2.8014
1.5134e+09,30/10/2017,120,2.9755
1.5134e+09,30/10/2017,120,2.9232
1.5134e+09,30/10/2017,120,3.0334
1.5135e+09,30/10/2017,120,3.0172
1.5135e+09,30/10/2017,120,2.7984
1.5135e+09,30/10/2017,120,2.9286
1.5135e+09,30/10/2017,120,3.0581
1.5135e+09,30/10/2017,120,2.9954
1.5135e+09,30/10/2017,120,2.824
1.5135e+09,30/10/2017,120,2.8993
1.5135e+09,30/10/2017,120,3.0572
1.5135e+09,30/10/2017,120,3.1305
1.5135e+09,30/10/2017,120,2.9667
1.5135e+09,30/10/2017,120,2.962
1.5135e+09,30/10/2017,120,2.9173
1.5135e+09,30/10/2017,120,3.002
1.5135e+09,30/10/2017,120,3.1019
1.5136e+09,30/10/2017,120,2.8981
1.5136e+09,30/10/2017,120,3.0684
1.5136e+09,30/10/2017,120,2.9795
1.5136e+09,30/10/2017,120,2.8736
1.5136e+09,30/10/2017,120,3.0112
1.5136e+09,30/10/2017,120,3.0051
1.5136e+09,30/10/2017,120,2.8182
1.5136e+09,30/10/2017,120,2.6635
1.5136e+09,30/10/2017,120,3.0565
1.5136e+09,30/10/2017,120,2.9517
1.5136e+09,30/10/2017,120,2.8683
1.5136e+09,30/10/2017,120,2.975
1.5136e+09,30/10/2017,120,3.2345
1.5136e+09,30/10/2017,120,3.1162
1.5137e+09,30/10/2017,120,2.7758
1.5137e+09,30/10/2017,120,3.1144
1.5137e+09,30/10/2017,120,2.781
1.5137e+09,30/10/2017,120,3.0178
1.5137e+09,30/10/2017,120,2.9883
1.5137e+09,30/10/2017,120,2.9537
1.5137e+09,30/10/2017,120,3.1808
1.5137e+09,30/10/2017,120,3.0065
1.5137e+09,30/10/2017,120,2.9908
1.5137e+09,30/10/2017,120,2.7915
1.5137e+09,30/10/2017,120,2.951
1.5137e+09,30/10/2017,120,3.0048
1.5137e+09,30/10/2017,120,2.6324
1.5138e+09,30/10/2017,120,2.8695
1.5138e+09,30/10/2017,120,2.9074
1.5138e+09,30/10/2017,120,2.837
1.5138e+09,30/10/2017,120,2.8588
1.5138e+09,30/10/2017,120,2.8287
1.5138e+09,30/10/2017,120,2.9143
1.5138e+09,30/10/2017,120,3.0821
1.5138e+09,30/10/2017,120,2.9178
1.5138e+09,30/10/2017,120,3.0742
1.5138e+09,30/10/2017,120,2.8577
1.5138e+09,30/10/2017,120,2.9696
1.5138e+09,30/10/2017,120,2.837
1.5138e+09,30/10/2017,120,3.0386
1.5138e+09,30/10/2017,120,2.9236
1.5139e+09,30/10/2017,120,2.9849
1.5139e+09,30/10/2017,120,3.1222
1.5139e+09,30/10/2017,120,3.0107
1.5139e+09,30/10/2017,120,2.9433
1.5139e+09,30/10/2017,120,2.8862
1.5139e+09,30/10/2017,120,2.7241
1.5139e+09,30/10/2017,120,2.9902
1.5189e+09,17/02/2018,120,3.2629
1.5189e+09,17/02/2018,120,3.0304
1.5189e+09,17/02/2018,120,3.1199
1.5189e+09,17/02/2018,120,3.1723
1.5189e+09,17/02/2018,120,3.0071
1.5189e+09,17/02/2018,120,3.0326
1.5189e+09,17/02/2018,120,3.0165
1.519e+09,17/02/2018,120,3.1043
1.519e+09,17/02/2018,120,3.0254
1.519e+09,17/02/2018,120,3.0253
1.519e+09,17/02/2018,120,3.1707
1.519e+09,17/02/2018,120,3.1178
1.519e+09,17/02/2018,120,2.992
1.519e+09,17/02/2018,120,2.9627
1.519e+09,17/02/2018,120,3.0788
1.519e+09,17/02/2018,120,3.1866
1.519e+09,17/02/2018,120,2.9664
1.519e+09,17/02/2018,120,3.1655
1.519e+09,17/02/2018,120,3.1578
1.519e+09,17/02/2018,120,3.1361
1.5191e+09,17/02/2018,120,3.0253
1.5191e+09,17/02/2018,120,2.7878
1.5191e+09,17/02/2018,120,2.9384
1.5191e+09,17/02/2018,120,2.8934
1.5191e+09,17/02/2018,120,3.1127
1.5191e+09,17/02/2018,120,2.8669
1.5191e+09,17/02/2018,120,3.1571
1.5191e+09,17/02/2018,120,3.1223
1.5191e+09,17/02/2018,120,3.0214
1.5191e+09,17/02/2018,120,3.3896
1.5191e+09,17/02/2018,120,3.1092
1.5191e+09,17/02/2018,120,2.9944
1.5191e+09,17/02/2018,120,3.1166
1.5192e+09,17/02/2018,120,2.871
1.5192e+09,17/02/2018,120,3.0017
1.5192e+09,17/02/2018,120,3.2115
1.5192e+09,17/02/2018,120,3.0785
1.5192e+09,17/02/2018,120,3.0683
1.5192e+09,17/02/2018,120,3.0385
1.5192e+09,17/02/2018,120,2.9449
1.5192e+09,17/02/2018,120,3.1115
1.5192e+09,17/02/2018,120,2.895
1.5192e+09,17/02/2018,120,2.7734
1.5192e+09,17/02/2018,120,3.034
1.5192e+09,17/02/2018,120,2.9725
1.5193e+09,17/02/2018,120,3.3381
1.5193e+09,17/02/2018,120,2.7997
1.5193e+09,17/02/2018,120,3.1518
1.5193e+09,17/02/2018,120,3.11
1.5193e+09,17/02/2018,120,3.09
1.5193e+09,17/02/2018,120,2.928
1.5193e+09,17/02/2018,120,2.9495
1.5193e+09,17/02/2018,120,2.8912
1.5193e+09,17/02/2018,120,2.8767
1.5193e+09,17/02/2018,120,3.0162
1.5194e+09,17/02/2018,120,3.1269
1.5194e+09,17/02/2018,120,2.9797
1.5194e+09,17/02/2018,120,3.0667
1.5194e+09,17/02/2018,120,3.0474
1.5194e+09,17/02/2018,120,3.0704
1.5194e+09,17/02/2018,120,2.9492
1.5194e+09,17/02/2018,120,3.013
1.5194e+09,17/02/2018,120,2.8475
1.5194e+09,17/02/2018,120,2.8465
1.5194e+09,17/02/2018,120,3.0498
1.5194e+09,17/02/2018,120,2.9122
1.5195e+09,17/02/2018,120,2.938
1.5195e+09,17/02/2018,120,3.1348
1.5195e+09,17/02/2018,120,3.2572
1.5195e+09,17/02/2018,120,2.9523
1.5195e+09,17/02/2018,120,2.8847
1.5195e+09,17/02/2018,120,3.0374
1.5195e+09,17/02/2018,120,2.9926
1.5195e+09,17/02/2018,120,2.8226
1.5195e+09,17/02/2018,120,2.9927
1.5195e+09,17/02/2018,120,3.0421
1.5195e+09,17/02/2018,120,2.8308
1.5195e+09,17/02/2018,120,2.9915
1.5195e+09,17/02/2018,120,3.1875
1.5195e+09,17/02/2018,120,2.9229
1.5196e+09,17/02/2018,120,3.0692
1.5196e+09,17/02/2018,120,3.0418
1.5196e+09,17/02/2018,120,2.9199
1.5196e+09,17/02/2018,120,3.0392
1.5196e+09,17/02/2018,120,2.8077
1.5196e+09,17/02/2018,120,2.8715
1.5196e+09,17/02/2018,120,2.941
1.5196e+09,17/02/2018,120,3.0001
1.5196e+09,17/02/2018,120,2.9504
1.5196e+09,17/02/2018,120,2.999
1.5196e+09,17/02/2018,120,3.1648
1.5196e+09,17/02/2018,120,2.8611
1.5197e+09,17/02/2018,120,2.7709
1.5197e+09,17/02/2018,120,2.9744
1.5197e+09,17/02/2018,120,3.0134
1.5197e+09,17/02/2018,120,2.8967
1.5197e+09,17/02/2018,120,3.0981
1.5197e+09,17/02/2018,120,3.1344
1.5197e+09,17/02/2018,120,2.903
1.5197e+09,17/02/2018,120,2.9356
1.5197e+09,17/02/2018,120,2.691
1.5197e+09,17/02/2018,120,2.9113
1.5197e+09,17/02/2018,120,2.7749
1.5197e+09,17/02/2018,120,3.0119
1.5197e+09,17/02/2018,120,3.0315
1.5198e+09,17/02/2018,120,2.876
1.5198e+09,17/02/2018,120,3.0978
1.5198e+09,17/02/2018,120,2.9845
1.5198e+09,17/02/2018,120,3.098
1.5198e+09,17/02/2018,120,3.1003
1.5198e+09,17/02/2018,120,3.0433
1.5198e+09,17/02/2018,120,3.009
1.5198e+09,17/02/2018,120,2.9451
1.5198e+09,17/02/2018,120,2.9621
1.5198e+09,17/02/2018,120,2.9518
1.5198e+09,17/02/2018,120,2.941
1.5198e+09,17/02/2018,120,2.952
1.5198e+09,17/02/2018,120,3.1326
1.5198e+09,17/02/2018,120,2.9025
1.5199e+09,17/02/2018,120,3.0242
1.5199e+09,17/02/2018,120,3.166
1.5199e+09,17/02/2018,120,2.8402
1.5199e+09,17/02/2018,120,2.933
1.5199e+09,17/02/2018,120,2.8003
1.5199e+09,17/02/2018,120,2.7569
1.5199e+09,17/02/2018,120,3.094
1.5199e+09,17/02/2018,120,3.0602
1.5199e+09,17/02/2018,120,3.0702
1.5199e+09,17/02/2018,120,3.1054
1.5199e+09,17/02/2018,120,3.0692
1.52e+09,17/02/2018,120,2.9637
1.52e+09,17/02/2018,120,2.8958
1.52e+09,17/02/2018,120,2.8001
1.52e+09,17/02/2018,120,2.9266
1.52e+09,17/02/2018,120,3.0666
1.52e+09,17/02/2018,120,3.0041
1.52e+09,17/02/2018,120,2.972
1.52e+09,17/02/2018,120,3.0383
1.52e+09,17/02/2018,120,2.8684
1.52e+09,17/02/2018,120,2.9689
1.52e+09,17/02/2018,120,2.9314
1.52e+09,17/02/2018,120,2.9453
1.52e+09,17/02/2018,120,2.889
1.52e+09,17/02/2018,120,3.0636
1.5201e+09,17/02/2018,120,2.9825
1.5201e+09,17/02/2018,120,2.9543
1.5201e+09,17/02/2018,120,2.996
1.5201e+09,17/02/2018,120,2.8755
1.5201e+09,17/02/2018,120,3.0817
1.5201e+09,17/02/2018,120,3.1014
1.5201e+09,17/02/2018,120,2.8829
1.5201e+09,17/02/2018,120,2.9151
1.5201e+09,17/02/2018,120,2.83
1.5201e+09,17/02/2018,120,2.8415
1.5201e+09,17/02/2018,120,2.9677
1.5201e+09,17/02/2018,120,2.9189
1.5201e+09,17/02/2018,120,3.0209
1.5201e+09,17/02/2018,120,2.891
1.5202e+09,17/02/2018,120,2.8858
1.5202e+09,17/02/2018,120,2.9882
1.5202e+09,17/02/2018,120,2.9536
1.5202e+09,17/02/2018,120,2.9368
1.5202e+09,17/02/2018,120,2.9619
1.5202e+09,17/02/2018,120,2.8521
1.5202e+09,17/02/2018,120,2.8866
1.5202e+09,17/02/2018,120,3.1063
1.5202e+09,17/02/2018,120,3.1828
1.5202e+09,17/02/2018,120,2.8855
1.5202e+09,17/02/2018,120,2.9916
1.5202e+09,17/02/2018,120,2.801
1.5202e+09,17/02/2018,120,3.21
1.5203e+09,17/02/2018,120,2.7788
1.5203e+09,17/02/2018,120,3.0278
1.5203e+09,17/02/2018,120,2.9191
1.5203e+09,17/02/2018,120,3.0091
1.5203e+09,17/02/2018,120,3.0721
1.5203e+09,17/02/2018,120,2.9328
1.5203e+09,17/02/2018,120,3.1494
1.5203e+09,17/02/2018,120,2.7879
1.5203e+09,17/02/2018,120,2.8702
1.5203e+09,17/02/2018,120,2.9479
1.5203e+09,17/02/2018,120,2.8815
1.5203e+09,17/02/2018,120,3.0062
1.5203e+09,17/02/2018,120,2.8742
1.5203e+09,17/02/2018,120,2.9499
1.5204e+09,17/02/2018,120,3.0078
1.5204e+09,17/02/2018,120,3.2124
1.5204e+09,17/02/2018,120,2.9244
1.5204e+09,17/02/2018,120,3.0087
1.5204e+09,17/02/2018,120,2.8749
1.5204e+09,17/02/2018,120,2.9785
1.5204e+09,17/02/2018,120,3.0992
1.5204e+09,17/02/2018,120,2.9253
1.5204e+09,17/02/2018,120,2.9835
1.5204e+09,17/02/2018,120,3.0085
1.5204e+09,17/02/2018,120,2.811
1.5205e+09,17/02/2018,120,2.777
1.5205e+09,17/02/2018,120,2.9153
1.5205e+09,17/02/2018,120,2.923
1.5205e+09,17/02/2018,120,3.0288
1.5205e+09,17/02/2018,120,3.1196
1.5205e+09,17/02/2018,120,3.1541
1.5205e+09,17/02/2018,120,2.9071
1.5205e+09,17/02/2018,120,3.0834
1.5205e+09,17/02/2018,120,2.8204
1.5205e+09,17/02/2018,120,3.229
1.5205e+09,17/02/2018,120,2.9891
1.5205e+09,17/02/2018,120,3.0672
1.5205e+09,17/02/2018,120,3.2278
1.5205e+09,17/02/2018,120,2.8695
1.5206e+09,17/02/2018,120,2.8973
1.5206e+09,17/02/2018,120,2.8515
1.5206e+09,17/02/2018,120,3.015
1.5206e+09,17/02/2018,120,2.987
1.5206e+09,17/02/2018,120,3.2137
1.5206e+09,17/02/2018,120,3.0444
1.5206e+09,17/02/2018,120,3.0358
1.5206e+09,17/02/2018,120,2.9813
1.5206e+09,17/02/2018,120,2.9227
1.5206e+09,17/02/2018,120,2.9369
1.5206e+09,17/02/2018,120,2.9441
1.5206e+09,17/02/2018,120,2.999
1.5206e+09,17/02/2018,120,2.9086
1.5207e+09,17/02/2018,120,3.1335
1.5207e+09,17/02/2018,120,2.9129
1.5207e+09,17/02/2018,120,2.9881
1.5207e+09,17/02/2018,120,2.9783
1.5207e+09,17/02/2018,120,3.0528
1.5207e+09,17/02/2018,120,2.9631
1.5207e+09,17/02/2018,120,3.1782
1.5207e+09,17/02/2018,120,3.2435
1.5207e+09,17/02/2018,120,3.1082
1.5207e+09,17/02/2018,120,3.0179
1.5207e+09,17/02/2018,120,3.0693
1.5207e+09,17/02/2018,120,2.8877
1.5207e+09,17/02/2018,120,2.8248
1.5207e+09,17/02/2018,120,3.1398
1.5208e+09,17/02/2018,120,2.9297
1.5208e+09,17/02/2018,120,2.9239
1.5208e+09,17/02/2018,120,2.9053
1.5208e+09,17/02/2018,120,2.9803
1.5208e+09,17/02/2018,120,3.0694
1.5208e+09,17/02/2018,120,3.039
1.5208e+09,17/02/2018,120,3.0192
1.5208e+09,17/02/2018,120,2.9231
1.5208e+09,17/02/2018,120,2.9116
1.5208e+09,17/02/2018,120,2.8919
1.5208e+09,17/02/2018,120,2.9001
1.5208e+09,17/02/2018,120,3.2246
1.5208e+09,17/02/2018,120,2.9696
1.5208e+09,17/02/2018,120,3.0464
1.5209e+09,17/02/2018,120,3.2255
1.5209e+09,17/02/2018,120,2.9461
1.5209e+09,17/02/2018,120,2.9867
1.5209e+09,17/02/2018,120,2.8489
1.5209e+09,17/02/2018,120,2.9424
1.5209e+09,17/02/2018,120,3.0181
1.5209e+09,17/02/2018,120,3.0042
1.5209e+09,17/02/2018,120,3.2136
1.5209e+09,17/02/2018,120,3.1842
1.5209e+09,17/02/2018,120,2.9471
1.5209e+09,17/02/2018,120,2.9792
1.5209e+09,17/02/2018,120,2.7219
1.5209e+09,17/02/2018,120,2.9083
1.5209e+09,17/02/2018,120,3.0413
1.521e+09,17/02/2018,120,3.1251
1.521e+09,17/02/2018,120,2.9583
1.521e+09,17/02/2018,120,3.1229
1.521e+09,17/02/2018,120,3.0127
1.521e+09,17/02/2018,120,3.2292
1.521e+09,17/02/2018,120,2.9826
1.521e+09,17/02/2018,120,3.0304
1.521e+09,17/02/2018,120,3.1242
1.521e+09,17/02/2018,120,2.9435
1.521e+09,17/02/2018,120,2.9689
1.521e+09,17/02/2018,120,3.1364
1.5211e+09,17/02/2018,120,3.2132
1.5211e+09,17/02/2018,120,3.0353
1.5211e+09,17/02/2018,120,3.1724
1.5211e+09,17/02/2018,120,3.0117
1.5211e+09,17/02/2018,120,2.7854
1.5211e+09,17/02/2018,120,3.0242
1.5211e+09,17/02/2018,120,3.0653
1.5211e+09,17/02/2018,120,2.8919
1.5211e+09,17/02/2018,120,2.9801
1.5211e+09,17/02/2018,120,3.1318
1.5211e+09,17/02/2018,120,3.1017
1.5211e+09,17/02/2018,120,3.0093
1.5212e+09,17/02/2018,120,3.1055
1.5212e+09,17/02/2018,120,3.0159
1.5212e+09,17/02/2018,120,2.9726
1.5212e+09,17/02/2018,120,2.9068
1.5212e+09,17/02/2018,120,2.9182
1.5212e+09,17/02/2018,120,3.231
1.5212e+09,17/02/2018,120,3.1849
1.5212e+09,17/02/2018,120,3.0376
1.5212e+09,17/02/2018,120,3.1015
1.5212e+09,17/02/2018,120,3.0781
1.5212e+09,17/02/2018,120,2.9973
1.5212e+09,17/02/2018,120,2.9766
1.5212e+09,17/02/2018,120,2.9954
1.5213e+09,17/02/2018,120,3.1427
1.5213e+09,17/02/2018,120,3.0971
1.5213e+09,17/02/2018,120,3.2187
1.5213e+09,17/02/2018,120,3.0253
1.5213e+09,17/02/2018,120,2.9795
1.5213e+09,17/02/2018,120,2.9888
1.5213e+09,17/02/2018,120,2.8721
1.5213e+09,17/02/2018,120,2.879
1.5213e+09,17/02/2018,120,3.0425
1.5213e+09,17/02/2018,120,2.9201
1.5213e+09,17/02/2018,120,2.8837
1.5213e+09,17/02/2018,120,3.0141
1.5213e+09,17/02/2018,120,3.0588
1.5214e+09,17/02/2018,120,2.9269
1.5214e+09,17/02/2018,120,3.0243
1.5214e+09,17/02/2018,120,3.0274
1.5214e+09,17/02/2018,120,2.907
1.5214e+09,17/02/2018,120,3.0984
1.5214e+09,17/02/2018,120,3.2118
1.5214e+09,17/02/2018,120,3.1878
1.5214e+09,17/02/2018,120,3.1364
1.5214e+09,17/02/2018,120,3.152
1.5214e+09,17/02/2018,120,2.9859
1.5214e+09,17/02/2018,120,2.9053
1.5214e+09,17/02/2018,120,3.0837
1.5214e+09,17/02/2018,120,3.0029
1.5214e+09,17/02/2018,120,2.9899
1.5215e+09,17/02/2018,120,3.1793
1.5215e+09,17/02/2018,120,3.1427
1.5215e+09,17/02/2018,120,3.0371
1.5215e+09,17/02/2018,120,2.9944
1.5215e+09,17/02/2018,120,3.0232
1.5215e+09,17/02/2018,120,2.9308
1.5215e+09,17/02/2018,120,3.0933
1.5215e+09,17/02/2018,120,3.1268
1.5215e+09,17/02/2018,120,3.1405
1.5215e+09,17/02/2018,120,3.2909
1.5215e+09,17/02/2018,120,3.0108
1.5215e+09,17/02/2018,120,3.2014
1.5215e+09,17/02/2018,120,3.1407
1.5215e+09,17/02/2018,120,3.2386
1.5216e+09,17/02/2018,120,2.9892
1.5216e+09,17/02/2018,120,2.8987
1.5216e+09,17/02/2018,120,3.0746
1.5216e+09,17/02/2018,120,2.9364
1.5216e+09,17/02/2018,120,3.2999
1.5216e+09,17/02/2018,120,3.0155
1.5216e+09,17/02/2018,120,2.8168
1.5216e+09,17/02/2018,120,2.9329
1.5216e+09,17/02/2018,120,3.0537
1.5216e+09,17/02/2018,120,3.1649
1.5216e+09,17/02/2018,120,3.1041
1.5216e+09,17/02/2018,120,3.0074
1.5216e+09,17/02/2018,120,3.0028
1.5216e+09,17/02/2018,120,3.078
1.5217e+09,17/02/2018,120,2.9055
1.5217e+09,17/02/2018,120,3.0191
1.5217e+09,17/02/2018,120,3.1751
1.5217e+09,17/02/2018,120,3.1854
1.5217e+09,17/02/2018,120,3.1121
1.5217e+09,17/02/2018,120,3.2551
1.5217e+09,17/02/2018,120,3.0214
1.5217e+09,17/02/2018,120,3.0743
1.5217e+09,17/02/2018,120,2.7094
1.5217e+09,17/02/2018,120,2.8294
1.5217e+09,17/02/2018,120,3.0156
1.5217e+09,17/02/2018,120,3.0527
1.5218e+09,17/02/2018,120,3.1026
1.5218e+09,17/02/2018,120,3.1925
1.5218e+09,17/02/2018,120,3.0682
1.5218e+09,17/02/2018,120,2.996
1.5218e+09,17/02/2018,120,3.1243
1.5218e+09,17/02/2018,120,2.9958
1.5218e+09,17/02/2018,120,3.0848
1.5218e+09,17/02/2018,120,3.0416
1.5218e+09,17/02/2018,120,3.0023
1.5218e+09,17/02/2018,120,3.0125
1.5218e+09,17/02/2018,120,3.0804
1.5218e+09,17/02/2018,120,2.9876
1.5218e+09,17/02/2018,120,2.9471
1.5218e+09,17/02/2018,120,2.9703
1.5219e+09,17/02/2018,120,2.9041
1.5219e+09,17/02/2018,120,3.0552
1.5219e+09,17/02/2018,120,2.9837
1.5219e+09,17/02/2018,120,3.0754
1.5219e+09,17/02/2018,120,2.9815
1.5219e+09,17/02/2018,120,3.0645
1.5219e+09,17/02/2018,120,3.1157
1.5219e+09,17/02/2018,120,2.8828
1.5219e+09,17/02/2018,120,3.2421
1.5219e+09,17/02/2018,120,2.9781
1.5219e+09,17/02/2018,120,3.0318
1.5219e+09,17/02/2018,120,2.9172
1.522e+09,17/02/2018,120,2.9577
1.522e+09,17/02/2018,120,3.1386
1.522e+09,17/02/2018,120,2.9078
1.522e+09,17/02/2018,120,3.0317
1.522e+09,17/02/2018,120,3.0035
1.522e+09,17/02/2018,120,2.9245
1.522e+09,17/02/2018,120,3.0465
1.522e+09,17/02/2018,120,2.9978
1.522e+09,17/02/2018,120,2.8747
1.522e+09,17/02/2018,120,3.1666
1.522e+09,17/02/2018,120,2.999
1.522e+09,17/02/2018,120,2.9239
1.522e+09,17/02/2018,120,3.2245
1.5221e+09,17/02/2018,120,3.0907
1.5221e+09,17/02/2018,120,3.0581
1.5221e+09,17/02/2018,120,2.933
1.5221e+09,17/02/2018,120,3.1026
1.5221e+09,17/02/2018,120,2.9107
1.5221e+09,17/02/2018,120,2.82
1.5221e+09,17/02/2018,120,3.0628
1.5221e+09,17/02/2018,120,2.8767
1.5221e+09,17/02/2018,120,2.8939
1.5221e+09,17/02/2018,120,2.9565
1.5221e+09,17/02/2018,120,2.9472
1.5221e+09,17/02/2018,120,2.8925
1.5222e+09,17/02/2018,120,3.1422
1.5222e+09,17/02/2018,120,2.987
1.5222e+09,17/02/2018,120,3.1638
1.5222e+09,17/02/2018,120,3.0959
1.5222e+09,17/02/2018,120,3.04
1.5222e+09,17/02/2018,120,3.0636
1.5222e+09,17/02/2018,120,3.0586
1.5222e+09,17/02/2018,120,2.8773
1.5222e+09,17/02/2018,120,3.3088
1.5222e+09,17/02/2018,120,3.1476
1.5222e+09,17/02/2018,120,3.04
1.5222e+09,17/02/2018,120,2.9608
1.5222e+09,17/02/2018,120,3.0204
1.5222e+09,17/02/2018,120,2.9199
1.5223e+09,17/02/2018,120,3.1403
1.5223e+09,17/02/2018,120,3.1593
1.5223e+09,17/02/2018,120,3.0633
1.5223e+09,17/02/2018,120,3.072
1.5223e+09,17/02/2018,120,2.9302
1.5223e+09,17/02/2018,120,2.9951
1.5223e+09,17/02/2018,120,3.1051
1.5223e+09,17/02/2018,120,3.0475
1.5223e+09,17/02/2018,120,2.8842
1.5223e+09,17/02/2018,120,2.8223
1.5223e+09,17/02/2018,120,3.0958
1.5223e+09,17/02/2018,120,2.9207
1.5223e+09,17/02/2018,120,3.0448
1.5223e+09,17/02/2018,120,3.0611
1.5224e+09,17/02/2018,120,3.0262
1.5224e+09,17/02/2018,120,3.1467
1.5224e+09,17/02/2018,120,3.1487
1.5224e+09,17/02/2018,120,3.1796
1.5224e+09,17/02/2018,120,2.9987
1.5224e+09,17/02/2018,120,2.9757
1.5224e+09,17/02/2018,120,3.0401
1.5224e+09,17/02/2018,120,2.8999
1.5224e+09,17/02/2018,120,2.8342
1.5224e+09,17/02/2018,120,3.0381
1.5224e+09,17/02/2018,120,2.9096
1.5224e+09,17/02/2018,120,2.8986
1.5225e+09,17/02/2018,120,3.2299
1.5225e+09,17/02/2018,120,2.9678
1.5225e+09,17/02/2018,120,2.8537
1.5225e+09,17/02/2018,120,2.9838
1.5225e+09,17/02/2018,120,3.0638
1.5225e+09,17/02/2018,120,3.2599
1.5225e+09,17/02/2018,120,2.9362
1.5225e+09,17/02/2018,120,3.0864
1.5225e+09,17/02/2018,120,2.942
1.5225e+09,17/02/2018,120,2.9632
1.5225e+09,17/02/2018,120,3.0704
1.5225e+09,17/02/2018,120,2.7722
1.5225e+09,17/02/2018,120,3.1913
1.5225e+09,17/02/2018,120,2.9976
1.5226e+09,17/02/2018,120,3.0852
1.5226e+09,17/02/2018,120,3.0173
1.5226e+09,17/02/2018,120,2.9332
1.5226e+09,17/02/2018,120,3.1644
1.5226e+09,17/02/2018,120,2.9185
1.5226e+09,17/02/2018,120,3.1313
1.5226e+09,17/02/2018,120,2.9766
1.5226e+09,17/02/2018,120,2.992
1.5226e+09,17/02/2018,120,3.0513
1.5226e+09,17/02/2018,120,2.9711
1.5226e+09,17/02/2018,120,2.9874
1.5226e+09,17/02/2018,120,3.0278
1.5226e+09,17/02/2018,120,3.0931
1.5226e+09,17/02/2018,120,3.0019
1.5227e+09,17/02/2018,120,2.944
1.5227e+09,17/02/2018,120,2.8263
1.5227e+09,17/02/2018,120,2.8411
1.5227e+09,17/02/2018,120,3.0003
1.5227e+09,17/02/2018,120,2.9274
1.5227e+09,17/02/2018,120,3.0676
1.5227e+09,17/02/2018,120,2.9092
1.5227e+09,17/02/2018,120,2.9397
1.5227e+09,17/02/2018,120,2.8812
1.5227e+09,17/02/2018,120,2.8598
1.5227e+09,17/02/2018,120,3.0644
1.5227e+09,17/02/2018,120,2.8453
1.5227e+09,17/02/2018,120,2.8408
1.5228e+09,17/02/2018,120,3.09
1.5228e+09,17/02/2018,120,2.7708
1.5228e+09,17/02/2018,120,3.0337
1.5228e+09,17/02/2018,120,3.1432
1.5228e+09,17/02/2018,120,2.95
1.5228e+09,17/02/2018,120,2.7297
1.5228e+09,17/02/2018,120,3.0701
1.5228e+09,17/02/2018,120,3.0565
1.5228e+09,17/02/2018,120,2.9798
1.5228e+09,17/02/2018,120,2.9011
1.5228e+09,17/02/2018,120,3.0812
1.5228e+09,17/02/2018,120,2.8609
1.5228e+09,17/02/2018,120,2.8653
1.5228e+09,17/02/2018,120,3.0134
1.5229e+09,17/02/2018,120,3.0528
1.5229e+09,17/02/2018,120,3.0293
1.5229e+09,17/02/2018,120,2.9884
1.5229e+09,17/02/2018,120,2.8652
1.5229e+09,17/02/2018,120,2.9565
1.5229e+09,17/02/2018,120,2.9168
1.5229e+09,17/02/2018,120,3.0168
1.5229e+09,17/02/2018,120,3.0166
1.5229e+09,17/02/2018,120,2.8929
1.5229e+09,17/02/2018,120,2.903
1.5229e+09,17/02/2018,120,2.9305
1.5229e+09,17/02/2018,120,2.9875
1.5229e+09,17/02/2018,120,2.9571
1.5229e+09,17/02/2018,120,2.902
1.523e+09,17/02/2018,120,3.0778
1.523e+09,17/02/2018,120,2.9992
1.523e+09,17/02/2018,120,3.0391
1.523e+09,17/02/2018,120,3.0477
1.523e+09,17/02/2018,120,2.9924
1.523e+09,17/02/2018,120,2.8841
1.523e+09,17/02/2018,120,2.9532
1.523e+09,17/02/2018,120,2.9519
1.523e+09,17/02/2018,120,3.1477
1.523e+09,17/02/2018,120,3.0746
1.523e+09,17/02/2018,120,2.9985
1.523e+09,17/02/2018,120,2.8836
1.523e+09,17/02/2018,120,2.8795
1.523e+09,17/02/2018,120,2.8645
1.5231e+09,17/02/2018,120,3.0001
1.5231e+09,17/02/2018,120,3.1028
1.5231e+09,17/02/2018,120,2.9437
1.5231e+09,17/02/2018,120,3.1368
1.5231e+09,17/02/2018,120,2.9344
1.5231e+09,17/02/2018,120,3.0565
1.5231e+09,17/02/2018,120,3.0112
1.5231e+09,17/02/2018,120,2.8991
1.5231e+09,17/02/2018,120,2.9315
1.5231e+09,17/02/2018,120,3.0496
1.5231e+09,17/02/2018,120,3.0317
1.5231e+09,17/02/2018,120,3.1914
1.5231e+09,17/02/2018,120,3.0399
1.5231e+09,17/02/2018,120,3.2286
1.5232e+09,17/02/2018,120,2.9855
1.5232e+09,17/02/2018,120,3.0386
1.5232e+09,17/02/2018,120,3.1053
1.5232e+09,17/02/2018,120,3.0536
1.5232e+09,17/02/2018,120,2.7825
1.5232e+09,17/02/2018,120,2.9037
1.5232e+09,17/02/2018,120,3.0034
1.5232e+09,17/02/2018,120,2.869
1.5232e+09,17/02/2018,120,3.0712
1.5232e+09,17/02/2018,120,2.7976
1.5232e+09,17/02/2018,120,3.0265
1.5232e+09,17/02/2018,120,3.1176
1.5232e+09,17/02/2018,120,2.9473
1.5232e+09,17/02/2018,120,3.1144
1.5233e+09,17/02/2018,120,2.8719
1.5233e+09,17/02/2018,120,3.0675
1.5233e+09,17/02/2018,120,2.958
1.5233e+09,17/02/2018,120,3.1515
1.5233e+09,17/02/2018,120,2.8892
1.5233e+09,17/02/2018,120,2.9308
1.5233e+09,17/02/2018,120,3.1232
1.5233e+09,17/02/2018,120,2.8742
1.5233e+09,17/02/2018,120,3.0611
1.5233e+09,17/02/2018,120,2.8796
1.5233e+09,17/02/2018,120,2.8955
1.5233e+09,17/02/2018,120,3.1682
1.5233e+09,17/02/2018,120,2.9289
1.5233e+09,17/02/2018,120,2.8901
1.5234e+09,17/02/2018,120,3.1154
1.5234e+09,17/02/2018,120,3.0495
1.5234e+09,17/02/2018,120,3.1998
1.5234e+09,17/02/2018,120,2.9725
1.5234e+09,17/02/2018,120,3.0728
1.5234e+09,17/02/2018,120,3.0429
1.5234e+09,17/02/2018,120,2.9544
1.5234e+09,17/02/2018,120,2.9848
1.5234e+09,17/02/2018,120,3.055
1.5234e+09,17/02/2018,120,3.0851
1.5234e+09,17/02/2018,120,3.1569
1.5234e+09,17/02/2018,120,2.8731
1.5234e+09,17/02/2018,120,3.113
1.5235e+09,17/02/2018,120,2.9502
1.5235e+09,17/02/2018,120,2.9604
1.5235e+09,17/02/2018,120,2.906
1.5235e+09,17/02/2018,120,2.9606
1.5235e+09,17/02/2018,120,3.0565
1.5235e+09,17/02/2018,120,2.7842
1.5235e+09,17/02/2018,120,2.9873
1.5235e+09,17/02/2018,120,3.1561
1.5235e+09,17/02/2018,120,2.9119
1.5235e+09,17/02/2018,120,3.0525
1.5235e+09,17/02/2018,120,2.9299
1.5235e+09,17/02/2018,120,3.174
1.5235e+09,17/02/2018,120,3.2284
1.5236e+09,17/02/2018,120,2.8621
1.5236e+09,17/02/2018,120,2.9762
1.5236e+09,17/02/2018,120,2.9695
1.5236e+09,17/02/2018,120,2.8835
1.5236e+09,17/02/2018,120,2.8184
1.5236e+09,17/02/2018,120,2.8703
1.5236e+09,17/02/2018,120,2.8607
1.5236e+09,17/02/2018,120,2.9647
1.5236e+09,17/02/2018,120,3.0937
1.5236e+09,17/02/2018,120,3.0509
1.5236e+09,17/02/2018,120,2.9713
1.5236e+09,17/02/2018,120,2.9973
1.5236e+09,17/02/2018,120,3.1645
1.5236e+09,17/02/2018,120,3.0925
1.5237e+09,17/02/2018,120,2.915
1.5237e+09,17/02/2018,120,3.0425
1.5237e+09,17/02/2018,120,3.2143
1.5237e+09,17/02/2018,120,3.0264
1.5237e+09,17/02/2018,120,2.8872
1.5237e+09,17/02/2018,120,3.0758
1.5237e+09,17/02/2018,120,3.0762
1.5237e+09,17/02/2018,120,3.1069
1.5237e+09,17/02/2018,120,3.053
1.5237e+09,17/02/2018,120,3.043
1.5237e+09,17/02/2018,120,3.0001
1.5237e+09,17/02/2018,120,3.1986
1.5237e+09,17/02/2018,120,2.9425
1.5238e+09,17/02/2018,120,2.8255
1.5238e+09,17/02/2018,120,3.0466
1.5238e+09,17/02/2018,120,2.9455
1.5238e+09,17/02/2018,120,3.0713
1.5238e+09,17/02/2018,120,3.1357
1.5238e+09,17/02/2018,120,2.9917
1.5238e+09,17/02/2018,120,3.0419
1.5238e+09,17/02/2018,120,3.2397
1.5238e+09,17/02/2018,120,2.7043
1.5238e+09,17/02/2018,120,2.9601
1.5238e+09,17/02/2018,120,3.1225
1.5238e+09,17/02/2018,120,3.1095
1.5238e+09,17/02/2018,120,3.0308
1.5238e+09,17/02/2018,120,3.0399
1.5239e+09,17/02/2018,120,3.021
1.5239e+09,17/02/2018,120,2.9592
1.5239e+09,17/02/2018,120,3.0628
1.5239e+09,17/02/2018,120,2.9692
1.5239e+09,17/02/2018,120,3.0687
1.5239e+09,17/02/2018,120,3.0052
1.5239e+09,17/02/2018,120,3.0228
1.5239e+09,17/02/2018,120,2.8182
1.5239e+09,17/02/2018,120,2.9382
1.5239e+09,17/02/2018,120,3.0509
1.5239e+09,17/02/2018,120,3.202
1.5239e+09,17/02/2018,120,3.0285
1.5239e+09,17/02/2018,120,2.9314
1.5239e+09,17/02/2018,120,3.0639
1.524e+09,17/02/2018,120,2.9847
1.5401e+09,21/10/2018,120,2.6866
1.5401e+09,21/10/2018,120,2.8952
1.5401e+09,21/10/2018,120,3.035
1.5402e+09,21/10/2018,120,2.904
1.5402e+09,21/10/2018,120,2.8808
1.5402e+09,21/10/2018,120,2.9072
1.5402e+09,21/10/2018,120,2.9757
1.5402e+09,21/10/2018,120,2.641
1.5402e+09,21/10/2018,120,2.8026
1.5402e+09,21/10/2018,120,2.9203
1.5402e+09,21/10/2018,120,2.8507
1.5402e+09,21/10/2018,120,2.9246
1.5402e+09,21/10/2018,120,2.8607
1.5402e+09,21/10/2018,120,2.9303
1.5402e+09,21/10/2018,120,2.885
1.5402e+09,21/10/2018,120,2.9266
1.5403e+09,21/10/2018,120,2.6705
1.5403e+09,21/10/2018,120,2.9247
1.5403e+09,21/10/2018,120,2.6898
1.5403e+09,21/10/2018,120,2.8657
1.5403e+09,21/10/2018,120,2.886
1.5403e+09,21/10/2018,120,2.7394
1.5403e+09,21/10/2018,120,2.6902
1.5403e+09,21/10/2018,120,2.693
1.5403e+09,21/10/2018,120,2.8428
1.5403e+09,21/10/2018,120,2.8726
1.5403e+09,21/10/2018,120,2.7305
1.5403e+09,21/10/2018,120,2.9901
1.5403e+09,21/10/2018,120,3.0224
1.5404e+09,21/10/2018,120,2.8013
1.5404e+09,21/10/2018,120,2.9162
1.5404e+09,21/10/2018,120,2.8325
1.5404e+09,21/10/2018,120,2.8135
1.5404e+09,21/10/2018,120,2.9586
1.5404e+09,21/10/2018,120,2.8966
1.5404e+09,21/10/2018,120,2.9296
1.5404e+09,21/10/2018,120,2.8554
1.5404e+09,21/10/2018,120,2.8204
1.5404e+09,21/10/2018,120,2.7636
1.5404e+09,21/10/2018,120,2.8063
1.5404e+09,21/10/2018,120,2.806
1.5404e+09,21/10/2018,120,2.7932
1.5405e+09,21/10/2018,120,2.6364
1.5405e+09,21/10/2018,120,2.7937
1.5405e+09,21/10/2018,120,2.8561
1.5405e+09,21/10/2018,120,2.7971
1.5405e+09,21/10/2018,120,2.8014
1.5405e+09,21/10/2018,120,2.83
1.5405e+09,21/10/2018,120,2.7492
1.5405e+09,21/10/2018,120,2.721
1.5405e+09,21/10/2018,120,2.7069
1.5405e+09,21/10/2018,120,2.717
1.5405e+09,21/10/2018,120,2.8268
1.5405e+09,21/10/2018,120,2.8962
1.5405e+09,21/10/2018,120,2.8147
1.5405e+09,21/10/2018,120,2.711
1.5406e+09,21/10/2018,120,2.6761
1.5406e+09,21/10/2018,120,2.6527
1.5406e+09,21/10/2018,120,2.5337
1.5406e+09,21/10/2018,120,2.7611
1.5406e+09,21/10/2018,120,2.7144
1.5406e+09,21/10/2018,120,2.5832
1.5406e+09,21/10/2018,120,2.9204
1.5406e+09,21/10/2018,120,2.6755
1.5406e+09,21/10/2018,120,2.8918
1.5406e+09,21/10/2018,120,2.6604
1.5406e+09,21/10/2018,120,2.7785
1.5406e+09,21/10/2018,120,2.7726
1.5407e+09,21/10/2018,120,2.8951
1.5407e+09,21/10/2018,120,2.7937
1.5407e+09,21/10/2018,120,2.7463
1.5407e+09,21/10/2018,120,2.7524
1.5408e+09,21/10/2018,120,2.9169
1.5408e+09,21/10/2018,120,2.8581
1.5408e+09,21/10/2018,120,2.9127
1.5408e+09,21/10/2018,120,2.8028
1.5408e+09,21/10/2018,120,2.9592
1.5408e+09,21/10/2018,120,2.9295
1.5408e+09,21/10/2018,120,2.7185
1.5408e+09,21/10/2018,120,2.6238
1.5408e+09,21/10/2018,120,2.9332
1.5408e+09,21/10/2018,120,2.8591
1.5408e+09,21/10/2018,120,2.7563
1.5408e+09,21/10/2018,120,2.7587
1.5408e+09,21/10/2018,120,2.7701
1.5409e+09,21/10/2018,120,2.8688
1.5409e+09,21/10/2018,120,3.0048
1.5409e+09,21/10/2018,120,2.842
1.5409e+09,21/10/2018,120,2.7981
1.5409e+09,21/10/2018,120,2.8015
1.5409e+09,21/10/2018,120,2.983
1.5409e+09,21/10/2018,120,2.9333
1.5409e+09,21/10/2018,120,2.8546
1.5409e+09,21/10/2018,120,3.0215
1.5409e+09,21/10/2018,120,2.8707
1.5409e+09,21/10/2018,120,2.8503
1.5409e+09,21/10/2018,120,2.7557
1.541e+09,21/10/2018,120,2.9496
1.541e+09,21/10/2018,120,2.914
1.541e+09,21/10/2018,120,2.954
1.541e+09,21/10/2018,120,2.9971
1.541e+09,21/10/2018,120,2.8833
1.541e+09,21/10/2018,120,2.7363
1.541e+09,21/10/2018,120,2.8642
1.541e+09,21/10/2018,120,2.8063
1.541e+09,21/10/2018,120,3.1248
1.541e+09,21/10/2018,120,2.891
1.541e+09,21/10/2018,120,2.6812
1.541e+09,21/10/2018,120,2.8388
1.541e+09,21/10/2018,120,2.6183
1.541e+09,21/10/2018,120,2.9961
1.5411e+09,21/10/2018,120,2.8739
1.5411e+09,21/10/2018,120,2.6571
1.5411e+09,21/10/2018,120,2.7845
1.5411e+09,21/10/2018,120,2.8573
1.5411e+09,21/10/2018,120,2.8452
1.5411e+09,21/10/2018,120,2.9743
1.5411e+09,21/10/2018,120,2.8624
1.5411e+09,21/10/2018,120,2.7895
1.5411e+09,21/10/2018,120,2.8028
1.5411e+09,21/10/2018,120,2.6909
1.5411e+09,21/10/2018,120,2.7735
1.5411e+09,21/10/2018,120,2.6602
1.5412e+09,21/10/2018,120,2.7578
1.5412e+09,21/10/2018,120,2.6135
1.5412e+09,21/10/2018,120,2.9693
1.5412e+09,21/10/2018,120,2.7334
1.5412e+09,21/10/2018,120,2.6604
1.5412e+09,21/10/2018,120,2.8902
1.5412e+09,21/10/2018,120,2.9695
1.5412e+09,21/10/2018,120,2.9028
1.5412e+09,21/10/2018,120,2.7753
1.5412e+09,21/10/2018,120,2.7923
1.5412e+09,21/10/2018,120,2.954
1.5412e+09,21/10/2018,120,2.8842
1.5412e+09,21/10/2018,120,2.9676
1.5412e+09,21/10/2018,120,2.8161
1.5413e+09,21/10/2018,120,2.8069
1.5413e+09,21/10/2018,120,3.0275
1.5413e+09,21/10/2018,120,2.9368
1.5413e+09,21/10/2018,120,2.9391
1.5413e+09,21/10/2018,120,3.1152
1.5413e+09,21/10/2018,120,2.8181
1.5413e+09,21/10/2018,120,3.0087
1.5413e+09,21/10/2018,120,2.8077
1.5413e+09,21/10/2018,120,2.7379
1.5413e+09,21/10/2018,120,2.9687
1.5413e+09,21/10/2018,120,2.8463
1.5413e+09,21/10/2018,120,2.8116
1.5413e+09,21/10/2018,120,2.5466
1.5414e+09,21/10/2018,120,2.678
1.5414e+09,21/10/2018,120,2.83
1.5414e+09,21/10/2018,120,2.9227
1.5414e+09,21/10/2018,120,2.7271
1.5414e+09,21/10/2018,120,2.8665
1.5414e+09,21/10/2018,120,2.9643
1.5414e+09,21/10/2018,120,2.8742
1.5414e+09,21/10/2018,120,2.9963
1.5414e+09,21/10/2018,120,2.7919
1.5414e+09,21/10/2018,120,2.8914
1.5415e+09,21/10/2018,120,2.7105
1.5415e+09,21/10/2018,120,2.931
1.5415e+09,21/10/2018,120,2.9391
1.5415e+09,21/10/2018,120,2.8426
1.5415e+09,21/10/2018,120,2.8007
1.5415e+09,21/10/2018,120,2.7728
1.5415e+09,21/10/2018,120,2.7616
1.5415e+09,21/10/2018,120,2.8056
1.5415e+09,21/10/2018,120,2.9251
1.5415e+09,21/10/2018,120,2.7264
1.5415e+09,21/10/2018,120,2.8541
1.5415e+09,21/10/2018,120,2.9135
1.5415e+09,21/10/2018,120,2.6685
1.5416e+09,21/10/2018,120,2.8467
1.5416e+09,21/10/2018,120,2.6844
1.5416e+09,21/10/2018,120,2.672
1.5416e+09,21/10/2018,120,2.7554
1.5416e+09,21/10/2018,120,2.884
1.5416e+09,21/10/2018,120,2.7755
1.5416e+09,21/10/2018,120,2.8395
1.5416e+09,21/10/2018,120,2.7983
1.5416e+09,21/10/2018,120,2.8673
1.5416e+09,21/10/2018,120,2.9662
1.5416e+09,21/10/2018,120,2.7737
1.5416e+09,21/10/2018,120,2.9755
1.5416e+09,21/10/2018,120,2.6503
1.5417e+09,21/10/2018,120,3.0367
1.5417e+09,21/10/2018,120,2.6487
1.5418e+09,21/10/2018,120,2.7303
1.5418e+09,21/10/2018,120,2.9435
1.5418e+09,21/10/2018,120,2.8216
1.5418e+09,21/10/2018,120,2.7362
1.5418e+09,21/10/2018,120,2.9123
1.5418e+09,21/10/2018,120,2.8163
1.5418e+09,21/10/2018,120,2.7994
1.5418e+09,21/10/2018,120,2.9388
1.5418e+09,21/10/2018,120,2.7133
1.5418e+09,21/10/2018,120,2.815
1.5418e+09,21/10/2018,120,2.7541
1.5418e+09,21/10/2018,120,2.7436
1.5418e+09,21/10/2018,120,2.7837
1.5419e+09,21/10/2018,120,2.6852
1.5419e+09,21/10/2018,120,2.9062
1.5419e+09,21/10/2018,120,3.0962
1.5419e+09,21/10/2018,120,2.8055
1.5419e+09,21/10/2018,120,2.6538
1.5419e+09,21/10/2018,120,2.6731
1.5419e+09,21/10/2018,120,2.8909
1.5419e+09,21/10/2018,120,2.7009
1.5419e+09,21/10/2018,120,2.9808
1.5419e+09,21/10/2018,120,2.911
1.5419e+09,21/10/2018,120,2.9254
1.5419e+09,21/10/2018,120,2.6972
1.5419e+09,21/10/2018,120,2.6489
1.542e+09,21/10/2018,120,2.8326
1.542e+09,21/10/2018,120,2.6642
1.542e+09,21/10/2018,120,2.7835
1.542e+09,21/10/2018,120,2.9962
1.542e+09,21/10/2018,120,2.9249
1.542e+09,21/10/2018,120,2.6602
1.542e+09,21/10/2018,120,2.8625
1.542e+09,21/10/2018,120,2.8425
1.542e+09,21/10/2018,120,2.7766
1.542e+09,21/10/2018,120,2.9531
1.542e+09,21/10/2018,120,2.8459
1.542e+09,21/10/2018,120,2.7152
1.542e+09,21/10/2018,120,2.9308
1.5421e+09,21/10/2018,120,2.7379
1.5421e+09,21/10/2018,120,2.7929
1.5421e+09,21/10/2018,120,3.0397
1.5421e+09,21/10/2018,120,2.7753
1.5421e+09,21/10/2018,120,2.7665
1.5421e+09,21/10/2018,120,2.8687
1.5421e+09,21/10/2018,120,2.8707
1.5421e+09,21/10/2018,120,2.766
1.5421e+09,21/10/2018,120,2.9315
1.5421e+09,21/10/2018,120,2.8996
1.5421e+09,21/10/2018,120,2.928
1.5421e+09,21/10/2018,120,2.8645
1.5421e+09,21/10/2018,120,2.7436
1.5421e+09,21/10/2018,120,3.0214
1.5422e+09,21/10/2018,120,2.7893
1.5422e+09,21/10/2018,120,2.9331
1.5422e+09,21/10/2018,120,2.9796
1.5422e+09,21/10/2018,120,2.7451
1.5422e+09,21/10/2018,120,2.7394
1.5422e+09,21/10/2018,120,2.8443
1.5422e+09,21/10/2018,120,2.8194
1.5422e+09,21/10/2018,120,2.7843
1.5422e+09,21/10/2018,120,2.7716
1.5422e+09,21/10/2018,120,2.8493
1.5422e+09,21/10/2018,120,2.676
1.5422e+09,21/10/2018,120,3.1231
1.5422e+09,21/10/2018,120,2.8448
1.5423e+09,21/10/2018,120,2.7899
1.5423e+09,21/10/2018,120,2.8163
1.5423e+09,21/10/2018,120,2.8047
1.5423e+09,21/10/2018,120,2.825
1.5423e+09,21/10/2018,120,2.697
1.5423e+09,21/10/2018,120,2.8975
1.5423e+09,21/10/2018,120,2.9502
1.5423e+09,21/10/2018,120,2.6635
1.5423e+09,21/10/2018,120,2.8592
1.5423e+09,21/10/2018,120,2.7561
1.5423e+09,21/10/2018,120,2.8637
1.5423e+09,21/10/2018,120,2.9237
1.5423e+09,21/10/2018,120,2.7831
1.5423e+09,21/10/2018,120,2.8476
1.5424e+09,21/10/2018,120,2.8612
1.5424e+09,21/10/2018,120,3.133
1.5424e+09,21/10/2018,120,2.6894
1.5424e+09,21/10/2018,120,2.9791
1.5424e+09,21/10/2018,120,2.8632
1.5424e+09,21/10/2018,120,2.8012
1.5424e+09,21/10/2018,120,2.877
1.5424e+09,21/10/2018,120,3.1025
1.5424e+09,21/10/2018,120,2.8698
1.5424e+09,21/10/2018,120,2.5676
1.5424e+09,21/10/2018,120,2.9715
1.5424e+09,21/10/2018,120,2.9973
1.5424e+09,21/10/2018,120,2.8448
1.5424e+09,21/10/2018,120,2.6802
1.5425e+09,21/10/2018,120,2.8336
1.5425e+09,21/10/2018,120,2.6257
1.5425e+09,21/10/2018,120,2.6579
1.5425e+09,21/10/2018,120,2.8153
1.5425e+09,21/10/2018,120,2.909
1.5425e+09,21/10/2018,120,2.7984
1.5425e+09,21/10/2018,120,2.6736
1.5425e+09,21/10/2018,120,2.8119
1.5425e+09,21/10/2018,120,2.7875
1.5425e+09,21/10/2018,120,2.8129
1.5425e+09,21/10/2018,120,2.7493
1.5425e+09,21/10/2018,120,2.8509
1.5426e+09,21/10/2018,120,2.6273
1.5426e+09,21/10/2018,120,2.7482
1.5426e+09,21/10/2018,120,2.859
1.5426e+09,21/10/2018,120,2.8356
1.5426e+09,21/10/2018,120,2.9706
1.5426e+09,21/10/2018,120,2.9136
1.5426e+09,21/10/2018,120,2.7078
1.5426e+09,21/10/2018,120,2.7003
1.5426e+09,21/10/2018,120,2.6129
1.5426e+09,21/10/2018,120,2.8421
1.5426e+09,21/10/2018,120,3.0428
1.5426e+09,21/10/2018,120,2.843
1.5426e+09,21/10/2018,120,2.6588
1.5426e+09,21/10/2018,120,2.8264
1.5427e+09,21/10/2018,120,2.9843
1.5427e+09,21/10/2018,120,2.7271
1.5427e+09,21/10/2018,120,2.77
1.5427e+09,21/10/2018,120,2.9211
1.5427e+09,21/10/2018,120,2.7838
1.5427e+09,21/10/2018,120,2.9128
1.5427e+09,21/10/2018,120,2.707
1.5427e+09,21/10/2018,120,2.8151
1.5427e+09,21/10/2018,120,2.8636
1.5427e+09,21/10/2018,120,2.7368
1.5427e+09,21/10/2018,120,2.7631
1.5427e+09,21/10/2018,120,2.8467
1.5427e+09,21/10/2018,120,2.8166
1.5427e+09,21/10/2018,120,2.8906
1.5428e+09,21/10/2018,120,2.8774
1.5428e+09,21/10/2018,120,2.7703
1.5428e+09,21/10/2018,120,2.8509
1.5428e+09,21/10/2018,120,2.9125
1.5428e+09,21/10/2018,120,2.9047
1.5428e+09,21/10/2018,120,2.7797
1.5428e+09,21/10/2018,120,2.8938
1.5428e+09,21/10/2018,120,2.9476
1.5428e+09,21/10/2018,120,2.8734
1.5428e+09,21/10/2018,120,2.7923
1.5428e+09,21/10/2018,120,2.7556
1.5428e+09,21/10/2018,120,2.7646
1.5428e+09,21/10/2018,120,3.1202
1.5428e+09,21/10/2018,120,2.8713
1.5428e+09,21/10/2018,120,3.771
1.5429e+09,21/10/2018,120,2.9981
1.5429e+09,21/10/2018,120,2.6318
1.5429e+09,21/10/2018,120,2.9836
1.5429e+09,21/10/2018,120,2.6086
1.5429e+09,21/10/2018,120,2.9588
1.5429e+09,21/10/2018,120,2.9841
1.5429e+09,21/10/2018,120,2.9458
1.543e+09,21/10/2018,120,2.8462
1.543e+09,21/10/2018,120,3.0333
1.543e+09,21/10/2018,120,2.9072
1.5431e+09,21/10/2018,120,2.7253
1.5431e+09,21/10/2018,120,2.8939
1.5431e+09,21/10/2018,120,2.7704
1.5431e+09,21/10/2018,120,2.9367
1.5431e+09,21/10/2018,120,2.9807
1.5431e+09,21/10/2018,120,2.7727
1.5431e+09,21/10/2018,120,2.885
1.5431e+09,21/10/2018,120,2.9163
1.5431e+09,21/10/2018,120,3.0357
1.5431e+09,21/10/2018,120,2.9304
1.5431e+09,21/10/2018,120,2.782
1.5431e+09,21/10/2018,120,2.7631
1.5431e+09,21/10/2018,120,2.9532
1.5432e+09,21/10/2018,120,2.7345
1.5432e+09,21/10/2018,120,2.9538
1.5432e+09,21/10/2018,120,2.8907
1.5432e+09,21/10/2018,120,2.8829
1.5432e+09,21/10/2018,120,2.9644
1.5432e+09,21/10/2018,120,2.8456
1.5432e+09,21/10/2018,120,3.009
1.5432e+09,21/10/2018,120,2.9649
1.5432e+09,21/10/2018,120,2.6818
1.5432e+09,21/10/2018,120,2.8263
1.5432e+09,21/10/2018,120,2.9278
1.5432e+09,21/10/2018,120,2.8679
1.5432e+09,21/10/2018,120,2.834
1.5433e+09,21/10/2018,120,2.7532
1.5433e+09,21/10/2018,120,2.8344
1.5433e+09,21/10/2018,120,2.9265
1.5433e+09,21/10/2018,120,2.8232
1.5433e+09,21/10/2018,120,2.8067
1.5433e+09,21/10/2018,120,2.844
1.5433e+09,21/10/2018,120,2.8976
1.5433e+09,21/10/2018,120,2.8879
1.5433e+09,21/10/2018,120,2.9266
1.5433e+09,21/10/2018,120,2.9825
1.5433e+09,21/10/2018,120,2.7035
1.5433e+09,21/10/2018,120,3.0401
1.5433e+09,21/10/2018,120,2.8864
1.5434e+09,21/10/2018,120,2.8844
1.5434e+09,21/10/2018,120,2.7686
1.5434e+09,21/10/2018,120,2.8405
1.5434e+09,21/10/2018,120,2.9341
1.5434e+09,21/10/2018,120,2.8957
1.5434e+09,21/10/2018,120,2.9385
1.5434e+09,21/10/2018,120,2.8974
1.5434e+09,21/10/2018,120,3.0006
1.5434e+09,21/10/2018,120,2.7445
1.5434e+09,21/10/2018,120,2.7321
1.5434e+09,21/10/2018,120,2.8074
1.5434e+09,21/10/2018,120,2.9562
1.5435e+09,21/10/2018,120,2.8993
1.5435e+09,21/10/2018,120,2.9208
1.5435e+09,21/10/2018,120,2.954
1.5435e+09,21/10/2018,120,2.7957
1.5435e+09,21/10/2018,120,2.8957
1.5435e+09,21/10/2018,120,2.8988
1.5435e+09,21/10/2018,120,3.0792
1.5435e+09,21/10/2018,120,3.0509
1.5435e+09,21/10/2018,120,2.7168
1.5435e+09,21/10/2018,120,3.1178
1.5435e+09,21/10/2018,120,3.0743
1.5435e+09,21/10/2018,120,2.8025
1.5435e+09,21/10/2018,120,2.8639
1.5435e+09,21/10/2018,120,2.7876
1.5436e+09,21/10/2018,120,2.7084
1.5436e+09,21/10/2018,120,2.8491
1.5436e+09,21/10/2018,120,2.6437
1.5436e+09,21/10/2018,120,2.8926
1.5436e+09,21/10/2018,120,2.9193
1.5436e+09,21/10/2018,120,2.8818
1.5436e+09,21/10/2018,120,2.7718
1.5436e+09,21/10/2018,120,2.8821
1.5436e+09,21/10/2018,120,2.983
1.5436e+09,21/10/2018,120,2.8288
1.5436e+09,21/10/2018,120,2.9767
1.5436e+09,21/10/2018,120,2.6556
1.5436e+09,21/10/2018,120,3.0392
1.5436e+09,21/10/2018,120,2.9218
1.5437e+09,21/10/2018,120,2.8793
1.5437e+09,21/10/2018,120,2.8199
1.5437e+09,21/10/2018,120,2.7244
1.5437e+09,21/10/2018,120,2.8469
1.5437e+09,21/10/2018,120,2.8023
1.5437e+09,21/10/2018,120,2.8346
1.5437e+09,21/10/2018,120,2.9288
1.5437e+09,21/10/2018,120,2.6807
1.5437e+09,21/10/2018,120,2.8296
1.5437e+09,21/10/2018,120,2.8075
1.5437e+09,21/10/2018,120,2.9898
1.5437e+09,21/10/2018,120,2.9034
1.5438e+09,21/10/2018,120,2.8008
1.5438e+09,21/10/2018,120,2.8162
1.5438e+09,21/10/2018,120,2.8393
1.5438e+09,21/10/2018,120,3.0067
1.5438e+09,21/10/2018,120,2.854
1.5438e+09,21/10/2018,120,2.938
1.5438e+09,21/10/2018,120,2.9327
1.5438e+09,21/10/2018,120,2.8001
1.5438e+09,21/10/2018,120,3.0316
1.5438e+09,21/10/2018,120,2.8869
1.5438e+09,21/10/2018,120,2.9498
1.5438e+09,21/10/2018,120,2.8782
1.5438e+09,21/10/2018,120,2.8265
1.5438e+09,21/10/2018,120,2.7475
1.5439e+09,21/10/2018,120,2.7037
1.5439e+09,21/10/2018,120,2.8473
1.544e+09,21/10/2018,120,2.7757
1.544e+09,21/10/2018,120,2.9753
1.544e+09,21/10/2018,120,2.9803
1.544e+09,21/10/2018,120,2.7433
1.544e+09,21/10/2018,120,2.8875
1.544e+09,21/10/2018,120,2.9402
1.544e+09,21/10/2018,120,2.7745
1.544e+09,21/10/2018,120,2.9876
1.544e+09,21/10/2018,120,2.8868
1.544e+09,21/10/2018,120,2.889
1.5441e+09,21/10/2018,120,2.8941
1.5441e+09,21/10/2018,120,2.9167
1.5441e+09,21/10/2018,120,2.8575
1.5441e+09,21/10/2018,120,3.0285
1.5441e+09,21/10/2018,120,2.8724
1.5441e+09,21/10/2018,120,2.7331
1.5441e+09,21/10/2018,120,2.7416
1.5441e+09,21/10/2018,120,2.7174
1.5441e+09,21/10/2018,120,2.8279
1.5441e+09,21/10/2018,120,2.9013
1.5441e+09,21/10/2018,120,2.6461
1.5441e+09,21/10/2018,120,2.6982
1.5442e+09,21/10/2018,120,2.9472
1.5442e+09,21/10/2018,120,2.5315
1.5442e+09,21/10/2018,120,2.7474
1.5442e+09,21/10/2018,120,2.9579
1.5442e+09,21/10/2018,120,2.841
1.5442e+09,21/10/2018,120,2.6541
1.5442e+09,21/10/2018,120,2.8418
1.5442e+09,21/10/2018,120,2.7782
1.5442e+09,21/10/2018,120,2.7838
1.5442e+09,21/10/2018,120,2.906
1.5442e+09,21/10/2018,120,2.8598
1.5442e+09,21/10/2018,120,2.9905
1.5442e+09,21/10/2018,120,2.9339
1.5442e+09,21/10/2018,120,2.8168
1.5443e+09,21/10/2018,120,2.8501
1.5443e+09,21/10/2018,120,2.7344
1.5443e+09,21/10/2018,120,2.7589
1.5443e+09,21/10/2018,120,2.4582
1.5443e+09,21/10/2018,120,2.7677
1.5443e+09,21/10/2018,120,2.8849
1.5443e+09,21/10/2018,120,2.9413
1.5443e+09,21/10/2018,120,2.8004
1.5443e+09,21/10/2018,120,2.8305
1.5443e+09,21/10/2018,120,2.8428
1.5443e+09,21/10/2018,120,2.9481
1.5443e+09,21/10/2018,120,2.9395
1.5443e+09,21/10/2018,120,2.7838
1.5444e+09,21/10/2018,120,2.7981
1.5444e+09,21/10/2018,120,2.9457
1.5444e+09,21/10/2018,120,2.9957
1.5444e+09,21/10/2018,120,2.8036
1.5444e+09,21/10/2018,120,2.8906
1.5444e+09,21/10/2018,120,2.8684
1.5444e+09,21/10/2018,120,2.7591
1.5444e+09,21/10/2018,120,2.8966
1.5444e+09,21/10/2018,120,2.7111
1.5444e+09,21/10/2018,120,2.9035
1.5444e+09,21/10/2018,120,2.8629
1.5444e+09,21/10/2018,120,2.6992
1.5444e+09,21/10/2018,120,2.7105
1.5444e+09,21/10/2018,120,2.909
1.5445e+09,21/10/2018,120,2.9725
1.5445e+09,21/10/2018,120,2.8753
1.5445e+09,21/10/2018,120,2.9362
1.5445e+09,21/10/2018,120,3.0304
1.5445e+09,21/10/2018,120,2.8463
1.5445e+09,21/10/2018,120,2.7914
1.5445e+09,21/10/2018,120,2.8357
1.5445e+09,21/10/2018,120,2.7632
1.5445e+09,21/10/2018,120,2.8722
1.5445e+09,21/10/2018,120,2.9517
1.5445e+09,21/10/2018,120,2.7729
1.5445e+09,21/10/2018,120,2.8786
1.5446e+09,21/10/2018,120,2.8587
1.5446e+09,21/10/2018,120,2.7903
1.5446e+09,21/10/2018,120,2.9418
1.5446e+09,21/10/2018,120,2.7306
1.5446e+09,21/10/2018,120,2.843
1.5446e+09,21/10/2018,120,2.9663
1.5446e+09,21/10/2018,120,2.9463
1.5446e+09,21/10/2018,120,2.8709
1.5446e+09,21/10/2018,120,2.8807
1.5446e+09,21/10/2018,120,3.0425
1.5446e+09,21/10/2018,120,2.797
1.5446e+09,21/10/2018,120,2.8176
1.5447e+09,21/10/2018,120,2.8704
1.5447e+09,21/10/2018,120,2.8228
1.5447e+09,21/10/2018,120,2.9156
1.5447e+09,21/10/2018,120,2.7253
1.5447e+09,21/10/2018,120,3.0662
1.5447e+09,21/10/2018,120,2.9248
1.5447e+09,21/10/2018,120,2.9064
1.5447e+09,21/10/2018,120,2.8636
1.5447e+09,21/10/2018,120,2.808
1.5447e+09,21/10/2018,120,2.6489
1.5447e+09,21/10/2018,120,4.3095
1.5447e+09,21/10/2018,120,2.9104
1.5447e+09,21/10/2018,120,2.8341
1.5447e+09,21/10/2018,120,2.8132
1.5447e+09,21/10/2018,120,2.8606
1.5448e+09,21/10/2018,120,2.9132
1.5448e+09,21/10/2018,120,2.7964
1.5448e+09,21/10/2018,120,2.8128
1.5448e+09,21/10/2018,120,2.9145
1.5448e+09,21/10/2018,120,2.8092
1.5448e+09,21/10/2018,120,2.9234
1.5448e+09,21/10/2018,120,2.6806
1.5448e+09,21/10/2018,120,2.9446
1.5448e+09,21/10/2018,120,2.9196
1.5448e+09,21/10/2018,120,2.84
1.5448e+09,21/10/2018,120,2.9476
1.5448e+09,21/10/2018,120,2.7273
1.5448e+09,21/10/2018,120,3.0353
1.5448e+09,21/10/2018,120,2.72
1.5449e+09,21/10/2018,120,2.7838
1.5449e+09,21/10/2018,120,3.0815
1.5449e+09,21/10/2018,120,2.715
1.5449e+09,21/10/2018,120,2.8912
1.5449e+09,21/10/2018,120,2.8879
1.5449e+09,21/10/2018,120,2.738
1.5449e+09,21/10/2018,120,2.7475
1.5449e+09,21/10/2018,120,2.8872
1.5449e+09,21/10/2018,120,2.9052
1.5449e+09,21/10/2018,120,2.9744
1.5449e+09,21/10/2018,120,2.8604
1.5449e+09,21/10/2018,120,2.9556
1.545e+09,21/10/2018,120,2.6337
1.545e+09,21/10/2018,120,2.8542
1.545e+09,21/10/2018,120,2.9704
1.545e+09,21/10/2018,120,2.9535
1.545e+09,21/10/2018,120,2.8621
1.545e+09,21/10/2018,120,2.8893
1.545e+09,21/10/2018,120,2.8146
1.545e+09,21/10/2018,120,2.9979
1.545e+09,21/10/2018,120,2.9266
1.545e+09,21/10/2018,120,2.94
1.545e+09,21/10/2018,120,2.9798
1.545e+09,21/10/2018,120,2.844
1.545e+09,21/10/2018,120,2.8166
1.545e+09,21/10/2018,120,2.9344
1.5451e+09,21/10/2018,120,2.9935
1.5451e+09,21/10/2018,120,2.6028
1.5451e+09,21/10/2018,120,2.9271
1.5451e+09,21/10/2018,120,2.9128
1.5451e+09,21/10/2018,120,2.8645
1.5451e+09,21/10/2018,120,2.8523
1.5451e+09,21/10/2018,120,2.7858
1.5451e+09,21/10/2018,120,2.8093
1.5451e+09,21/10/2018,120,2.7184
1.5451e+09,21/10/2018,120,3.1554
1.5451e+09,21/10/2018,120,2.8638
1.5451e+09,21/10/2018,120,2.9127
1.5451e+09,21/10/2018,120,2.9742
1.5453e+09,21/10/2018,120,3.1113
1.5453e+09,21/10/2018,120,2.9476
1.5453e+09,21/10/2018,120,3.0811
