Type,Energy,Counts
MPFIT,1.5e+05,8.56469033e-13
MPFIT,1.50647098e+05,9.31689086e-13
MPFIT,1.51294196e+05,1.01339581e-12
MPFIT,1.51941294e+05,1.10213794e-12
MPFIT,1.52588392e+05,1.1985097e-12
MPFIT,1.5323549e+05,1.30315449e-12
MPFIT,1.53882588e+05,1.41676889e-12
MPFIT,1.54529686e+05,1.54010691e-12
MPFIT,1.55176785e+05,1.67398468e-12
MPFIT,1.55823883e+05,1.81928543e-12
MPFIT,1.56470981e+05,1.9769649e-12
MPFIT,1.57118079e+05,2.14805712e-12
MPFIT,1.57765177e+05,2.33368076e-12
MPFIT,1.58412275e+05,2.53504586e-12
MPFIT,1.59059373e+05,2.7534611e-12
MPFIT,1.59706471e+05,2.99034174e-12
MPFIT,1.60353569e+05,3.24721806e-12
MPFIT,1.61000667e+05,3.5257445e-12
MPFIT,1.61647765e+05,3.82770952e-12
MPFIT,1.62294863e+05,4.15504623e-12
MPFIT,1.62941961e+05,4.50984381e-12
MPFIT,1.63589059e+05,4.89435982e-12
MPFIT,1.64236157e+05,5.31103349e-12
MPFIT,1.64883256e+05,5.7625e-12
MPFIT,1.65530354e+05,6.25160585e-12
MPFIT,1.66177452e+05,6.78142545e-12
MPFIT,1.6682455e+05,7.35527895e-12
MPFIT,1.67471648e+05,7.97675138e-12
MPFIT,1.68118746e+05,8.64971338e-12
MPFIT,1.68765844e+05,9.37834338e-12
MPFIT,1.69412942e+05,1.01671515e-11
MPFIT,1.7006004e+05,1.10210054e-11
MPFIT,1.70707138e+05,1.19451576e-11
MPFIT,1.71354236e+05,1.29452758e-11
MPFIT,1.72001334e+05,1.40274744e-11
MPFIT,1.72648432e+05,1.5198349e-11
MPFIT,1.7329553e+05,1.64650135e-11
MPFIT,1.73942628e+05,1.78351401e-11
MPFIT,1.74589726e+05,1.93170014e-11
MPFIT,1.75236825e+05,2.09195168e-11
MPFIT,1.75883923e+05,2.26523019e-11
MPFIT,1.76531021e+05,2.4525721e-11
MPFIT,1.77178119e+05,2.65509448e-11
MPFIT,1.77825217e+05,2.87400109e-11
MPFIT,1.78472315e+05,3.11058898e-11
MPFIT,1.79119413e+05,3.36625555e-11
MPFIT,1.79766511e+05,3.6425061e-11
MPFIT,1.80413609e+05,3.94096199e-11
MPFIT,1.81060707e+05,4.26336933e-11
MPFIT,1.81707805e+05,4.61160839e-11
MPFIT,1.82354903e+05,4.98770359e-11
MPFIT,1.83002001e+05,5.39383435e-11
MPFIT,1.83649099e+05,5.8323466e-11
MPFIT,1.84296197e+05,6.30576525e-11
MPFIT,1.84943296e+05,6.81680741e-11
MPFIT,1.85590394e+05,7.36839676e-11
MPFIT,1.86237492e+05,7.96367877e-11
MPFIT,1.8688459e+05,8.60603716e-11
MPFIT,1.87531688e+05,9.29911146e-11
MPFIT,1.88178786e+05,1.00468158e-10
MPFIT,1.88825884e+05,1.08533593e-10
MPFIT,1.89472982e+05,1.17232675e-10
MPFIT,1.9012008e+05,1.26614056e-10
MPFIT,1.90767178e+05,1.36730033e-10
MPFIT,1.91414276e+05,1.47636816e-10
MPFIT,1.92061374e+05,1.59394809e-10
MPFIT,1.92708472e+05,1.72068919e-10
MPFIT,1.9335557e+05,1.8572888e-10
MPFIT,1.94002668e+05,2.00449603e-10
MPFIT,1.94649767e+05,2.16311552e-10
MPFIT,1.95296865e+05,2.33401143e-10
MPFIT,1.95943963e+05,2.51811174e-10
MPFIT,1.96591061e+05,2.7164128e-10
MPFIT,1.97238159e+05,2.92998429e-10
MPFIT,1.97885257e+05,3.15997443e-10
MPFIT,1.98532355e+05,3.40761559e-10
MPFIT,1.99179453e+05,3.67423033e-10
MPFIT,1.99826551e+05,3.96123777e-10
MPFIT,2.00473649e+05,4.27016049e-10
MPFIT,2.01120747e+05,4.60263182e-10
MPFIT,2.01767845e+05,4.96040375e-10
MPFIT,2.02414943e+05,5.34535521e-10
MPFIT,2.03062041e+05,5.75950111e-10
MPFIT,2.03709139e+05,6.20500185e-10
MPFIT,2.04356237e+05,6.68417353e-10
MPFIT,2.05003336e+05,7.1994989e-10
MPFIT,2.05650434e+05,7.75363898e-10
MPFIT,2.06297532e+05,8.34944551e-10
MPFIT,2.0694463e+05,8.98997421e-10
MPFIT,2.07591728e+05,9.678499e-10
MPFIT,2.08238826e+05,1.04185271e-09
MPFIT,2.08885924e+05,1.12138152e-09
MPFIT,2.09533022e+05,1.20683866e-09
MPFIT,2.1018012e+05,1.29865499e-09
MPFIT,2.10827218e+05,1.39729181e-09
MPFIT,2.11474316e+05,1.50324301e-09
MPFIT,2.12121414e+05,1.61703725e-09
MPFIT,2.12768512e+05,1.73924037e-09
MPFIT,2.1341561e+05,1.87045793e-09
MPFIT,2.14062708e+05,2.01133788e-09
MPFIT,2.14709807e+05,2.16257349e-09
MPFIT,2.15356905e+05,2.32490637e-09
MPFIT,2.16004003e+05,2.49912981e-09
MPFIT,2.16651101e+05,2.68609218e-09
MPFIT,2.17298199e+05,2.88670075e-09
MPFIT,2.17945297e+05,3.10192554e-09
MPFIT,2.18592395e+05,3.33280362e-09
MPFIT,2.19239493e+05,3.58044357e-09
MPFIT,2.19886591e+05,3.84603024e-09
MPFIT,2.20533689e+05,4.13082986e-09
MPFIT,2.21180787e+05,4.43619547e-09
MPFIT,2.21827885e+05,4.76357265e-09
MPFIT,2.22474983e+05,5.11450567e-09
MPFIT,2.23122081e+05,5.49064403e-09
MPFIT,2.23769179e+05,5.89374938e-09
MPFIT,2.24416278e+05,6.32570294e-09
MPFIT,2.25063376e+05,6.78851332e-09
MPFIT,2.25710474e+05,7.2843249e-09
MPFIT,2.26357572e+05,7.81542671e-09
MPFIT,2.2700467e+05,8.38426185e-09
MPFIT,2.27651768e+05,8.99343758e-09
MPFIT,2.28298866e+05,9.64573594e-09
MPFIT,2.28945964e+05,1.03441251e-08
MPFIT,2.29593062e+05,1.10917715e-08
MPFIT,2.3024016e+05,1.18920524e-08
MPFIT,2.30887258e+05,1.27485699e-08
MPFIT,2.31534356e+05,1.36651649e-08
MPFIT,2.32181454e+05,1.46459327e-08
MPFIT,2.32828552e+05,1.56952394e-08
MPFIT,2.3347565e+05,1.68177391e-08
MPFIT,2.34122748e+05,1.80183918e-08
MPFIT,2.34769847e+05,1.93024837e-08
MPFIT,2.35416945e+05,2.06756474e-08
MPFIT,2.36064043e+05,2.21438836e-08
MPFIT,2.36711141e+05,2.37135851e-08
MPFIT,2.37358239e+05,2.53915607e-08
MPFIT,2.38005337e+05,2.7185062e-08
MPFIT,2.38652435e+05,2.91018107e-08
MPFIT,2.39299533e+05,3.11500284e-08
MPFIT,2.39946631e+05,3.33384678e-08
MPFIT,2.40593729e+05,3.56764455e-08
MPFIT,2.41240827e+05,3.81738772e-08
MPFIT,2.41887925e+05,4.08413151e-08
MPFIT,2.42535023e+05,4.36899872e-08
MPFIT,2.43182121e+05,4.67318387e-08
MPFIT,2.43829219e+05,4.99795766e-08
MPFIT,2.44476318e+05,5.34467165e-08
MPFIT,2.45123416e+05,5.71476319e-08
MPFIT,2.45770514e+05,6.10976069e-08
MPFIT,2.46417612e+05,6.53128919e-08
MPFIT,2.4706471e+05,6.98107623e-08
MPFIT,2.47711808e+05,7.46095807e-08
MPFIT,2.48358906e+05,7.97288631e-08
MPFIT,2.49006004e+05,8.51893482e-08
MPFIT,2.49653102e+05,9.10130716e-08
MPFIT,2.503002e+05,9.72234439e-08
MPFIT,2.50947298e+05,1.03845333e-07
MPFIT,2.51594396e+05,1.10905151e-07
MPFIT,2.52241494e+05,1.18430947e-07
MPFIT,2.52888592e+05,1.26452507e-07
MPFIT,2.5353569e+05,1.3500145e-07
MPFIT,2.54182789e+05,1.44111347e-07
MPFIT,2.54829887e+05,1.53817828e-07
MPFIT,2.55476985e+05,1.64158707e-07
MPFIT,2.56124083e+05,1.75174112e-07
MPFIT,2.56771181e+05,1.86906618e-07
MPFIT,2.57418279e+05,1.99401392e-07
MPFIT,2.58065377e+05,2.12706345e-07
MPFIT,2.58712475e+05,2.26872291e-07
MPFIT,2.59359573e+05,2.41953117e-07
MPFIT,2.60006671e+05,2.5800596e-07
MPFIT,2.60653769e+05,2.75091396e-07
MPFIT,2.61300867e+05,2.9327364e-07
MPFIT,2.61947965e+05,3.12620752e-07
MPFIT,2.62595063e+05,3.33204862e-07
MPFIT,2.63242161e+05,3.55102401e-07
MPFIT,2.6388926e+05,3.78394348e-07
MPFIT,2.64536358e+05,4.03166487e-07
MPFIT,2.65183456e+05,4.29509685e-07
MPFIT,2.65830554e+05,4.57520176e-07
MPFIT,2.66477652e+05,4.87299867e-07
MPFIT,2.6712475e+05,5.18956657e-07
MPFIT,2.67771848e+05,5.52604776e-07
MPFIT,2.68418946e+05,5.8836514e-07
MPFIT,2.69066044e+05,6.26365725e-07
MPFIT,2.69713142e+05,6.66741963e-07
MPFIT,2.7036024e+05,7.09637155e-07
MPFIT,2.71007338e+05,7.55202911e-07
MPFIT,2.71654436e+05,8.03599609e-07
MPFIT,2.72301534e+05,8.54996883e-07
MPFIT,2.72948632e+05,9.09574127e-07
MPFIT,2.7359573e+05,9.67521039e-07
MPFIT,2.74242829e+05,1.02903818e-06
MPFIT,2.74889927e+05,1.09433758e-06
MPFIT,2.75537025e+05,1.16364335e-06
MPFIT,2.76184123e+05,1.23719233e-06
MPFIT,2.76831221e+05,1.31523483e-06
MPFIT,2.77478319e+05,1.3980353e-06
MPFIT,2.78125417e+05,1.48587311e-06
MPFIT,2.78772515e+05,1.57904338e-06
MPFIT,2.79419613e+05,1.67785781e-06
MPFIT,2.80066711e+05,1.78264555e-06
MPFIT,2.80713809e+05,1.89375414e-06
MPFIT,2.81360907e+05,2.01155052e-06
MPFIT,2.82008005e+05,2.13642203e-06
MPFIT,2.82655103e+05,2.26877747e-06
MPFIT,2.83302201e+05,2.40904831e-06
MPFIT,2.839493e+05,2.55768978e-06
MPFIT,2.84596398e+05,2.71518221e-06
MPFIT,2.85243496e+05,2.8820323e-06
MPFIT,2.85890594e+05,3.0587745e-06
MPFIT,2.86537692e+05,3.24597246e-06
MPFIT,2.8718479e+05,3.44422054e-06
MPFIT,2.87831888e+05,3.65414543e-06
MPFIT,2.88478986e+05,3.87640776e-06
MPFIT,2.89126084e+05,4.11170392e-06
MPFIT,2.89773182e+05,4.36076784e-06
MPFIT,2.9042028e+05,4.62437293e-06
MPFIT,2.91067378e+05,4.90333412e-06
MPFIT,2.91714476e+05,5.19850992e-06
MPFIT,2.92361574e+05,5.51080469e-06
MPFIT,2.93008672e+05,5.84117091e-06
MPFIT,2.93655771e+05,6.19061165e-06
MPFIT,2.94302869e+05,6.56018309e-06
MPFIT,2.94949967e+05,6.95099718e-06
MPFIT,2.95597065e+05,7.36422446e-06
MPFIT,2.96244163e+05,7.80109693e-06
MPFIT,2.96891261e+05,8.26291117e-06
MPFIT,2.97538359e+05,8.75103148e-06
MPFIT,2.98185457e+05,9.26689326e-06
MPFIT,2.98832555e+05,9.81200651e-06
MPFIT,2.99479653e+05,1.0387959e-05
MPFIT,3.00126751e+05,1.0996423e-05
MPFIT,3.00773849e+05,1.1639152e-05
MPFIT,3.01420947e+05,1.2317995e-05
MPFIT,3.02068045e+05,1.3034892e-05
MPFIT,3.02715143e+05,1.3791885e-05
MPFIT,3.03362241e+05,1.4591118e-05
MPFIT,3.0400934e+05,1.5434844e-05
MPFIT,3.04656438e+05,1.6325432e-05
MPFIT,3.05303536e+05,1.726537e-05
MPFIT,3.05950634e+05,1.825727e-05
MPFIT,3.06597732e+05,1.9303876e-05
MPFIT,3.0724483e+05,2.0408072e-05
MPFIT,3.07891928e+05,2.1572883e-05
MPFIT,3.08539026e+05,2.2801485e-05
MPFIT,3.09186124e+05,2.4097214e-05
MPFIT,3.09833222e+05,2.5463571e-05
MPFIT,3.1048032e+05,2.6904227e-05
MPFIT,3.11127418e+05,2.8423037e-05
MPFIT,3.11774516e+05,3.0024045e-05
MPFIT,3.12421614e+05,3.1711491e-05
MPFIT,3.13068712e+05,3.3489826e-05
MPFIT,3.13715811e+05,3.5363714e-05
MPFIT,3.14362909e+05,3.7338046e-05
MPFIT,3.15010007e+05,3.9417953e-05
MPFIT,3.15657105e+05,4.1608811e-05
MPFIT,3.16304203e+05,4.3916254e-05
MPFIT,3.16951301e+05,4.6346189e-05
MPFIT,3.17598399e+05,4.8904803e-05
MPFIT,3.18245497e+05,5.1598581e-05
MPFIT,3.18892595e+05,5.4434314e-05
MPFIT,3.19539693e+05,5.7419116e-05
MPFIT,3.20186791e+05,6.0560437e-05
MPFIT,3.20833889e+05,6.3866079e-05
MPFIT,3.21480987e+05,6.7344209e-05
MPFIT,3.22128085e+05,7.1003379e-05
MPFIT,3.22775183e+05,7.4852537e-05
MPFIT,3.23422282e+05,7.8901051e-05
MPFIT,3.2406938e+05,8.3158721e-05
MPFIT,3.24716478e+05,8.7635803e-05
MPFIT,3.25363576e+05,9.2343024e-05
MPFIT,3.26010674e+05,9.7291604e-05
MPFIT,3.26657772e+05,0.00010249328
MPFIT,3.2730487e+05,0.00010796032
MPFIT,3.27951968e+05,0.00011370556
MPFIT,3.28599066e+05,0.00011974241
MPFIT,3.29246164e+05,0.00012608488
MPFIT,3.29893262e+05,0.00013274764
MPFIT,3.3054036e+05,0.00013974599
MPFIT,3.31187458e+05,0.00014709592
MPFIT,3.31834556e+05,0.00015481416
MPFIT,3.32481654e+05,0.00016291815
MPFIT,3.33128753e+05,0.00017142613
MPFIT,3.33775851e+05,0.00018035714
MPFIT,3.34422949e+05,0.00018973104
MPFIT,3.35070047e+05,0.00019956859
MPFIT,3.35717145e+05,0.00020989145
MPFIT,3.36364243e+05,0.00022072222
MPFIT,3.37011341e+05,0.0002320845
MPFIT,3.37658439e+05,0.00024400288
MPFIT,3.38305537e+05,0.00025650304
MPFIT,3.38952635e+05,0.00026961177
MPFIT,3.39599733e+05,0.00028335698
MPFIT,3.40246831e+05,0.00029776781
MPFIT,3.40893929e+05,0.00031287461
MPFIT,3.41541027e+05,0.00032870905
MPFIT,3.42188125e+05,0.0003453041
MPFIT,3.42835223e+05,0.00036269417
MPFIT,3.43482322e+05,0.00038091508
MPFIT,3.4412942e+05,0.00040000416
MPFIT,3.44776518e+05,0.00042000031
MPFIT,3.45423616e+05,0.00044094402
MPFIT,3.46070714e+05,0.00046287748
MPFIT,3.46717812e+05,0.00048584463
MPFIT,3.4736491e+05,0.0005098912
MPFIT,3.48012008e+05,0.00053506479
MPFIT,3.48659106e+05,0.00056141496
MPFIT,3.49306204e+05,0.00058899329
MPFIT,3.49953302e+05,0.00061785343
MPFIT,3.506004e+05,0.00064805121
MPFIT,3.51247498e+05,0.00067964472
MPFIT,3.51894596e+05,0.00071269436
MPFIT,3.52541694e+05,0.00074726294
MPFIT,3.53188793e+05,0.0007834158
MPFIT,3.53835891e+05,0.00082122083
MPFIT,3.54482989e+05,0.00086074863
MPFIT,3.55130087e+05,0.00090207256
MPFIT,3.55777185e+05,0.00094526888
MPFIT,3.56424283e+05,0.00099041681
MPFIT,3.57071381e+05,0.0010375986
MPFIT,3.57718479e+05,0.0010868999
MPFIT,3.58365577e+05,0.0011384093
MPFIT,3.59012675e+05,0.0011922191
MPFIT,3.59659773e+05,0.0012484251
MPFIT,3.60306871e+05,0.0013071266
MPFIT,3.60953969e+05,0.0013684268
MPFIT,3.61601067e+05,0.0014324327
MPFIT,3.62248165e+05,0.0014992554
MPFIT,3.62895264e+05,0.0015690103
MPFIT,3.63542362e+05,0.0016418169
MPFIT,3.6418946e+05,0.0017177992
MPFIT,3.64836558e+05,0.0017970858
MPFIT,3.65483656e+05,0.0018798101
MPFIT,3.66130754e+05,0.0019661105
MPFIT,3.66777852e+05,0.0020561301
MPFIT,3.6742495e+05,0.0021500177
MPFIT,3.68072048e+05,0.002247927
MPFIT,3.68719146e+05,0.0023500178
MPFIT,3.69366244e+05,0.0024564552
MPFIT,3.70013342e+05,0.0025674103
MPFIT,3.7066044e+05,0.0026830606
MPFIT,3.71307538e+05,0.0028035895
MPFIT,3.71954636e+05,0.0029291872
MPFIT,3.72601734e+05,0.0030600504
MPFIT,3.73248833e+05,0.0031963828
MPFIT,3.73895931e+05,0.0033383952
MPFIT,3.74543029e+05,0.0034863056
MPFIT,3.75190127e+05,0.0036403398
MPFIT,3.75837225e+05,0.003800731
MPFIT,3.76484323e+05,0.0039677208
MPFIT,3.77131421e+05,0.0041415588
MPFIT,3.77778519e+05,0.004322503
MPFIT,3.78425617e+05,0.0045108203
MPFIT,3.79072715e+05,0.0047067866
MPFIT,3.79719813e+05,0.0049106868
MPFIT,3.80366911e+05,0.0051228156
MPFIT,3.81014009e+05,0.0053434771
MPFIT,3.81661107e+05,0.0055729859
MPFIT,3.82308205e+05,0.0058116665
MPFIT,3.82955304e+05,0.0060598543
MPFIT,3.83602402e+05,0.0063178953
MPFIT,3.842495e+05,0.0065861471
MPFIT,3.84896598e+05,0.0068649784
MPFIT,3.85543696e+05,0.00715477
MPFIT,3.86190794e+05,0.0074559148
MPFIT,3.86837892e+05,0.0077688179
MPFIT,3.8748499e+05,0.0080938976
MPFIT,3.88132088e+05,0.0084315849
MPFIT,3.88779186e+05,0.0087823246
MPFIT,3.89426284e+05,0.0091465751
MPFIT,3.90073382e+05,0.009524809
MPFIT,3.9072048e+05,0.0099175135
MPFIT,3.91367578e+05,0.010325191
MPFIT,3.92014676e+05,0.010748358
MPFIT,3.92661775e+05,0.011187547
MPFIT,3.93308873e+05,0.011643309
MPFIT,3.93955971e+05,0.012116208
MPFIT,3.94603069e+05,0.012606826
MPFIT,3.95250167e+05,0.013115762
MPFIT,3.95897265e+05,0.013643635
MPFIT,3.96544363e+05,0.014191078
MPFIT,3.97191461e+05,0.014758745
MPFIT,3.97838559e+05,0.015347309
MPFIT,3.98485657e+05,0.015957461
MPFIT,3.99132755e+05,0.016589912
MPFIT,3.99779853e+05,0.017245395
MPFIT,4.00426951e+05,0.017924662
MPFIT,4.01074049e+05,0.018628485
MPFIT,4.01721147e+05,0.019357659
MPFIT,4.02368245e+05,0.020113003
MPFIT,4.03015344e+05,0.020895354
MPFIT,4.03662442e+05,0.021705576
MPFIT,4.0430954e+05,0.022544554
MPFIT,4.04956638e+05,0.023413197
MPFIT,4.05603736e+05,0.02431244
MPFIT,4.06250834e+05,0.025243242
MPFIT,4.06897932e+05,0.026206588
MPFIT,4.0754503e+05,0.027203486
MPFIT,4.08192128e+05,0.028234975
MPFIT,4.08839226e+05,0.029302117
MPFIT,4.09486324e+05,0.030406004
MPFIT,4.10133422e+05,0.031547754
MPFIT,4.1078052e+05,0.032728515
MPFIT,4.11427618e+05,0.033949463
MPFIT,4.12074716e+05,0.035211803
MPFIT,4.12721815e+05,0.036516771
MPFIT,4.13368913e+05,0.037865634
MPFIT,4.14016011e+05,0.039259689
MPFIT,4.14663109e+05,0.040700263
MPFIT,4.15310207e+05,0.042188719
MPFIT,4.15957305e+05,0.043726449
MPFIT,4.16604403e+05,0.04531488
MPFIT,4.17251501e+05,0.046955473
MPFIT,4.17898599e+05,0.04864972
MPFIT,4.18545697e+05,0.050399152
MPFIT,4.19192795e+05,0.052205333
MPFIT,4.19839893e+05,0.054069861
MPFIT,4.20486991e+05,0.055994374
MPFIT,4.21134089e+05,0.057980544
MPFIT,4.21781187e+05,0.060030082
MPFIT,4.22428286e+05,0.062144734
MPFIT,4.23075384e+05,0.064326287
MPFIT,4.23722482e+05,0.066576566
MPFIT,4.2436958e+05,0.068897434
MPFIT,4.25016678e+05,0.071290794
MPFIT,4.25663776e+05,0.073758592
MPFIT,4.26310874e+05,0.07630281
MPFIT,4.26957972e+05,0.078925474
MPFIT,4.2760507e+05,0.08162865
MPFIT,4.28252168e+05,0.084414449
MPFIT,4.28899266e+05,0.087285019
MPFIT,4.29546364e+05,0.090242556
MPFIT,4.30193462e+05,0.093289297
MPFIT,4.3084056e+05,0.096427521
MPFIT,4.31487658e+05,0.099659553
MPFIT,4.32134757e+05,0.10298776
MPFIT,4.32781855e+05,0.10641456
MPFIT,4.33428953e+05,0.10994241
MPFIT,4.34076051e+05,0.11357381
MPFIT,4.34723149e+05,0.11731131
MPFIT,4.35370247e+05,0.12115751
MPFIT,4.36017345e+05,0.12511505
MPFIT,4.36664443e+05,0.12918661
MPFIT,4.37311541e+05,0.13337493
MPFIT,4.37958639e+05,0.1376828
MPFIT,4.38605737e+05,0.14211303
MPFIT,4.39252835e+05,0.1466685
MPFIT,4.39899933e+05,0.15135214
MPFIT,4.40547031e+05,0.15616692
MPFIT,4.41194129e+05,0.16111585
MPFIT,4.41841227e+05,0.166202
MPFIT,4.42488326e+05,0.17142848
MPFIT,4.43135424e+05,0.17679845
MPFIT,4.43782522e+05,0.18231512
MPFIT,4.4442962e+05,0.18798175
MPFIT,4.45076718e+05,0.19380163
MPFIT,4.45723816e+05,0.19977812
MPFIT,4.46370914e+05,0.20591461
MPFIT,4.47018012e+05,0.21221455
MPFIT,4.4766511e+05,0.21868143
MPFIT,4.48312208e+05,0.22531879
MPFIT,4.48959306e+05,0.23213021
MPFIT,4.49606404e+05,0.23911932
MPFIT,4.50253502e+05,0.2462898
MPFIT,4.509006e+05,0.25364537
MPFIT,4.51547698e+05,0.2611898
MPFIT,4.52194797e+05,0.26892689
MPFIT,4.52841895e+05,0.2768605
MPFIT,4.53488993e+05,0.28499453
MPFIT,4.54136091e+05,0.29333292
MPFIT,4.54783189e+05,0.30187965
MPFIT,4.55430287e+05,0.31063874
MPFIT,4.56077385e+05,0.31961427
MPFIT,4.56724483e+05,0.32881032
MPFIT,4.57371581e+05,0.33823106
MPFIT,4.58018679e+05,0.34788066
MPFIT,4.58665777e+05,0.35776333
MPFIT,4.59312875e+05,0.36788334
MPFIT,4.59959973e+05,0.37824498
MPFIT,4.60607071e+05,0.38885258
MPFIT,4.61254169e+05,0.39971049
MPFIT,4.61901268e+05,0.4108231
MPFIT,4.62548366e+05,0.42219483
MPFIT,4.63195464e+05,0.43383015
MPFIT,4.63842562e+05,0.44573353
MPFIT,4.6448966e+05,0.45790947
MPFIT,4.65136758e+05,0.47036251
MPFIT,4.65783856e+05,0.4830972
MPFIT,4.66430954e+05,0.49611814
MPFIT,4.67078052e+05,0.50942991
MPFIT,4.6772515e+05,0.52303714
MPFIT,4.68372248e+05,0.53694446
MPFIT,4.69019346e+05,0.55115653
MPFIT,4.69666444e+05,0.56567802
MPFIT,4.70313542e+05,0.5805136
MPFIT,4.7096064e+05,0.59566797
MPFIT,4.71607738e+05,0.61114583
MPFIT,4.72254837e+05,0.62695188
MPFIT,4.72901935e+05,0.64309083
MPFIT,4.73549033e+05,0.6595674
MPFIT,4.74196131e+05,0.67638629
MPFIT,4.74843229e+05,0.69355222
MPFIT,4.75490327e+05,0.71106989
MPFIT,4.76137425e+05,0.72894399
MPFIT,4.76784523e+05,0.74717923
MPFIT,4.77431621e+05,0.76578027
MPFIT,4.78078719e+05,0.78475177
MPFIT,4.78725817e+05,0.80409839
MPFIT,4.79372915e+05,0.82382474
MPFIT,4.80020013e+05,0.84393544
MPFIT,4.80667111e+05,0.86443506
MPFIT,4.81314209e+05,0.88532815
MPFIT,4.81961308e+05,0.90661923
MPFIT,4.82608406e+05,0.92831278
MPFIT,4.83255504e+05,0.95041327
MPFIT,4.83902602e+05,0.97292509
MPFIT,4.845497e+05,0.99585262
MPFIT,4.85196798e+05,1.0192002
MPFIT,4.85843896e+05,1.042972
MPFIT,4.86490994e+05,1.0671724
MPFIT,4.87138092e+05,1.0918055
MPFIT,4.8778519e+05,1.1168753
MPFIT,4.88432288e+05,1.142386
MPFIT,4.89079386e+05,1.1683416
MPFIT,4.89726484e+05,1.1947458
MPFIT,4.90373582e+05,1.2216026
MPFIT,4.9102068e+05,1.2489158
MPFIT,4.91667779e+05,1.276689
MPFIT,4.92314877e+05,1.3049258
MPFIT,4.92961975e+05,1.3336298
MPFIT,4.93609073e+05,1.3628043
MPFIT,4.94256171e+05,1.3924528
MPFIT,4.94903269e+05,1.4225783
MPFIT,4.95550367e+05,1.4531842
MPFIT,4.96197465e+05,1.4842734
MPFIT,4.96844563e+05,1.5158488
MPFIT,4.97491661e+05,1.5479132
MPFIT,4.98138759e+05,1.5804695
MPFIT,4.98785857e+05,1.61352
MPFIT,4.99432955e+05,1.6470673
MPFIT,5.00080053e+05,1.6811138
MPFIT,5.00727151e+05,1.7156615
MPFIT,5.01374249e+05,1.7507127
MPFIT,5.02021348e+05,1.7862691
MPFIT,5.02668446e+05,1.8223327
MPFIT,5.03315544e+05,1.858905
MPFIT,5.03962642e+05,1.8959875
MPFIT,5.0460974e+05,1.9335816
MPFIT,5.05256838e+05,1.9716884
MPFIT,5.05903936e+05,2.010309
MPFIT,5.06551034e+05,2.0494443
MPFIT,5.07198132e+05,2.0890949
MPFIT,5.0784523e+05,2.1292614
MPFIT,5.08492328e+05,2.1699441
MPFIT,5.09139426e+05,2.2111431
MPFIT,5.09786524e+05,2.2528586
MPFIT,5.10433622e+05,2.2950902
MPFIT,5.1108072e+05,2.3378376
MPFIT,5.11727819e+05,2.3811002
MPFIT,5.12374917e+05,2.4248773
MPFIT,5.13022015e+05,2.4691678
MPFIT,5.13669113e+05,2.5139707
MPFIT,5.14316211e+05,2.5592845
MPFIT,5.14963309e+05,2.6051077
MPFIT,5.15610407e+05,2.6514385
MPFIT,5.16257505e+05,2.6982748
MPFIT,5.16904603e+05,2.7456145
MPFIT,5.17551701e+05,2.7934551
MPFIT,5.18198799e+05,2.841794
MPFIT,5.18845897e+05,2.8906282
MPFIT,5.19492995e+05,2.9399547
MPFIT,5.20140093e+05,2.9897702
MPFIT,5.20787191e+05,3.040071
MPFIT,5.2143429e+05,3.0908534
MPFIT,5.22081388e+05,3.1421132
MPFIT,5.22728486e+05,3.1938464
MPFIT,5.23375584e+05,3.2460482
MPFIT,5.24022682e+05,3.2987141
MPFIT,5.2466978e+05,3.3518389
MPFIT,5.25316878e+05,3.4054174
MPFIT,5.25963976e+05,3.4594442
MPFIT,5.26611074e+05,3.5139135
MPFIT,5.27258172e+05,3.5688193
MPFIT,5.2790527e+05,3.6241554
MPFIT,5.28552368e+05,3.6799153
MPFIT,5.29199466e+05,3.7360922
MPFIT,5.29846564e+05,3.7926792
MPFIT,5.30493662e+05,3.8496691
MPFIT,5.31140761e+05,3.9070543
MPFIT,5.31787859e+05,3.9648271
MPFIT,5.32434957e+05,4.0229795
MPFIT,5.33082055e+05,4.0815032
MPFIT,5.33729153e+05,4.1403898
MPFIT,5.34376251e+05,4.1996304
MPFIT,5.35023349e+05,4.2592162
MPFIT,5.35670447e+05,4.3191377
MPFIT,5.36317545e+05,4.3793855
MPFIT,5.36964643e+05,4.4399499
MPFIT,5.37611741e+05,4.5008208
MPFIT,5.38258839e+05,4.561988
MPFIT,5.38905937e+05,4.6234409
MPFIT,5.39553035e+05,4.6851689
MPFIT,5.40200133e+05,4.7471609
MPFIT,5.40847231e+05,4.8094058
MPFIT,5.4149433e+05,4.871892
MPFIT,5.42141428e+05,4.9346079
MPFIT,5.42788526e+05,4.9975415
MPFIT,5.43435624e+05,5.0606806
MPFIT,5.44082722e+05,5.124013
MPFIT,5.4472982e+05,5.1875259
MPFIT,5.45376918e+05,5.2512065
MPFIT,5.46024016e+05,5.3150418
MPFIT,5.46671114e+05,5.3790186
MPFIT,5.47318212e+05,5.4431232
MPFIT,5.4796531e+05,5.5073422
MPFIT,5.48612408e+05,5.5716615
MPFIT,5.49259506e+05,5.6360671
MPFIT,5.49906604e+05,5.7005447
MPFIT,5.50553702e+05,5.7650798
MPFIT,5.51200801e+05,5.8296579
MPFIT,5.51847899e+05,5.894264
MPFIT,5.52494997e+05,5.9588831
MPFIT,5.53142095e+05,6.0235002
MPFIT,5.53789193e+05,6.0880998
MPFIT,5.54436291e+05,6.1526664
MPFIT,5.55083389e+05,6.2171844
MPFIT,5.55730487e+05,6.2816381
MPFIT,5.56377585e+05,6.3460114
MPFIT,5.57024683e+05,6.4102883
MPFIT,5.57671781e+05,6.4744526
MPFIT,5.58318879e+05,6.5384879
MPFIT,5.58965977e+05,6.6023779
MPFIT,5.59613075e+05,6.6661059
MPFIT,5.60260173e+05,6.7296554
MPFIT,5.60907272e+05,6.7930096
MPFIT,5.6155437e+05,6.8561516
MPFIT,5.62201468e+05,6.9190645
MPFIT,5.62848566e+05,6.9817314
MPFIT,5.63495664e+05,7.0441351
MPFIT,5.64142762e+05,7.1062586
MPFIT,5.6478986e+05,7.1680848
MPFIT,5.65436958e+05,7.2295963
MPFIT,5.66084056e+05,7.290776
MPFIT,5.66731154e+05,7.3516066
MPFIT,5.67378252e+05,7.4120707
MPFIT,5.6802535e+05,7.4721512
MPFIT,5.68672448e+05,7.5318306
MPFIT,5.69319546e+05,7.5910918
MPFIT,5.69966644e+05,7.6499173
MPFIT,5.70613742e+05,7.7082899
MPFIT,5.71260841e+05,7.7661924
MPFIT,5.71907939e+05,7.8236076
MPFIT,5.72555037e+05,7.8805184
MPFIT,5.73202135e+05,7.9369076
MPFIT,5.73849233e+05,7.9927582
MPFIT,5.74496331e+05,8.0480532
MPFIT,5.75143429e+05,8.1027758
MPFIT,5.75790527e+05,8.1569092
MPFIT,5.76437625e+05,8.2104367
MPFIT,5.77084723e+05,8.2633417
MPFIT,5.77731821e+05,8.3156077
MPFIT,5.78378919e+05,8.3672184
MPFIT,5.79026017e+05,8.4181576
MPFIT,5.79673115e+05,8.4684092
MPFIT,5.80320213e+05,8.5179573
MPFIT,5.80967312e+05,8.5667861
MPFIT,5.8161441e+05,8.61488
MPFIT,5.82261508e+05,8.6622237
MPFIT,5.82908606e+05,8.7088018
MPFIT,5.83555704e+05,8.7545994
MPFIT,5.84202802e+05,8.7996016
MPFIT,5.848499e+05,8.8437937
MPFIT,5.85496998e+05,8.8871613
MPFIT,5.86144096e+05,8.9296904
MPFIT,5.86791194e+05,8.9713667
MPFIT,5.87438292e+05,9.0121768
MPFIT,5.8808539e+05,9.0521071
MPFIT,5.88732488e+05,9.0911443
MPFIT,5.89379586e+05,9.1292756
MPFIT,5.90026684e+05,9.1664882
MPFIT,5.90673783e+05,9.2027698
MPFIT,5.91320881e+05,9.2381082
MPFIT,5.91967979e+05,9.2724915
MPFIT,5.92615077e+05,9.3059084
MPFIT,5.93262175e+05,9.3383475
MPFIT,5.93909273e+05,9.369798
MPFIT,5.94556371e+05,9.4002492
MPFIT,5.95203469e+05,9.4296909
MPFIT,5.95850567e+05,9.4581132
MPFIT,5.96497665e+05,9.4855064
MPFIT,5.97144763e+05,9.5118613
MPFIT,5.97791861e+05,9.5371691
MPFIT,5.98438959e+05,9.5614211
MPFIT,5.99086057e+05,9.5846091
MPFIT,5.99733155e+05,9.6067254
MPFIT,6.00380254e+05,9.6277624
MPFIT,6.01027352e+05,9.6477131
MPFIT,6.0167445e+05,9.6665708
MPFIT,6.02321548e+05,9.6843292
MPFIT,6.02968646e+05,9.7009822
MPFIT,6.03615744e+05,9.7165245
MPFIT,6.04262842e+05,9.7309507
MPFIT,6.0490994e+05,9.7442561
MPFIT,6.05557038e+05,9.7564365
MPFIT,6.06204136e+05,9.7674877
MPFIT,6.06851234e+05,9.7774063
MPFIT,6.07498332e+05,9.7861892
MPFIT,6.0814543e+05,9.7938335
MPFIT,6.08792528e+05,9.800337
MPFIT,6.09439626e+05,9.8056977
MPFIT,6.10086724e+05,9.8099142
MPFIT,6.10733823e+05,9.8129853
MPFIT,6.11380921e+05,9.8149105
MPFIT,6.12028019e+05,9.8156895
MPFIT,6.12675117e+05,9.8153224
MPFIT,6.13322215e+05,9.8138098
MPFIT,6.13969313e+05,9.8111528
MPFIT,6.14616411e+05,9.8073528
MPFIT,6.15263509e+05,9.8024117
MPFIT,6.15910607e+05,9.7963317
MPFIT,6.16557705e+05,9.7891154
MPFIT,6.17204803e+05,9.7807661
MPFIT,6.17851901e+05,9.7712872
MPFIT,6.18498999e+05,9.7606827
MPFIT,6.19146097e+05,9.7489569
MPFIT,6.19793195e+05,9.7361145
MPFIT,6.20440294e+05,9.7221608
MPFIT,6.21087392e+05,9.7071012
MPFIT,6.2173449e+05,9.6909418
MPFIT,6.22381588e+05,9.673689
MPFIT,6.23028686e+05,9.6553494
MPFIT,6.23675784e+05,9.6359303
MPFIT,6.24322882e+05,9.6154392
MPFIT,6.2496998e+05,9.593884
MPFIT,6.25617078e+05,9.5712731
MPFIT,6.26264176e+05,9.5476151
MPFIT,6.26911274e+05,9.5229191
MPFIT,6.27558372e+05,9.4971945
MPFIT,6.2820547e+05,9.4704512
MPFIT,6.28852568e+05,9.4426993
MPFIT,6.29499666e+05,9.4139493
MPFIT,6.30146765e+05,9.3842121
MPFIT,6.30793863e+05,9.3534989
MPFIT,6.31440961e+05,9.3218211
MPFIT,6.32088059e+05,9.2891908
MPFIT,6.32735157e+05,9.2556201
MPFIT,6.33382255e+05,9.2211215
MPFIT,6.34029353e+05,9.1857079
MPFIT,6.34676451e+05,9.1493924
MPFIT,6.35323549e+05,9.1121884
MPFIT,6.35970647e+05,9.0741097
MPFIT,6.36617745e+05,9.0351704
MPFIT,6.37264843e+05,8.9953847
MPFIT,6.37911941e+05,8.9547672
MPFIT,6.38559039e+05,8.9133327
MPFIT,6.39206137e+05,8.8710965
MPFIT,6.39853235e+05,8.8280738
MPFIT,6.40500334e+05,8.7842802
MPFIT,6.41147432e+05,8.7397317
MPFIT,6.4179453e+05,8.6944442
MPFIT,6.42441628e+05,8.6484342
MPFIT,6.43088726e+05,8.601718
MPFIT,6.43735824e+05,8.5543125
MPFIT,6.44382922e+05,8.5062345
MPFIT,6.4503002e+05,8.4575012
MPFIT,6.45677118e+05,8.4081299
MPFIT,6.46324216e+05,8.358138
MPFIT,6.46971314e+05,8.3075432
MPFIT,6.47618412e+05,8.2563634
MPFIT,6.4826551e+05,8.2046164
MPFIT,6.48912608e+05,8.1523204
MPFIT,6.49559706e+05,8.0994936
MPFIT,6.50206805e+05,8.0461545
MPFIT,6.50853903e+05,7.9923214
MPFIT,6.51501001e+05,7.938013
MPFIT,6.52148099e+05,7.883248
MPFIT,6.52795197e+05,7.8280453
MPFIT,6.53442295e+05,7.7724237
MPFIT,6.54089393e+05,7.7164023
MPFIT,6.54736491e+05,7.66
MPFIT,6.55383589e+05,7.603236
MPFIT,6.56030687e+05,7.5461295
MPFIT,6.56677785e+05,7.4886997
MPFIT,6.57324883e+05,7.430966
MPFIT,6.57971981e+05,7.3729475
MPFIT,6.58619079e+05,7.3146638
MPFIT,6.59266177e+05,7.2561341
MPFIT,6.59913276e+05,7.1973779
MPFIT,6.60560374e+05,7.1384145
MPFIT,6.61207472e+05,7.0792633
MPFIT,6.6185457e+05,7.0199437
MPFIT,6.62501668e+05,6.9604752
MPFIT,6.63148766e+05,6.9008771
MPFIT,6.63795864e+05,6.8411686
MPFIT,6.64442962e+05,6.7813692
MPFIT,6.6509006e+05,6.721498
MPFIT,6.65737158e+05,6.6615744
MPFIT,6.66384256e+05,6.6016175
MPFIT,6.67031354e+05,6.5416463
MPFIT,6.67678452e+05,6.48168
MPFIT,6.6832555e+05,6.4217376
MPFIT,6.68972648e+05,6.3618379
MPFIT,6.69619746e+05,6.3019999
MPFIT,6.70266845e+05,6.2422422
MPFIT,6.70913943e+05,6.1825836
MPFIT,6.71561041e+05,6.1230426
MPFIT,6.72208139e+05,6.0636377
MPFIT,6.72855237e+05,6.0043873
MPFIT,6.73502335e+05,5.9453097
MPFIT,6.74149433e+05,5.886423
MPFIT,6.74796531e+05,5.8277452
MPFIT,6.75443629e+05,5.7692944
MPFIT,6.76090727e+05,5.7110884
MPFIT,6.76737825e+05,5.6531447
MPFIT,6.77384923e+05,5.595481
MPFIT,6.78032021e+05,5.5381147
MPFIT,6.78679119e+05,5.4810632
MPFIT,6.79326217e+05,5.4243434
MPFIT,6.79973316e+05,5.3679726
MPFIT,6.80620414e+05,5.3119675
MPFIT,6.81267512e+05,5.2563449
MPFIT,6.8191461e+05,5.2011214
MPFIT,6.82561708e+05,5.1463133
MPFIT,6.83208806e+05,5.0919371
MPFIT,6.83855904e+05,5.0380088
MPFIT,6.84503002e+05,4.9845445
MPFIT,6.851501e+05,4.9315598
MPFIT,6.85797198e+05,4.8790706
MPFIT,6.86444296e+05,4.8270923
MPFIT,6.87091394e+05,4.7756404
MPFIT,6.87738492e+05,4.7247299
MPFIT,6.8838559e+05,4.674376
MPFIT,6.89032688e+05,4.6245936
MPFIT,6.89679787e+05,4.5753973
MPFIT,6.90326885e+05,4.5268017
MPFIT,6.90973983e+05,4.4788214
MPFIT,6.91621081e+05,4.4314704
MPFIT,6.92268179e+05,4.384763
MPFIT,6.92915277e+05,4.338713
MPFIT,6.93562375e+05,4.2933344
MPFIT,6.94209473e+05,4.2486406
MPFIT,6.94856571e+05,4.2046452
MPFIT,6.95503669e+05,4.1613616
MPFIT,6.96150767e+05,4.1188029
MPFIT,6.96797865e+05,4.0769821
MPFIT,6.97444963e+05,4.0359122
MPFIT,6.98092061e+05,3.9956059
MPFIT,6.98739159e+05,3.9560757
MPFIT,6.99386258e+05,3.9173342
MPFIT,7.00033356e+05,3.8793937
MPFIT,7.00680454e+05,3.8422664
MPFIT,7.01327552e+05,3.8059643
MPFIT,7.0197465e+05,3.7704994
MPFIT,7.02621748e+05,3.7358834
MPFIT,7.03268846e+05,3.702128
MPFIT,7.03915944e+05,3.6692448
MPFIT,7.04563042e+05,3.6372452
MPFIT,7.0521014e+05,3.6061406
MPFIT,7.05857238e+05,3.575942
MPFIT,7.06504336e+05,3.5466606
MPFIT,7.07151434e+05,3.5183074
MPFIT,7.07798532e+05,3.4908932
MPFIT,7.0844563e+05,3.4644289
MPFIT,7.09092728e+05,3.438925
MPFIT,7.09739827e+05,3.4143923
MPFIT,7.10386925e+05,3.3908411
MPFIT,7.11034023e+05,3.368282
MPFIT,7.11681121e+05,3.3467251
MPFIT,7.12328219e+05,3.3261809
MPFIT,7.12975317e+05,3.3066593
MPFIT,7.13622415e+05,3.2881707
MPFIT,7.14269513e+05,3.2707249
MPFIT,7.14916611e+05,3.2543319
MPFIT,7.15563709e+05,3.2390018
MPFIT,7.16210807e+05,3.2247442
MPFIT,7.16857905e+05,3.2115691
MPFIT,7.17505003e+05,3.1994861
MPFIT,7.18152101e+05,3.1885051
MPFIT,7.18799199e+05,3.1786356
MPFIT,7.19446298e+05,3.1698873
MPFIT,7.20093396e+05,3.1622698
MPFIT,7.20740494e+05,3.1557927
MPFIT,7.21387592e+05,3.1504655
MPFIT,7.2203469e+05,3.1462978
MPFIT,7.22681788e+05,3.143299
MPFIT,7.23328886e+05,3.1414787
MPFIT,7.23975984e+05,3.1408464
MPFIT,7.24623082e+05,3.1414115
MPFIT,7.2527018e+05,3.1431836
MPFIT,7.25917278e+05,3.1461721
MPFIT,7.26564376e+05,3.1503864
MPFIT,7.27211474e+05,3.1558362
MPFIT,7.27858572e+05,3.1625309
MPFIT,7.2850567e+05,3.1704801
MPFIT,7.29152769e+05,3.1796933
MPFIT,7.29799867e+05,3.19018
MPFIT,7.30446965e+05,3.2019499
MPFIT,7.31094063e+05,3.2150126
MPFIT,7.31741161e+05,3.2293777
MPFIT,7.32388259e+05,3.245055
MPFIT,7.33035357e+05,3.2620541
MPFIT,7.33682455e+05,3.2803849
MPFIT,7.34329553e+05,3.3000572
MPFIT,7.34976651e+05,3.3210808
MPFIT,7.35623749e+05,3.3434657
MPFIT,7.36270847e+05,3.3672218
MPFIT,7.36917945e+05,3.3923591
MPFIT,7.37565043e+05,3.4188877
MPFIT,7.38212141e+05,3.4468177
MPFIT,7.38859239e+05,3.4761594
MPFIT,7.39506338e+05,3.506923
MPFIT,7.40153436e+05,3.5391188
MPFIT,7.40800534e+05,3.5727572
MPFIT,7.41447632e+05,3.6078487
MPFIT,7.4209473e+05,3.6444037
MPFIT,7.42741828e+05,3.682433
MPFIT,7.43388926e+05,3.7219471
MPFIT,7.44036024e+05,3.7629568
MPFIT,7.44683122e+05,3.805473
MPFIT,7.4533022e+05,3.8495064
MPFIT,7.45977318e+05,3.8950682
MPFIT,7.46624416e+05,3.9421693
MPFIT,7.47271514e+05,3.9908209
MPFIT,7.47918612e+05,4.0410341
MPFIT,7.4856571e+05,4.0928203
MPFIT,7.49212809e+05,4.1461907
MPFIT,7.49859907e+05,4.201157
MPFIT,7.50507005e+05,4.2577305
MPFIT,7.51154103e+05,4.3159228
MPFIT,7.51801201e+05,4.3757457
MPFIT,7.52448299e+05,4.4372109
MPFIT,7.53095397e+05,4.5003302
MPFIT,7.53742495e+05,4.5651155
MPFIT,7.54389593e+05,4.6315787
MPFIT,7.55036691e+05,4.6997321
MPFIT,7.55683789e+05,4.7695875
MPFIT,7.56330887e+05,4.8411573
MPFIT,7.56977985e+05,4.9144538
MPFIT,7.57625083e+05,4.9894892
MPFIT,7.58272181e+05,5.0662759
MPFIT,7.5891928e+05,5.1448264
MPFIT,7.59566378e+05,5.2251533
MPFIT,7.60213476e+05,5.307269
MPFIT,7.60860574e+05,5.3911863
MPFIT,7.61507672e+05,5.4769179
MPFIT,7.6215477e+05,5.5644764
MPFIT,7.62801868e+05,5.6538747
MPFIT,7.63448966e+05,5.7451256
MPFIT,7.64096064e+05,5.838242
MPFIT,7.64743162e+05,5.9332368
MPFIT,7.6539026e+05,6.0301231
MPFIT,7.66037358e+05,6.1289137
MPFIT,7.66684456e+05,6.2296217
MPFIT,7.67331554e+05,6.3322601
MPFIT,7.67978652e+05,6.4368421
MPFIT,7.68625751e+05,6.5433807
MPFIT,7.69272849e+05,6.651889
MPFIT,7.69919947e+05,6.7623801
MPFIT,7.70567045e+05,6.8748672
MPFIT,7.71214143e+05,6.9893633
MPFIT,7.71861241e+05,7.1058815
MPFIT,7.72508339e+05,7.2244351
MPFIT,7.73155437e+05,7.3450369
MPFIT,7.73802535e+05,7.4677002
MPFIT,7.74449633e+05,7.5924379
MPFIT,7.75096731e+05,7.7192631
MPFIT,7.75743829e+05,7.8481887
MPFIT,7.76390927e+05,7.9792277
MPFIT,7.77038025e+05,8.112393
MPFIT,7.77685123e+05,8.2476973
MPFIT,7.78332221e+05,8.3851535
MPFIT,7.7897932e+05,8.5247743
MPFIT,7.79626418e+05,8.6665723
MPFIT,7.80273516e+05,8.8105601
MPFIT,7.80920614e+05,8.9567502
MPFIT,7.81567712e+05,9.1051549
MPFIT,7.8221481e+05,9.2557865
MPFIT,7.82861908e+05,9.4086572
MPFIT,7.83509006e+05,9.5637792
MPFIT,7.84156104e+05,9.7211643
MPFIT,7.84803202e+05,9.8808245
MPFIT,7.854503e+05,10.042771
MPFIT,7.86097398e+05,10.207016
MPFIT,7.86744496e+05,10.373571
MPFIT,7.87391594e+05,10.542447
MPFIT,7.88038692e+05,10.713655
MPFIT,7.88685791e+05,10.887206
MPFIT,7.89332889e+05,11.063111
MPFIT,7.89979987e+05,11.24138
MPFIT,7.90627085e+05,11.422024
MPFIT,7.91274183e+05,11.605053
MPFIT,7.91921281e+05,11.790477
MPFIT,7.92568379e+05,11.978306
MPFIT,7.93215477e+05,12.168549
MPFIT,7.93862575e+05,12.361215
MPFIT,7.94509673e+05,12.556315
MPFIT,7.95156771e+05,12.753856
MPFIT,7.95803869e+05,12.953847
MPFIT,7.96450967e+05,13.156297
MPFIT,7.97098065e+05,13.361214
MPFIT,7.97745163e+05,13.568605
MPFIT,7.98392262e+05,13.778478
MPFIT,7.9903936e+05,13.99084
MPFIT,7.99686458e+05,14.205698
MPFIT,8.00333556e+05,14.423058
MPFIT,8.00980654e+05,14.642928
MPFIT,8.01627752e+05,14.865312
MPFIT,8.0227485e+05,15.090217
MPFIT,8.02921948e+05,15.317648
MPFIT,8.03569046e+05,15.547609
MPFIT,8.04216144e+05,15.780106
MPFIT,8.04863242e+05,16.015142
MPFIT,8.0551034e+05,16.252722
MPFIT,8.06157438e+05,16.492848
MPFIT,8.06804536e+05,16.735524
MPFIT,8.07451634e+05,16.980753
MPFIT,8.08098732e+05,17.228536
MPFIT,8.08745831e+05,17.478875
MPFIT,8.09392929e+05,17.731773
MPFIT,8.10040027e+05,17.98723
MPFIT,8.10687125e+05,18.245245
MPFIT,8.11334223e+05,18.505821
MPFIT,8.11981321e+05,18.768955
MPFIT,8.12628419e+05,19.034648
MPFIT,8.13275517e+05,19.302897
MPFIT,8.13922615e+05,19.573702
MPFIT,8.14569713e+05,19.84706
MPFIT,8.15216811e+05,20.122968
MPFIT,8.15863909e+05,20.401422
MPFIT,8.16511007e+05,20.68242
MPFIT,8.17158105e+05,20.965956
MPFIT,8.17805203e+05,21.252026
MPFIT,8.18452302e+05,21.540625
MPFIT,8.190994e+05,21.831746
MPFIT,8.19746498e+05,22.125384
MPFIT,8.20393596e+05,22.421531
MPFIT,8.21040694e+05,22.720179
MPFIT,8.21687792e+05,23.021321
MPFIT,8.2233489e+05,23.324948
MPFIT,8.22981988e+05,23.631051
MPFIT,8.23629086e+05,23.939619
MPFIT,8.24276184e+05,24.250643
MPFIT,8.24923282e+05,24.564111
MPFIT,8.2557038e+05,24.880012
MPFIT,8.26217478e+05,25.198333
MPFIT,8.26864576e+05,25.519062
MPFIT,8.27511674e+05,25.842185
MPFIT,8.28158773e+05,26.167688
MPFIT,8.28805871e+05,26.495556
MPFIT,8.29452969e+05,26.825775
MPFIT,8.30100067e+05,27.158327
MPFIT,8.30747165e+05,27.493197
MPFIT,8.31394263e+05,27.830367
MPFIT,8.32041361e+05,28.169819
MPFIT,8.32688459e+05,28.511535
MPFIT,8.33335557e+05,28.855495
MPFIT,8.33982655e+05,29.20168
MPFIT,8.34629753e+05,29.550068
MPFIT,8.35276851e+05,29.90064
MPFIT,8.35923949e+05,30.253372
MPFIT,8.36571047e+05,30.608243
MPFIT,8.37218145e+05,30.965229
MPFIT,8.37865243e+05,31.324306
MPFIT,8.38512342e+05,31.685449
MPFIT,8.3915944e+05,32.048634
MPFIT,8.39806538e+05,32.413834
MPFIT,8.40453636e+05,32.781023
MPFIT,8.41100734e+05,33.150173
MPFIT,8.41747832e+05,33.521257
MPFIT,8.4239493e+05,33.894245
MPFIT,8.43042028e+05,34.269108
MPFIT,8.43689126e+05,34.645817
MPFIT,8.44336224e+05,35.02434
MPFIT,8.44983322e+05,35.404645
MPFIT,8.4563042e+05,35.786702
MPFIT,8.46277518e+05,36.170477
MPFIT,8.46924616e+05,36.555936
MPFIT,8.47571714e+05,36.943045
MPFIT,8.48218813e+05,37.33177
MPFIT,8.48865911e+05,37.722074
MPFIT,8.49513009e+05,38.113922
MPFIT,8.50160107e+05,38.507277
MPFIT,8.50807205e+05,38.902101
MPFIT,8.51454303e+05,39.298355
MPFIT,8.52101401e+05,39.696001
MPFIT,8.52748499e+05,40.095
MPFIT,8.53395597e+05,40.49531
MPFIT,8.54042695e+05,40.896891
MPFIT,8.54689793e+05,41.299702
MPFIT,8.55336891e+05,41.7037
MPFIT,8.55983989e+05,42.108843
MPFIT,8.56631087e+05,42.515086
MPFIT,8.57278185e+05,42.922386
MPFIT,8.57925284e+05,43.330698
MPFIT,8.58572382e+05,43.739976
MPFIT,8.5921948e+05,44.150175
MPFIT,8.59866578e+05,44.561247
MPFIT,8.60513676e+05,44.973146
MPFIT,8.61160774e+05,45.385824
MPFIT,8.61807872e+05,45.799233
MPFIT,8.6245497e+05,46.213322
MPFIT,8.63102068e+05,46.628044
MPFIT,8.63749166e+05,47.043347
MPFIT,8.64396264e+05,47.45918
MPFIT,8.65043362e+05,47.875494
MPFIT,8.6569046e+05,48.292235
MPFIT,8.66337558e+05,48.709352
MPFIT,8.66984656e+05,49.126791
MPFIT,8.67631755e+05,49.544499
MPFIT,8.68278853e+05,49.962423
MPFIT,8.68925951e+05,50.380508
MPFIT,8.69573049e+05,50.798699
MPFIT,8.70220147e+05,51.21694
MPFIT,8.70867245e+05,51.635177
MPFIT,8.71514343e+05,52.053352
MPFIT,8.72161441e+05,52.471409
MPFIT,8.72808539e+05,52.88929
MPFIT,8.73455637e+05,53.306939
MPFIT,8.74102735e+05,53.724298
MPFIT,8.74749833e+05,54.141307
MPFIT,8.75396931e+05,54.557908
MPFIT,8.76044029e+05,54.974043
MPFIT,8.76691127e+05,55.389651
MPFIT,8.77338225e+05,55.804673
MPFIT,8.77985324e+05,56.219049
MPFIT,8.78632422e+05,56.632718
MPFIT,8.7927952e+05,57.04562
MPFIT,8.79926618e+05,57.457693
MPFIT,8.80573716e+05,57.868876
MPFIT,8.81220814e+05,58.279108
MPFIT,8.81867912e+05,58.688327
MPFIT,8.8251501e+05,59.09647
MPFIT,8.83162108e+05,59.503476
MPFIT,8.83809206e+05,59.909282
MPFIT,8.84456304e+05,60.313825
MPFIT,8.85103402e+05,60.717043
MPFIT,8.857505e+05,61.118872
MPFIT,8.86397598e+05,61.51925
MPFIT,8.87044696e+05,61.918113
MPFIT,8.87691795e+05,62.315398
MPFIT,8.88338893e+05,62.711041
MPFIT,8.88985991e+05,63.10498
MPFIT,8.89633089e+05,63.497149
MPFIT,8.90280187e+05,63.887487
MPFIT,8.90927285e+05,64.275929
MPFIT,8.91574383e+05,64.662411
MPFIT,8.92221481e+05,65.04687
MPFIT,8.92868579e+05,65.429243
MPFIT,8.93515677e+05,65.809465
MPFIT,8.94162775e+05,66.187474
MPFIT,8.94809873e+05,66.563205
MPFIT,8.95456971e+05,66.936596
MPFIT,8.96104069e+05,67.307584
MPFIT,8.96751167e+05,67.676105
MPFIT,8.97398266e+05,68.042096
MPFIT,8.98045364e+05,68.405495
MPFIT,8.98692462e+05,68.76624
MPFIT,8.9933956e+05,69.124266
MPFIT,8.99986658e+05,69.479514
MPFIT,9.00633756e+05,69.83192
MPFIT,9.01280854e+05,70.181424
MPFIT,9.01927952e+05,70.527963
MPFIT,9.0257505e+05,70.871476
MPFIT,9.03222148e+05,71.211904
MPFIT,9.03869246e+05,71.549185
MPFIT,9.04516344e+05,71.883259
MPFIT,9.05163442e+05,72.214067
MPFIT,9.0581054e+05,72.541549
MPFIT,9.06457638e+05,72.865646
MPFIT,9.07104736e+05,73.1863
MPFIT,9.07751835e+05,73.503453
MPFIT,9.08398933e+05,73.817046
MPFIT,9.09046031e+05,74.127023
MPFIT,9.09693129e+05,74.433328
MPFIT,9.10340227e+05,74.735903
MPFIT,9.10987325e+05,75.034693
MPFIT,9.11634423e+05,75.329643
MPFIT,9.12281521e+05,75.620698
MPFIT,9.12928619e+05,75.907805
MPFIT,9.13575717e+05,76.19091
MPFIT,9.14222815e+05,76.469959
MPFIT,9.14869913e+05,76.744902
MPFIT,9.15517011e+05,77.015686
MPFIT,9.16164109e+05,77.28226
MPFIT,9.16811207e+05,77.544574
MPFIT,9.17458306e+05,77.802578
MPFIT,9.18105404e+05,78.056224
MPFIT,9.18752502e+05,78.305464
MPFIT,9.193996e+05,78.550249
MPFIT,9.20046698e+05,78.790534
MPFIT,9.20693796e+05,79.026272
MPFIT,9.21340894e+05,79.257418
MPFIT,9.21987992e+05,79.483928
MPFIT,9.2263509e+05,79.705758
MPFIT,9.23282188e+05,79.922865
MPFIT,9.23929286e+05,80.135208
MPFIT,9.24576384e+05,80.342746
MPFIT,9.25223482e+05,80.545438
MPFIT,9.2587058e+05,80.743244
MPFIT,9.26517678e+05,80.936127
MPFIT,9.27164777e+05,81.124049
MPFIT,9.27811875e+05,81.306973
MPFIT,9.28458973e+05,81.484864
MPFIT,9.29106071e+05,81.657686
MPFIT,9.29753169e+05,81.825405
MPFIT,9.30400267e+05,81.98799
MPFIT,9.31047365e+05,82.145407
MPFIT,9.31694463e+05,82.297626
MPFIT,9.32341561e+05,82.444617
MPFIT,9.32988659e+05,82.586351
MPFIT,9.33635757e+05,82.7228
MPFIT,9.34282855e+05,82.853937
MPFIT,9.34929953e+05,82.979735
MPFIT,9.35577051e+05,83.100171
MPFIT,9.36224149e+05,83.215219
MPFIT,9.36871247e+05,83.324858
MPFIT,9.37518346e+05,83.429065
MPFIT,9.38165444e+05,83.52782
MPFIT,9.38812542e+05,83.621103
MPFIT,9.3945964e+05,83.708896
MPFIT,9.40106738e+05,83.79118
MPFIT,9.40753836e+05,83.86794
MPFIT,9.41400934e+05,83.93916
MPFIT,9.42048032e+05,84.004826
MPFIT,9.4269513e+05,84.064925
MPFIT,9.43342228e+05,84.119445
MPFIT,9.43989326e+05,84.168375
MPFIT,9.44636424e+05,84.211705
MPFIT,9.45283522e+05,84.249426
MPFIT,9.4593062e+05,84.281531
MPFIT,9.46577718e+05,84.308014
MPFIT,9.47224817e+05,84.328868
MPFIT,9.47871915e+05,84.344091
MPFIT,9.48519013e+05,84.353679
MPFIT,9.49166111e+05,84.35763
MPFIT,9.49813209e+05,84.355943
MPFIT,9.50460307e+05,84.348618
MPFIT,9.51107405e+05,84.335658
MPFIT,9.51754503e+05,84.317064
MPFIT,9.52401601e+05,84.29284
MPFIT,9.53048699e+05,84.262992
MPFIT,9.53695797e+05,84.227525
MPFIT,9.54342895e+05,84.186446
MPFIT,9.54989993e+05,84.139763
MPFIT,9.55637091e+05,84.087487
MPFIT,9.56284189e+05,84.029626
MPFIT,9.56931288e+05,83.966194
MPFIT,9.57578386e+05,83.897202
MPFIT,9.58225484e+05,83.822665
MPFIT,9.58872582e+05,83.742597
MPFIT,9.5951968e+05,83.657014
MPFIT,9.60166778e+05,83.565933
MPFIT,9.60813876e+05,83.469373
MPFIT,9.61460974e+05,83.367352
MPFIT,9.62108072e+05,83.259892
MPFIT,9.6275517e+05,83.147012
MPFIT,9.63402268e+05,83.028737
MPFIT,9.64049366e+05,82.905089
MPFIT,9.64696464e+05,82.776092
MPFIT,9.65343562e+05,82.641773
MPFIT,9.6599066e+05,82.502158
MPFIT,9.66637759e+05,82.357274
MPFIT,9.67284857e+05,82.20715
MPFIT,9.67931955e+05,82.051816
MPFIT,9.68579053e+05,81.891302
MPFIT,9.69226151e+05,81.72564
MPFIT,9.69873249e+05,81.554862
MPFIT,9.70520347e+05,81.379003
MPFIT,9.71167445e+05,81.198095
MPFIT,9.71814543e+05,81.012175
MPFIT,9.72461641e+05,80.821279
MPFIT,9.73108739e+05,80.625445
MPFIT,9.73755837e+05,80.424709
MPFIT,9.74402935e+05,80.219112
MPFIT,9.75050033e+05,80.008693
MPFIT,9.75697131e+05,79.793493
MPFIT,9.76344229e+05,79.573553
MPFIT,9.76991328e+05,79.348917
MPFIT,9.77638426e+05,79.119626
MPFIT,9.78285524e+05,78.885726
MPFIT,9.78932622e+05,78.647261
MPFIT,9.7957972e+05,78.404276
MPFIT,9.80226818e+05,78.156818
MPFIT,9.80873916e+05,77.904935
MPFIT,9.81521014e+05,77.648674
MPFIT,9.82168112e+05,77.388083
MPFIT,9.8281521e+05,77.123212
MPFIT,9.83462308e+05,76.854112
MPFIT,9.84109406e+05,76.580832
MPFIT,9.84756504e+05,76.303423
MPFIT,9.85403602e+05,76.021939
MPFIT,9.860507e+05,75.736432
MPFIT,9.86697799e+05,75.446954
MPFIT,9.87344897e+05,75.153559
MPFIT,9.87991995e+05,74.856302
MPFIT,9.88639093e+05,74.555239
MPFIT,9.89286191e+05,74.250423
MPFIT,9.89933289e+05,73.941912
MPFIT,9.90580387e+05,73.629761
MPFIT,9.91227485e+05,73.314029
MPFIT,9.91874583e+05,72.994771
MPFIT,9.92521681e+05,72.672047
MPFIT,9.93168779e+05,72.345914
MPFIT,9.93815877e+05,72.016432
MPFIT,9.94462975e+05,71.683659
MPFIT,9.95110073e+05,71.347655
MPFIT,9.95757171e+05,71.008481
MPFIT,9.9640427e+05,70.666195
MPFIT,9.97051368e+05,70.32086
MPFIT,9.97698466e+05,69.972536
MPFIT,9.98345564e+05,69.621284
MPFIT,9.98992662e+05,69.267165
MPFIT,9.9963976e+05,68.910242
MPFIT,1.00028686e+06,68.550577
MPFIT,1.00093396e+06,68.188231
MPFIT,1.00158105e+06,67.823268
MPFIT,1.00222815e+06,67.45575
MPFIT,1.00287525e+06,67.085739
MPFIT,1.00352235e+06,66.713299
MPFIT,1.00416945e+06,66.338493
MPFIT,1.00481654e+06,65.961385
MPFIT,1.00546364e+06,65.582036
MPFIT,1.00611074e+06,65.200512
MPFIT,1.00675784e+06,64.816875
MPFIT,1.00740494e+06,64.431189
MPFIT,1.00805203e+06,64.043518
MPFIT,1.00869913e+06,63.653925
MPFIT,1.00934623e+06,63.262474
MPFIT,1.00999333e+06,62.869228
MPFIT,1.01064043e+06,62.474251
MPFIT,1.01128753e+06,62.077607
MPFIT,1.01193462e+06,61.679358
MPFIT,1.01258172e+06,61.279569
MPFIT,1.01322882e+06,60.878302
MPFIT,1.01387592e+06,60.475621
MPFIT,1.01452302e+06,60.071589
MPFIT,1.01517011e+06,59.666267
MPFIT,1.01581721e+06,59.259721
MPFIT,1.01646431e+06,58.85201
MPFIT,1.01711141e+06,58.443199
MPFIT,1.01775851e+06,58.033349
MPFIT,1.0184056e+06,57.622522
MPFIT,1.0190527e+06,57.210779
MPFIT,1.0196998e+06,56.798183
MPFIT,1.0203469e+06,56.384793
MPFIT,1.020994e+06,55.970671
MPFIT,1.02164109e+06,55.555878
MPFIT,1.02228819e+06,55.140474
MPFIT,1.02293529e+06,54.724518
MPFIT,1.02358239e+06,54.30807
MPFIT,1.02422949e+06,53.891189
MPFIT,1.02487658e+06,53.473934
MPFIT,1.02552368e+06,53.056364
MPFIT,1.02617078e+06,52.638537
MPFIT,1.02681788e+06,52.22051
MPFIT,1.02746498e+06,51.80234
MPFIT,1.02811207e+06,51.384085
MPFIT,1.02875917e+06,50.9658
MPFIT,1.02940627e+06,50.547542
MPFIT,1.03005337e+06,50.129367
MPFIT,1.03070047e+06,49.711328
MPFIT,1.03134757e+06,49.29348
MPFIT,1.03199466e+06,48.875879
MPFIT,1.03264176e+06,48.458576
MPFIT,1.03328886e+06,48.041625
MPFIT,1.03393596e+06,47.625079
MPFIT,1.03458306e+06,47.208989
MPFIT,1.03523015e+06,46.793407
MPFIT,1.03587725e+06,46.378384
MPFIT,1.03652435e+06,45.96397
MPFIT,1.03717145e+06,45.550214
MPFIT,1.03781855e+06,45.137166
MPFIT,1.03846564e+06,44.724875
MPFIT,1.03911274e+06,44.313387
MPFIT,1.03975984e+06,43.902751
MPFIT,1.04040694e+06,43.493014
MPFIT,1.04105404e+06,43.084221
MPFIT,1.04170113e+06,42.676418
MPFIT,1.04234823e+06,42.26965
MPFIT,1.04299533e+06,41.86396
MPFIT,1.04364243e+06,41.459394
MPFIT,1.04428953e+06,41.055993
MPFIT,1.04493662e+06,40.6538
MPFIT,1.04558372e+06,40.252857
MPFIT,1.04623082e+06,39.853205
MPFIT,1.04687792e+06,39.454883
MPFIT,1.04752502e+06,39.057932
MPFIT,1.04817211e+06,38.662391
MPFIT,1.04881921e+06,38.268298
MPFIT,1.04946631e+06,37.87569
MPFIT,1.05011341e+06,37.484605
MPFIT,1.05076051e+06,37.095079
MPFIT,1.05140761e+06,36.707147
MPFIT,1.0520547e+06,36.320845
MPFIT,1.0527018e+06,35.936206
MPFIT,1.0533489e+06,35.553265
MPFIT,1.053996e+06,35.172053
MPFIT,1.0546431e+06,34.792603
MPFIT,1.05529019e+06,34.414947
MPFIT,1.05593729e+06,34.039115
MPFIT,1.05658439e+06,33.665138
MPFIT,1.05723149e+06,33.293044
MPFIT,1.05787859e+06,32.922862
MPFIT,1.05852568e+06,32.554621
MPFIT,1.05917278e+06,32.188346
MPFIT,1.05981988e+06,31.824066
MPFIT,1.06046698e+06,31.461806
MPFIT,1.06111408e+06,31.101591
MPFIT,1.06176117e+06,30.743445
MPFIT,1.06240827e+06,30.387393
MPFIT,1.06305537e+06,30.033456
MPFIT,1.06370247e+06,29.681659
MPFIT,1.06434957e+06,29.332021
MPFIT,1.06499666e+06,28.984566
MPFIT,1.06564376e+06,28.639311
MPFIT,1.06629086e+06,28.296279
MPFIT,1.06693796e+06,27.955486
MPFIT,1.06758506e+06,27.616952
MPFIT,1.06823215e+06,27.280695
MPFIT,1.06887925e+06,26.94673
MPFIT,1.06952635e+06,26.615075
MPFIT,1.07017345e+06,26.285745
MPFIT,1.07082055e+06,25.958756
MPFIT,1.07146765e+06,25.63412
MPFIT,1.07211474e+06,25.311853
MPFIT,1.07276184e+06,24.991967
MPFIT,1.07340894e+06,24.674475
MPFIT,1.07405604e+06,24.359387
MPFIT,1.07470314e+06,24.046716
MPFIT,1.07535023e+06,23.736472
MPFIT,1.07599733e+06,23.428665
MPFIT,1.07664443e+06,23.123304
MPFIT,1.07729153e+06,22.820398
MPFIT,1.07793863e+06,22.519955
MPFIT,1.07858572e+06,22.221981
MPFIT,1.07923282e+06,21.926485
MPFIT,1.07987992e+06,21.633473
MPFIT,1.08052702e+06,21.342949
MPFIT,1.08117412e+06,21.05492
MPFIT,1.08182121e+06,20.76939
MPFIT,1.08246831e+06,20.486363
MPFIT,1.08311541e+06,20.205842
MPFIT,1.08376251e+06,19.927831
MPFIT,1.08440961e+06,19.652331
MPFIT,1.0850567e+06,19.379344
MPFIT,1.0857038e+06,19.108873
MPFIT,1.0863509e+06,18.840917
MPFIT,1.086998e+06,18.575477
MPFIT,1.0876451e+06,18.312553
MPFIT,1.08829219e+06,18.052144
MPFIT,1.08893929e+06,17.794248
MPFIT,1.08958639e+06,17.538865
MPFIT,1.09023349e+06,17.285991
MPFIT,1.09088059e+06,17.035625
MPFIT,1.09152769e+06,16.787764
MPFIT,1.09217478e+06,16.542402
MPFIT,1.09282188e+06,16.299538
MPFIT,1.09346898e+06,16.059166
MPFIT,1.09411608e+06,15.821281
MPFIT,1.09476318e+06,15.585878
MPFIT,1.09541027e+06,15.352952
MPFIT,1.09605737e+06,15.122496
MPFIT,1.09670447e+06,14.894503
MPFIT,1.09735157e+06,14.668968
MPFIT,1.09799867e+06,14.445882
MPFIT,1.09864576e+06,14.225238
MPFIT,1.09929286e+06,14.007029
MPFIT,1.09993996e+06,13.791244
MPFIT,1.10058706e+06,13.577876
MPFIT,1.10123416e+06,13.366917
MPFIT,1.10188125e+06,13.158355
MPFIT,1.10252835e+06,12.952182
MPFIT,1.10317545e+06,12.748387
MPFIT,1.10382255e+06,12.54696
MPFIT,1.10446965e+06,12.34789
MPFIT,1.10511674e+06,12.151167
MPFIT,1.10576384e+06,11.956779
MPFIT,1.10641094e+06,11.764714
MPFIT,1.10705804e+06,11.574961
MPFIT,1.10770514e+06,11.387507
MPFIT,1.10835223e+06,11.20234
MPFIT,1.10899933e+06,11.019448
MPFIT,1.10964643e+06,10.838817
MPFIT,1.11029353e+06,10.660435
MPFIT,1.11094063e+06,10.484288
MPFIT,1.11158773e+06,10.310362
MPFIT,1.11223482e+06,10.138643
MPFIT,1.11288192e+06,9.9691189
MPFIT,1.11352902e+06,9.8017738
MPFIT,1.11417612e+06,9.6365938
MPFIT,1.11482322e+06,9.4735642
MPFIT,1.11547031e+06,9.3126703
MPFIT,1.11611741e+06,9.1538971
MPFIT,1.11676451e+06,8.9972295
MPFIT,1.11741161e+06,8.8426523
MPFIT,1.11805871e+06,8.6901499
MPFIT,1.1187058e+06,8.539707
MPFIT,1.1193529e+06,8.3913076
MPFIT,1.12e+06,8.244936
