hits,run
193,315
252,315
223,315
206,315
232,315
223,315
235,315
217,315
225,315
230,315
200,315
236,315
226,315
431,315
242,315
222,315
249,315
235,315
179,315
246,315
227,315
166,315
203,315
177,315
233,315
260,315
224,315
232,315
223,315
157,315
234,315
262,315
131,315
227,315
203,315
205,315
234,315
226,315
197,315
200,315
348,315
192,315
176,315
244,315
168,315
227,315
228,315
70,315
211,315
183,315
218,315
221,315
291,315
319,315
184,315
196,315
219,315
237,315
186,315
191,315
239,315
274,315
194,315
202,315
235,315
220,315
234,315
251,315
173,315
226,315
73,315
240,315
196,315
101,315
307,315
186,315
225,315
91,315
210,315
240,315
230,315
76,315
172,315
226,315
232,315
215,315
186,315
228,315
244,315
178,315
169,315
212,315
338,315
247,315
301,315
215,315
212,315
172,315
237,315
241,315
167,315
193,315
230,315
304,315
236,315
99,315
212,315
236,315
237,315
159,315
172,315
212,315
197,315
171,315
240,315
152,315
194,315
114,315
334,315
364,315
334,315
133,315
180,315
184,315
184,315
333,315
196,315
235,315
246,315
219,315
238,315
254,315
204,315
174,315
234,315
195,315
211,315
212,315
237,315
205,315
242,315
223,315
168,315
360,315
230,315
90,315
220,315
188,315
358,315
240,315
99,315
296,315
299,315
222,315
213,315
200,315
225,315
132,315
254,315
330,315
205,315
236,315
231,315
256,315
213,315
185,315
117,315
229,315
244,315
212,315
224,315
316,315
241,315
253,315
247,315
100,315
106,315
203,315
366,315
77,315
137,315
238,315
193,315
224,315
104,315
257,315
180,315
222,315
230,315
244,315
332,315
241,315
199,315
293,315
366,315
207,315
156,315
256,315
174,315
246,315
183,315
231,315
222,315
252,315
220,315
254,315
223,315
258,315
386,315
228,315
182,315
212,315
132,315
225,315
232,315
430,315
106,315
234,315
254,315
192,315
191,315
166,315
237,315
241,315
218,315
309,315
115,315
75,315
200,315
168,315
220,315
198,315
208,315
461,315
391,315
230,315
130,315
214,315
404,315
210,315
178,315
251,315
217,315
188,315
110,315
227,315
104,315
215,315
181,315
262,315
206,315
415,315
253,315
201,315
323,315
186,315
221,315
226,315
174,315
320,315
355,315
194,315
242,315
223,315
216,315
231,315
257,315
114,315
207,315
169,315
236,315
219,315
197,315
214,315
233,315
194,315
223,315
165,315
246,315
245,315
185,315
185,315
224,315
389,315
226,315
263,315
162,315
200,315
336,315
281,315
181,315
250,315
194,315
215,315
200,315
232,315
241,315
216,315
241,315
234,315
239,315
181,315
247,315
116,315
202,315
222,315
254,315
58,315
215,315
241,315
187,315
243,315
245,315
203,315
105,315
240,315
172,315
269,315
206,315
235,315
225,315
244,315
234,315
265,315
167,315
125,315
221,315
220,315
208,315
256,315
373,315
335,315
223,315
330,315
231,315
202,315
227,315
209,315
230,315
217,315
350,315
40,315
172,315
323,315
236,315
226,315
456,315
178,315
219,315
250,315
112,315
203,315
115,315
188,315
249,315
253,315
172,315
169,315
204,315
231,315
244,315
207,315
82,315
128,315
190,315
251,315
102,315
231,315
198,315
265,315
207,315
182,315
185,315
233,315
221,315
227,315
265,315
203,315
334,315
196,315
209,315
203,315
247,315
189,315
284,315
385,315
226,315
123,315
168,315
191,315
224,315
205,315
239,315
241,315
223,315
196,315
277,315
232,315
200,315
272,315
257,315
242,315
347,315
224,315
235,315
263,315
232,315
224,315
236,315
215,315
227,315
218,315
251,315
184,315
240,315
252,315
211,315
247,315
242,315
144,315
293,315
109,315
252,315
215,315
214,315
221,315
119,315
233,315
216,315
251,315
124,315
251,315
103,315
148,315
239,315
234,315
235,315
258,315
115,315
234,315
289,315
283,315
218,315
208,315
236,315
195,315
254,315
190,315
238,315
208,315
69,315
189,315
248,315
139,315
174,315
231,315
223,315
224,315
202,315
210,315
270,315
122,315
231,315
233,315
120,315
107,315
232,315
184,315
204,315
223,315
202,315
245,315
251,315
230,315
181,315
227,315
265,315
253,315
208,315
184,315
226,315
123,315
255,315
227,315
196,315
211,315
245,315
396,315
224,315
205,315
207,315
164,315
238,315
181,315
160,315
177,315
260,315
307,315
218,315
245,315
226,315
244,315
232,315
245,315
212,315
217,315
329,315
185,315
203,315
284,315
209,315
239,315
214,315
171,315
86,315
254,315
276,315
329,315
247,315
223,315
391,315
120,315
178,315
237,315
105,315
223,315
191,315
225,315
163,315
95,315
209,315
211,315
246,315
165,315
119,315
231,315
168,315
262,315
169,315
212,315
184,315
300,315
212,315
210,315
236,315
79,315
246,315
245,315
223,315
218,315
198,315
72,315
177,315
238,315
231,315
235,315
99,315
202,315
124,315
231,315
224,315
224,315
248,315
214,315
397,315
211,315
136,315
247,315
403,315
219,315
224,315
176,315
237,315
237,315
223,315
233,315
232,315
228,315
231,315
101,315
248,315
323,315
176,315
221,315
212,315
234,315
233,315
430,315
358,315
241,315
262,315
235,315
228,315
229,315
209,315
245,315
195,315
222,315
193,315
231,315
191,315
37,315
238,315
216,315
244,315
227,315
233,315
182,315
237,315
186,315
210,315
162,315
71,315
220,315
186,315
215,315
219,315
220,315
309,315
124,315
208,315
220,315
234,315
219,315
214,315
257,315
235,315
264,315
216,315
346,315
212,315
314,315
248,315
182,315
183,315
227,315
184,315
153,315
207,315
214,315
244,315
115,315
200,315
344,315
220,315
228,315
231,315
244,315
230,315
66,315
250,315
229,315
227,315
217,315
238,315
255,315
111,315
177,315
225,315
235,315
228,315
212,315
192,315
200,315
232,315
236,315
233,315
323,315
278,315
179,315
170,315
251,315
134,315
361,315
51,315
223,315
235,315
200,315
229,315
179,315
234,315
115,315
237,315
226,315
233,315
168,315
235,315
256,315
261,315
248,315
213,315
225,315
242,315
306,315
229,315
224,315
242,315
226,315
176,315
155,315
188,315
373,315
230,315
196,315
207,315
112,315
213,315
200,315
233,315
253,315
244,315
197,315
221,315
198,315
103,315
203,315
209,315
246,315
246,315
223,315
194,315
327,315
222,315
250,315
238,315
466,315
177,315
243,315
174,315
182,315
228,315
194,315
180,315
199,315
236,315
70,315
228,315
245,315
178,315
223,315
113,315
184,315
145,315
205,315
214,315
188,315
418,315
255,315
312,315
141,315
264,315
314,315
129,315
250,315
248,315
214,315
108,315
224,315
235,315
121,315
256,315
227,315
171,315
171,315
119,315
214,315
241,315
215,315
163,315
222,315
199,315
205,315
232,315
232,315
165,315
238,315
229,315
183,315
126,315
230,315
230,315
231,315
130,315
258,315
344,315
327,315
70,315
216,315
240,315
90,315
211,315
234,315
166,315
206,315
211,315
136,315
203,315
256,315
237,315
178,315
188,315
393,315
240,315
189,315
225,315
234,315
167,315
123,315
224,315
240,315
225,315
244,315
200,315
216,315
248,315
217,315
106,315
399,315
212,315
126,315
243,315
208,315
127,315
232,315
338,315
244,315
216,315
237,315
363,315
210,315
255,315
161,315
230,315
179,315
218,315
312,315
142,315
92,315
240,315
232,315
236,315
316,315
240,315
325,315
127,315
211,315
235,315
205,315
221,315
240,315
141,315
178,315
314,315
150,315
252,315
248,315
250,315
233,315
219,315
228,315
219,315
221,315
223,315
237,315
193,315
255,315
263,315
225,315
202,315
188,315
241,315
112,315
241,315
88,315
186,315
179,315
172,315
234,315
188,315
211,315
199,315
235,315
205,315
248,315
231,315
236,315
261,315
122,315
241,315
222,315
120,315
265,315
92,315
241,315
322,315
211,315
263,315
214,315
112,315
216,315
352,315
171,315
116,315
217,315
266,315
294,315
281,315
220,315
220,315
295,315
192,315
218,315
287,315
210,315
194,315
234,315
61,315
257,315
202,315
237,315
253,315
243,315
200,315
200,315
189,315
200,315
200,315
238,315
227,315
228,315
232,315
336,315
231,315
211,315
185,315
199,315
308,315
224,315
225,315
221,315
132,315
120,315
115,315
197,315
227,315
244,315
129,315
201,315
253,315
263,315
209,315
235,315
241,315
196,315
309,315
229,315
98,315
220,315
197,315
199,315
91,315
280,315
245,315
325,315
203,315
240,315
185,315
156,315
167,315
221,315
332,315
391,315
213,315
210,315
216,315
218,315
233,315
215,315
220,315
235,315
217,315
161,315
193,315
127,315
206,315
216,315
204,315
217,315
207,315
203,315
196,315
197,315
97,315
226,315
244,315
174,315
230,315
245,315
429,315
86,315
286,315
225,315
230,315
183,315
167,315
248,315
69,315
361,315
55,315
364,315
203,315
233,315
203,315
189,315
115,315
200,315
278,315
429,315
257,315
262,315
236,315
105,315
325,315
213,315
176,315
162,315
177,315
314,315
212,315
212,315
205,315
194,315
113,315
219,315
228,315
195,315
143,315
201,315
324,315
194,315
202,315
185,315
189,315
332,315
233,315
367,315
168,315
239,315
215,315
200,315
234,315
318,315
238,315
219,315
103,315
178,315
54,315
240,315
68,315
242,315
222,315
205,315
102,315
397,315
232,315
197,315
230,315
172,315
214,315
408,315
167,315
241,315
188,315
239,315
238,315
262,315
399,315
91,315
124,315
229,315
204,315
280,315
222,315
234,315
395,315
220,315
229,315
244,315
231,315
279,315
195,315
201,315
170,315
231,315
92,315
377,315
214,315
200,315
242,315
216,315
248,315
180,315
192,315
303,315
231,315
213,315
263,315
365,315
314,315
223,315
108,315
148,315
215,315
67,315
191,315
204,315
218,315
202,315
197,315
68,315
219,315
243,315
195,315
182,315
194,315
167,315
221,315
194,315
181,315
199,315
194,315
188,315
197,315
199,315
195,315
208,315
239,315
101,315
209,315
221,315
222,315
220,315
210,315
221,315
218,315
178,315
202,315
158,315
309,315
377,315
92,315
236,315
250,315
212,315
381,315
214,315
185,315
179,315
397,315
416,315
182,315
215,315
224,315
240,315
70,315
64,315
257,315
187,315
186,315
226,315
197,315
403,315
212,315
307,315
201,315
223,315
58,315
390,315
94,315
225,315
199,315
304,315
246,315
246,315
305,315
389,315
181,315
196,315
177,315
236,315
187,315
232,315
210,315
225,315
338,315
220,315
200,315
228,315
207,315
218,315
104,315
177,315
297,315
176,315
402,315
245,315
210,315
202,315
167,315
242,315
321,315
184,315
323,315
286,315
105,315
162,315
209,315
238,315
278,315
236,315
94,315
348,315
229,315
200,315
210,315
333,315
396,315
379,315
223,315
175,315
351,315
185,315
225,315
196,315
237,315
438,315
202,315
166,315
198,315
201,315
155,315
182,315
225,315
381,315
207,315
243,315
198,315
220,315
226,315
141,315
251,315
228,315
228,315
408,315
397,315
215,315
179,315
238,315
234,315
168,315
199,315
192,315
190,315
69,315
205,315
232,315
202,315
187,315
193,315
192,315
216,315
217,315
236,315
191,315
194,315
216,315
232,315
220,315
203,315
100,315
302,315
181,315
245,315
164,315
195,315
206,315
219,315
271,315
275,315
476,315
251,315
236,315
238,315
242,315
272,315
313,315
288,315
302,315
188,315
240,315
231,315
181,315
172,315
208,315
330,315
220,315
223,315
196,315
199,315
220,315
227,315
226,315
208,315
214,315
308,315
243,315
175,315
236,315
244,315
240,315
106,315
227,315
128,315
231,315
444,315
258,315
213,315
239,315
238,315
213,315
200,315
223,315
153,315
200,315
220,315
233,315
115,315
202,315
198,315
355,315
204,315
209,315
178,315
202,315
195,315
171,315
201,315
237,315
105,315
278,315
363,315
187,315
219,315
230,315
211,315
193,315
402,315
236,315
207,315
324,315
178,315
165,315
85,315
233,315
267,315
214,315
184,315
99,315
291,315
180,315
246,315
332,315
219,315
205,315
183,315
306,315
220,315
221,315
183,315
211,315
106,315
232,315
203,315
314,315
102,315
175,315
196,315
252,315
225,315
243,315
167,315
230,315
302,315
248,315
244,315
49,315
230,315
154,315
222,315
103,315
273,315
190,315
213,315
76,315
215,315
199,315
237,315
215,315
106,315
220,315
224,315
306,315
194,315
197,315
242,315
235,315
235,315
182,315
239,315
463,315
358,315
238,315
196,315
218,315
188,315
169,315
348,315
201,315
159,315
402,315
191,315
237,315
202,315
214,315
176,315
193,315
190,315
224,315
183,315
197,315
269,315
216,315
181,315
244,315
247,315
201,315
209,315
244,315
96,315
221,315
160,315
195,315
220,315
207,315
139,315
373,315
199,315
271,315
233,315
168,315
307,315
247,315
105,315
94,315
233,315
223,315
212,315
166,315
224,315
212,315
206,315
225,315
150,315
202,315
205,315
181,315
177,315
136,315
215,315
215,315
177,315
165,315
327,315
225,315
376,315
214,315
203,315
224,315
162,315
179,315
200,315
186,315
233,315
212,315
214,315
218,315
419,315
199,315
117,315
233,315
279,315
243,315
216,315
228,315
217,315
216,315
230,315
208,315
104,315
194,315
197,315
226,315
227,315
491,315
201,315
224,315
205,315
320,315
216,315
212,315
197,315
196,315
225,315
328,315
160,315
201,315
186,315
206,315
192,315
189,315
180,315
243,315
321,315
224,315
197,315
442,315
312,315
190,315
183,315
96,315
249,315
176,315
228,315
256,315
201,315
186,315
223,315
239,315
224,315
213,315
239,315
223,315
221,315
202,315
230,315
197,315
210,315
198,315
164,315
95,315
206,315
193,315
324,315
205,315
193,315
234,315
244,315
189,315
231,315
191,315
179,315
252,315
180,315
91,315
197,315
198,315
357,315
170,315
174,315
247,315
234,315
222,315
236,315
183,315
224,315
297,315
343,315
212,315
173,315
219,315
273,315
207,315
190,315
212,315
252,315
201,315
448,315
101,315
237,315
223,315
82,315
198,315
52,315
311,315
258,315
198,315
246,315
212,315
108,315
132,315
224,315
141,315
219,315
65,315
222,315
326,315
115,315
180,315
244,315
213,315
212,315
192,315
279,315
317,315
254,315
188,315
233,315
139,315
215,315
196,315
193,315
176,315
230,315
96,315
285,315
225,315
236,315
203,315
229,315
219,315
163,315
242,315
219,315
204,315
119,315
236,315
238,315
155,315
212,315
232,315
220,315
213,315
217,315
223,315
240,315
235,315
207,315
173,315
100,315
311,315
195,315
219,315
151,315
195,315
232,315
235,315
237,315
291,315
220,315
250,315
175,315
190,315
225,315
328,315
163,315
173,315
409,315
222,315
219,315
233,315
344,315
235,315
229,315
217,315
212,315
201,315
226,315
173,315
212,315
224,315
214,315
217,315
207,315
83,315
225,315
187,315
196,315
226,315
250,315
196,315
236,315
200,315
225,315
315,315
233,315
226,315
400,315
187,315
227,315
226,315
251,315
204,315
220,315
209,315
191,315
269,315
187,315
228,315
226,315
112,315
259,315
215,315
305,315
190,315
205,315
113,315
250,315
208,315
175,315
230,315
175,315
209,315
163,315
182,315
330,315
181,315
214,315
236,315
321,315
213,315
190,315
235,315
97,315
314,315
256,315
260,315
197,315
318,315
188,315
212,315
170,315
238,315
216,315
187,315
236,315
199,315
220,315
292,315
237,315
176,315
201,315
237,315
233,315
185,315
230,315
219,315
215,315
169,315
222,323
246,323
235,323
212,323
180,323
197,323
229,323
220,323
129,323
233,323
254,323
229,323
265,323
257,323
252,323
317,323
209,323
134,323
215,323
354,323
223,323
240,323
211,323
183,323
197,323
261,323
230,323
21,323
106,323
235,323
109,323
192,323
240,323
245,323
235,323
204,323
249,323
261,323
227,323
131,323
223,323
206,323
233,323
194,323
148,323
203,323
412,323
229,323
115,323
198,323
186,323
259,323
238,323
235,323
223,323
223,323
222,323
133,323
240,323
98,323
239,323
224,323
210,323
247,323
195,323
121,323
284,323
202,323
231,323
233,323
178,323
452,323
396,323
218,323
230,323
235,323
230,323
204,323
175,323
244,323
90,323
175,323
238,323
220,323
231,323
240,323
195,323
225,323
247,323
212,323
229,323
222,323
213,323
222,323
205,323
206,323
243,323
303,323
121,323
212,323
230,323
209,323
204,323
177,323
220,323
231,323
184,323
160,323
229,323
193,323
180,323
247,323
240,323
234,323
246,323
228,323
220,323
46,323
205,323
181,323
119,323
264,323
223,323
204,323
208,323
259,323
119,323
254,323
203,323
233,323
197,323
243,323
229,323
231,323
234,323
222,323
216,323
220,323
202,323
233,323
118,323
233,323
233,323
246,323
232,323
218,323
229,323
241,323
219,323
343,323
224,323
216,323
227,323
197,323
221,323
236,323
207,323
228,323
206,323
227,323
236,323
245,323
213,323
125,323
231,323
194,323
245,323
231,323
218,323
161,323
222,323
224,323
62,323
234,323
234,323
200,323
162,323
127,323
236,323
210,323
228,323
221,323
218,323
234,323
256,323
209,323
249,323
225,323
264,323
215,323
101,323
261,323
232,323
220,323
229,323
242,323
152,323
208,323
213,323
212,323
230,323
214,323
207,323
236,323
235,323
62,323
235,323
167,323
254,323
232,323
118,323
216,323
238,323
71,323
222,323
207,323
236,323
209,323
227,323
231,323
208,323
102,323
238,323
216,323
224,323
222,323
178,323
231,323
261,323
207,323
228,323
210,323
249,323
204,323
124,323
237,323
216,323
236,323
202,323
179,323
212,323
236,323
225,323
215,323
251,323
219,323
238,323
103,323
204,323
208,323
248,323
180,323
236,323
186,323
224,323
407,323
247,323
242,323
227,323
234,323
236,323
222,323
244,323
230,323
220,323
114,323
277,323
224,323
683,323
130,323
210,323
243,323
222,323
232,323
220,323
107,323
245,323
216,323
223,323
232,323
232,323
250,323
239,323
225,323
255,323
221,323
222,323
249,323
227,323
492,323
195,323
229,323
250,323
236,323
251,323
250,323
213,323
133,323
211,323
226,323
242,323
130,323
242,323
231,323
248,323
343,323
183,323
185,323
238,323
230,323
249,323
266,323
247,323
233,323
230,323
129,323
227,323
208,323
237,323
219,323
226,323
248,323
174,323
242,323
227,323
111,323
249,323
229,323
173,323
226,323
103,323
119,323
235,323
137,323
122,323
226,323
114,323
191,323
171,323
128,323
225,323
231,323
237,323
119,323
245,323
161,323
235,323
249,323
217,323
218,323
225,323
121,323
196,323
207,323
227,323
252,323
246,323
164,323
225,323
147,323
242,323
446,323
218,323
251,323
237,323
222,323
229,323
183,323
199,323
265,323
227,323
189,323
242,323
204,323
221,323
206,323
211,323
238,323
214,323
219,323
249,323
222,323
134,323
225,323
213,323
232,323
239,323
236,323
222,323
210,323
230,323
244,323
117,323
256,323
124,323
263,323
231,323
160,323
196,323
226,323
237,323
231,323
247,323
258,323
216,323
79,323
185,323
175,323
226,323
214,323
401,323
217,323
226,323
92,323
227,323
341,323
242,323
212,323
202,323
232,323
193,323
206,323
232,323
207,323
234,323
197,323
209,323
234,323
221,323
246,323
251,323
220,323
201,323
234,323
167,323
181,323
119,323
230,323
238,323
120,323
237,323
238,323
210,323
233,323
251,323
253,323
224,323
232,323
292,323
217,323
211,323
232,323
226,323
350,323
205,323
230,323
330,323
253,323
209,323
196,323
222,323
225,323
196,323
233,323
202,323
226,323
237,323
222,323
120,323
255,323
228,323
192,323
217,323
252,323
230,323
122,323
243,323
177,323
136,323
90,323
208,323
248,323
169,323
228,323
226,323
230,323
217,323
241,323
244,323
213,323
227,323
178,323
212,323
230,323
242,323
220,323
182,323
424,323
247,323
223,323
195,323
206,323
218,323
250,323
225,323
119,323
236,323
250,323
122,323
221,323
239,323
235,323
237,323
229,323
229,323
227,323
231,323
226,323
223,323
233,323
123,323
231,323
244,323
116,323
132,323
231,323
249,323
223,323
266,323
207,323
209,323
226,323
240,323
244,323
157,323
243,323
206,323
246,323
235,323
232,323
210,323
229,323
131,323
192,323
249,323
255,323
245,323
207,323
194,323
230,323
239,323
217,323
243,323
213,323
54,323
196,323
207,323
197,323
192,323
223,323
223,323
260,323
226,323
217,323
240,323
195,323
221,323
250,323
208,323
190,323
237,323
253,323
232,323
263,323
215,323
211,323
229,323
221,323
226,323
218,323
212,323
274,323
239,323
231,323
68,323
207,323
243,323
404,323
242,323
111,323
199,323
231,323
201,323
220,323
254,323
211,323
238,323
221,323
243,323
212,323
168,323
230,323
234,323
221,323
212,323
229,323
237,323
221,323
215,323
218,323
212,323
257,323
219,323
218,323
233,323
196,323
215,323
185,323
348,323
221,323
198,323
107,323
222,323
394,323
240,323
215,323
128,323
256,323
243,323
267,323
246,323
129,323
236,323
220,323
243,323
106,323
242,323
237,323
498,323
286,323
205,323
229,323
226,323
211,323
247,323
103,323
233,323
231,323
124,323
238,323
120,323
228,323
221,323
171,323
238,323
232,323
206,323
243,323
243,323
211,323
225,323
228,323
221,323
217,323
208,323
199,323
233,323
224,323
244,323
259,323
160,323
208,323
183,323
239,323
185,323
112,323
235,323
167,323
168,323
215,323
208,323
230,323
225,323
331,323
259,323
213,323
217,323
209,323
242,323
109,323
106,323
217,323
211,323
236,323
203,323
216,323
231,323
249,323
218,323
235,323
201,323
250,323
200,323
248,323
236,323
238,323
230,323
233,323
250,323
236,323
246,323
231,323
284,323
250,323
256,323
225,323
182,323
208,323
248,323
348,323
404,323
365,323
190,323
230,323
230,323
235,323
128,323
241,323
192,323
223,323
232,323
114,323
252,323
217,323
217,323
244,323
180,323
342,323
195,323
227,323
211,323
228,323
86,323
184,323
242,323
232,323
218,323
231,323
207,323
147,323
239,323
237,323
227,323
380,323
107,323
223,323
321,323
217,323
218,323
172,323
129,323
215,323
160,323
226,323
255,323
217,323
241,323
236,323
224,323
250,323
242,323
247,323
187,323
234,323
217,323
233,323
118,323
231,323
177,323
463,323
253,323
242,323
208,323
225,323
229,323
215,323
462,323
186,323
235,323
231,323
218,323
215,323
244,323
255,323
208,323
98,323
246,323
221,323
227,323
129,323
225,323
239,323
114,323
219,323
309,323
220,323
245,323
236,323
153,323
237,323
190,323
215,323
235,323
236,323
238,323
128,323
223,323
241,323
204,323
207,323
139,323
245,323
218,323
209,323
190,323
221,323
206,323
217,323
215,323
243,323
171,323
235,323
228,323
252,323
245,323
232,323
103,323
230,323
131,323
223,323
229,323
238,323
234,323
342,323
126,323
239,323
226,323
199,323
197,323
230,323
219,323
241,323
211,323
222,323
241,323
129,323
241,323
369,323
224,323
255,323
227,323
134,323
266,323
120,323
226,323
228,323
240,323
205,323
226,323
212,323
403,323
227,323
221,323
211,323
240,323
204,323
251,323
234,323
100,323
236,323
223,323
224,323
217,323
239,323
228,323
234,323
175,323
178,323
256,323
266,323
258,323
205,323
217,323
220,323
223,323
242,323
217,323
185,323
222,323
231,323
231,323
224,323
230,323
151,323
245,323
231,323
214,323
235,323
176,323
218,323
146,323
120,323
236,323
223,323
252,323
188,323
224,323
174,323
228,323
239,323
225,323
237,323
225,323
232,323
229,323
248,323
248,323
226,323
209,323
214,323
126,323
243,323
239,323
243,323
248,323
226,323
227,323
108,323
226,323
228,323
244,323
220,323
235,323
209,323
236,323
225,323
232,323
223,323
211,323
205,323
233,323
229,323
245,323
217,323
142,323
115,323
184,323
113,323
180,323
121,323
240,323
262,323
235,323
227,323
232,323
223,323
221,323
211,323
235,323
206,323
234,323
230,323
193,323
373,323
211,323
223,323
217,323
127,323
148,323
309,323
235,323
232,323
243,323
259,323
179,323
234,323
199,323
232,323
432,323
233,323
227,323
55,323
44,323
217,323
124,323
248,323
242,323
181,323
206,323
256,323
194,323
149,323
244,323
202,323
226,323
220,323
177,323
238,323
213,323
209,323
246,323
247,323
170,323
202,323
197,323
105,323
109,323
243,323
224,323
306,323
226,323
234,323
159,323
245,323
247,323
245,323
222,323
230,323
503,323
232,323
233,323
235,323
233,323
217,323
235,323
252,323
210,323
204,323
223,323
222,323
209,323
216,323
254,323
201,323
187,323
229,323
237,323
170,323
200,323
227,323
183,323
215,323
258,323
259,323
202,323
198,323
236,323
227,323
229,323
192,323
210,323
164,323
229,323
238,323
223,323
231,323
193,323
301,323
229,323
237,323
182,323
211,323
243,323
188,323
460,323
219,323
195,323
208,323
203,323
202,323
250,323
118,323
205,323
221,323
129,323
151,323
203,323
188,323
225,323
246,323
235,323
234,323
217,323
242,323
243,323
219,323
161,323
223,323
204,323
193,323
121,323
239,323
232,323
239,323
235,323
162,323
225,323
236,323
209,323
233,323
198,323
157,323
221,323
232,323
230,323
215,323
230,323
215,323
301,323
169,323
234,323
243,323
202,323
256,323
176,323
128,323
117,323
224,323
231,323
232,323
325,323
209,323
219,323
246,323
226,323
105,323
231,323
153,323
184,323
259,323
221,323
230,323
227,323
230,323
430,323
246,323
215,323
217,323
221,323
239,323
241,323
223,323
213,323
217,323
240,323
185,323
229,323
226,323
241,323
241,323
101,323
245,323
258,323
259,323
101,323
112,323
246,323
250,323
253,323
248,323
188,323
250,323
97,323
241,323
189,323
223,323
243,323
211,323
256,323
217,323
237,323
249,323
237,323
162,323
226,323
235,323
224,323
208,323
221,323
233,323
217,323
227,323
299,323
237,323
252,323
240,323
115,323
188,323
237,323
237,323
228,323
219,323
232,323
243,323
218,323
205,323
248,323
219,323
117,323
233,323
134,323
187,323
232,323
183,323
90,323
215,323
210,323
238,323
268,323
234,323
228,323
202,323
207,323
105,323
213,323
185,323
200,323
227,323
231,323
126,323
229,323
246,323
230,323
242,323
231,323
204,323
408,323
218,323
231,323
236,323
221,323
254,323
177,323
211,323
215,323
215,323
230,323
232,323
219,323
220,323
283,323
201,323
265,323
258,323
169,323
322,323
224,323
207,323
226,323
214,323
212,323
220,323
196,323
223,323
30,323
213,323
239,323
212,323
242,323
250,323
230,323
204,323
227,323
229,323
226,323
81,323
244,323
235,323
227,323
209,323
236,323
186,323
208,323
194,323
161,323
207,323
159,323
92,323
184,323
220,323
324,323
225,323
227,323
235,323
230,323
242,323
232,323
219,323
192,323
226,323
200,323
164,323
233,323
99,323
225,323
196,323
212,323
117,323
124,323
249,323
185,323
205,323
218,323
222,323
243,323
250,323
174,323
240,323
240,323
219,323
188,323
236,323
233,323
222,323
186,323
208,323
128,323
234,323
224,323
236,323
217,323
122,323
127,323
105,323
234,323
210,323
88,323
230,323
223,323
127,323
222,323
182,323
123,323
479,323
176,323
231,323
216,323
62,323
208,323
240,323
223,323
229,323
222,323
205,323
114,323
261,323
175,323
206,323
228,323
173,323
227,323
332,323
240,323
244,323
236,323
367,323
220,323
241,323
176,323
243,323
387,323
236,323
229,323
213,323
229,323
126,323
184,323
226,323
162,323
394,323
118,323
108,323
132,323
189,323
240,323
246,323
207,323
239,323
236,323
126,323
244,323
248,323
227,323
244,323
238,323
147,323
224,323
235,323
237,323
211,323
227,323
104,323
223,323
118,323
257,323
196,323
201,323
221,323
221,323
238,323
48,323
214,323
249,323
225,323
233,323
143,323
231,323
220,323
195,323
216,323
256,323
212,323
214,323
227,323
230,323
207,323
238,323
237,323
242,323
226,323
132,323
185,323
127,323
209,323
222,323
128,323
151,323
212,323
230,323
189,323
247,323
216,323
237,323
143,323
229,323
165,323
217,323
229,323
235,323
220,323
216,323
194,323
231,323
241,323
255,323
100,323
229,323
120,323
110,323
191,323
226,323
116,323
66,323
227,323
249,323
227,323
216,323
216,323
201,323
223,323
197,323
182,323
238,323
190,323
231,323
228,323
206,323
184,323
212,323
233,323
216,323
220,323
219,323
224,323
235,323
101,323
177,323
190,323
233,323
219,323
224,323
140,323
425,323
242,323
241,323
213,323
233,323
236,323
249,323
201,323
245,323
254,323
190,323
228,323
199,323
217,323
209,323
237,323
237,323
235,323
246,323
230,323
131,323
244,323
182,323
164,323
191,323
222,323
227,323
242,323
236,323
208,323
218,323
239,323
234,323
220,323
241,323
247,323
223,323
197,323
113,323
233,323
221,323
197,323
219,323
106,323
132,323
228,323
222,323
205,323
215,323
214,323
236,323
223,323
262,323
143,323
197,323
227,323
136,323
103,323
198,323
216,323
218,323
241,323
214,323
226,323
256,323
80,323
218,323
228,323
207,323
221,323
239,323
116,323
140,323
253,323
247,323
199,323
220,323
218,323
218,323
249,323
431,323
93,323
216,323
230,323
217,323
273,323
227,323
236,323
230,323
200,323
199,323
243,323
110,323
146,323
219,323
225,323
242,323
225,323
190,323
265,323
235,323
245,323
446,323
243,323
194,323
217,323
247,323
190,323
232,323
226,323
237,323
210,323
204,323
206,323
128,323
228,323
245,323
250,323
202,323
317,323
318,323
109,323
234,323
204,323
189,323
246,323
246,323
131,323
214,323
278,323
240,323
214,323
214,323
211,323
208,323
241,323
240,323
232,323
232,323
241,323
246,323
353,323
193,323
214,323
406,323
181,323
242,323
239,323
230,323
224,323
243,323
209,323
244,323
236,323
483,323
333,323
126,323
232,323
229,323
208,323
214,323
239,323
224,323
223,323
272,323
217,323
234,323
196,323
198,323
231,323
228,323
214,323
242,323
218,323
187,323
197,323
148,323
210,323
194,323
223,323
262,323
231,323
244,323
218,323
199,323
247,323
241,323
206,323
204,323
251,323
180,323
236,323
226,323
217,323
242,323
236,323
208,323
242,323
240,323
230,323
436,323
208,323
228,323
171,323
107,323
211,323
173,323
207,323
218,323
267,323
238,323
256,323
173,323
237,323
232,323
221,323
123,323
230,323
128,323
299,323
159,323
180,323
215,323
213,323
247,323
228,323
232,323
177,323
237,323
232,323
201,323
245,323
236,323
228,323
216,323
233,323
233,323
115,323
164,323
239,323
195,323
253,323
226,323
223,323
187,323
224,323
204,323
205,323
248,323
201,323
212,323
236,323
222,323
232,323
317,323
216,323
201,323
116,323
265,323
127,323
242,323
248,323
233,323
114,323
223,323
223,323
225,323
257,323
242,323
221,323
229,323
209,323
227,323
255,323
217,323
200,323
213,323
239,323
216,323
249,323
213,323
191,323
217,323
217,323
236,323
203,323
267,323
215,323
239,323
238,323
238,323
128,323
260,323
218,323
228,323
195,323
239,323
194,323
334,323
246,323
214,323
232,323
259,323
162,323
247,323
243,323
249,323
219,323
203,323
180,323
98,323
117,323
216,323
235,323
222,323
227,323
227,323
219,323
179,323
234,323
195,323
359,323
227,323
239,323
199,323
229,323
224,323
227,323
231,323
68,323
244,323
212,323
208,323
240,323
228,323
196,323
219,323
108,323
110,323
232,323
215,323
222,323
167,323
242,323
224,323
240,323
224,323
221,323
218,323
220,323
216,323
211,323
220,323
247,323
248,323
256,323
211,323
172,323
210,323
228,323
256,323
137,323
241,323
207,323
103,323
206,323
225,323
232,323
456,323
224,323
232,323
215,323
234,323
348,323
244,323
248,323
232,323
119,323
241,323
209,323
199,323
248,323
232,323
200,323
228,323
197,323
248,323
212,323
260,323
190,323
249,323
247,323
228,323
224,323
239,323
222,323
250,323
223,323
232,323
210,323
217,323
235,323
225,323
249,323
216,323
200,323
240,323
243,323
227,323
224,323
183,323
203,323
248,323
119,323
215,323
227,323
191,323
106,323
180,323
238,323
217,323
212,323
242,323
255,323
228,323
239,323
244,323
422,323
247,323
240,323
194,323
220,323
247,323
196,323
187,323
207,323
248,323
244,323
257,323
235,323
313,323
194,323
115,323
245,323
238,323
208,323
234,323
237,323
209,323
243,323
216,323
124,323
232,323
238,323
213,323
228,323
172,323
255,323
241,323
245,323
242,323
231,323
119,323
227,323
233,323
109,323
71,323
227,323
225,323
183,323
246,323
249,323
249,323
210,323
225,323
253,323
229,323
253,323
239,323
201,323
213,323
238,323
274,323
231,323
243,323
247,323
224,323
118,323
243,323
232,323
196,323
200,323
231,323
139,323
216,323
241,323
221,323
242,323
226,323
243,323
159,323
112,323
161,323
197,323
202,323
251,323
243,323
195,323
123,323
223,323
205,323
321,323
226,323
216,323
211,323
202,323
223,323
215,323
214,323
219,323
256,323
669,323
191,323
246,323
239,323
220,323
50,323
197,323
250,323
231,323
257,323
206,323
234,323
224,323
226,323
225,323
220,323
233,323
231,323
230,323
200,323
191,323
234,323
230,323
231,323
339,323
254,323
191,323
213,323
178,323
265,323
234,323
194,323
218,323
259,323
355,323
224,323
111,323
399,323
198,323
239,323
251,323
255,323
188,323
227,323
233,323
240,323
237,323
55,323
219,323
166,323
180,323
230,323
219,323
233,323
230,323
255,323
209,323
224,323
231,323
241,323
224,323
233,323
82,323
255,323
84,323
215,323
265,323
101,323
242,323
159,323
225,323
226,323
252,323
217,323
132,323
184,323
246,323
233,323
209,323
130,323
119,323
234,323
246,323
229,323
165,323
226,323
190,323
214,323
212,323
220,323
217,323
217,323
231,323
220,323
213,323
226,323
364,323
116,323
248,323
201,323
236,323
218,323
211,323
230,323
263,323
227,323
226,323
256,323
200,323
156,323
244,323
218,323
237,323
244,323
238,323
229,323
245,323
229,323
199,323
113,323
258,323
58,323
156,323
220,323
239,323
257,323
253,323
220,323
185,323
148,323
227,323
185,323
407,323
200,323
251,323
236,323
174,323
238,323
209,323
243,323
184,323
120,323
225,323
200,323
406,323
206,323
212,323
243,323
178,323
463,323
259,323
268,323
247,323
238,323
223,323
224,323
185,323
207,323
231,323
414,323
233,323
236,323
250,323
248,323
201,323
237,323
105,323
227,323
195,323
443,323
229,323
224,323
196,323
237,323
238,323
413,323
229,323
228,323
216,323
208,323
218,323
119,323
128,323
235,323
101,323
225,323
604,323
224,323
254,323
164,323
208,323
227,323
245,323
233,323
210,323
215,323
230,323
235,323
205,323
242,323
235,323
227,323
226,323
94,323
268,323
246,323
253,323
245,323
248,323
85,323
226,323
208,323
216,323
245,323
215,323
233,323
209,323
215,323
257,323
119,323
229,323
218,323
224,323
228,323
238,323
201,323
128,323
226,323
239,323
214,323
211,323
123,323
225,323
227,323
246,323
240,323
241,323
204,323
232,323
267,323
267,323
254,323
223,323
233,323
218,323
246,323
233,323
232,323
116,323
235,323
227,323
371,323
227,323
193,323
254,323
225,323
226,323
238,323
217,323
231,323
185,323
285,323
218,323
256,323
78,323
226,323
235,323
235,323
106,323
243,323
236,323
224,323
240,323
235,323
244,323
239,323
256,323
254,323
240,323
267,323
241,323
231,323
234,323
110,323
233,323
239,323
236,323
231,323
121,323
250,323
258,323
219,323
230,323
232,323
194,323
246,323
126,323
189,323
207,323
257,323
216,323
225,323
228,323
230,323
222,323
236,323
123,323
198,323
232,323
223,323
142,323
216,323
231,323
192,323
170,323
230,323
221,323
248,323
214,323
256,323
231,323
204,323
224,323
225,323
221,323
117,323
209,323
200,323
218,323
241,323
196,323
224,323
203,323
223,323
239,323
224,323
50,323
232,323
243,323
231,323
176,323
207,323
262,323
212,323
393,323
223,323
223,323
219,323
144,323
382,323
248,323
236,323
342,323
213,323
212,323
220,323
128,323
206,323
80,323
229,323
235,323
234,323
115,323
185,323
249,323
228,323
227,323
211,323
228,323
202,323
239,323
245,323
262,323
225,323
236,323
240,323
225,323
241,323
220,323
222,323
137,323
225,323
248,323
211,323
204,323
201,323
225,323
217,323
187,323
181,323
237,323
257,323
197,323
239,323
219,323
232,323
219,323
207,323
239,323
235,323
222,323
246,323
259,323
242,323
250,323
241,323
239,323
444,323
258,323
236,323
187,323
228,323
233,323
241,323
235,323
120,323
234,323
104,323
190,323
214,323
231,323
66,323
209,323
441,323
303,323
244,323
222,323
265,323
228,323
239,323
221,323
245,323
190,323
255,323
202,323
230,323
224,323
225,323
224,323
198,323
227,323
229,323
219,323
201,323
184,323
195,323
102,323
223,323
252,323
234,323
262,323
231,323
216,323
199,323
221,323
253,323
287,323
256,323
228,323
238,323
118,323
209,323
212,323
212,323
252,323
237,323
214,323
184,323
111,323
219,323
235,323
172,323
68,323
150,323
206,323
208,323
192,323
182,323
234,323
230,323
249,323
374,323
234,323
193,323
250,323
239,323
234,323
202,323
243,323
261,323
211,323
129,323
223,323
239,323
236,323
249,323
237,323
230,323
230,323
225,323
219,323
81,323
205,323
340,323
223,323
225,323
273,323
214,323
252,323
258,323
118,323
233,323
254,323
224,323
247,323
246,323
199,323
213,323
234,323
222,323
248,323
210,323
245,323
249,323
244,323
216,323
218,323
123,323
181,323
422,323
233,323
244,323
214,323
242,323
234,323
231,323
260,323
240,323
219,323
224,323
235,323
215,323
112,323
121,323
109,323
199,323
255,323
225,323
238,323
102,323
217,323
244,323
247,323
203,323
209,323
227,323
350,323
210,323
218,323
177,323
95,323
230,323
255,323
303,323
110,323
190,323
244,323
117,323
244,323
209,323
187,323
245,323
226,323
159,323
225,323
156,323
235,323
193,323
172,323
202,323
89,323
225,323
237,323
202,323
228,323
241,323
234,323
220,323
209,323
218,323
189,323
270,323
187,323
227,323
430,323
250,323
184,323
228,323
244,323
241,323
213,323
202,323
234,323
190,323
110,323
141,323
234,323
186,323
247,323
239,323
227,323
225,323
252,323
234,323
236,323
225,323
218,323
155,323
209,323
233,323
119,323
231,323
221,323
239,323
243,323
223,323
230,323
258,323
218,323
242,323
239,323
222,323
219,323
230,323
232,323
234,323
246,323
226,323
321,323
131,323
226,323
168,323
237,323
218,323
235,323
331,323
312,323
224,323
212,323
234,323
180,323
119,323
231,323
197,323
234,323
254,323
221,323
224,323
114,323
208,323
216,323
206,323
215,323
231,323
427,323
255,323
84,323
208,323
194,323
217,323
235,323
225,323
231,323
212,323
236,323
218,323
220,323
253,323
227,323
232,323
231,323
228,323
255,323
246,323
245,323
226,323
234,323
247,323
155,323
214,323
225,323
237,323
240,323
207,323
277,323
173,323
218,323
205,323
237,323
144,323
256,323
202,323
214,323
117,323
243,323
232,323
232,323
238,323
237,323
199,323
363,323
156,323
220,323
237,323
236,323
238,323
234,323
258,323
481,323
233,323
239,323
215,323
189,323
253,323
239,323
188,323
383,323
137,323
183,323
220,323
213,323
233,323
380,323
218,323
243,323
236,323
228,323
214,323
192,323
200,323
232,323
250,323
232,323
225,323
235,323
113,323
196,323
238,323
241,323
225,323
471,323
234,323
232,323
240,323
113,323
212,323
243,323
149,323
248,323
200,323
234,323
220,323
205,323
260,323
246,323
173,323
212,323
203,323
248,323
115,323
245,323
174,323
106,323
237,323
107,323
212,323
230,323
199,323
234,323
217,323
229,323
234,323
246,323
217,323
249,323
214,323
461,323
210,323
313,323
215,323
237,323
223,323
232,323
221,323
210,323
226,323
222,323
235,323
113,323
191,323
199,323
205,323
219,323
200,323
222,323
188,323
111,323
235,323
218,323
226,323
231,323
228,323
276,323
218,323
147,323
190,323
212,323
230,323
217,323
214,323
174,323
179,323
262,323
73,323
214,323
131,323
446,323
206,323
215,323
225,323
228,323
238,323
223,323
206,323
231,323
246,323
198,323
188,323
233,323
250,323
190,323
224,323
182,323
222,323
186,323
173,323
211,323
200,323
243,323
198,323
225,323
213,323
215,323
326,323
238,323
214,323
180,323
258,323
216,323
109,323
238,323
222,323
246,323
222,323
239,323
173,323
189,323
233,323
395,323
112,323
197,323
232,323
216,323
233,323
216,323
213,323
195,323
226,323
111,323
214,323
235,323
250,323
213,323
162,323
234,323
244,323
235,323
113,323
199,323
241,323
198,323
244,323
176,323
227,323
190,323
241,323
236,323
215,323
218,323
228,323
208,323
219,323
219,323
185,323
240,323
220,323
194,323
217,323
206,323
254,323
236,323
228,323
227,323
202,323
219,323
327,323
248,323
225,323
184,323
200,323
202,323
237,323
240,323
379,323
218,323
206,323
210,323
248,323
244,323
222,323
244,323
241,323
213,323
239,323
222,323
207,323
215,323
234,323
252,323
126,323
229,323
232,323
227,323
194,323
246,323
125,323
110,323
478,323
208,323
214,323
189,323
230,323
199,323
195,323
226,323
223,323
230,323
217,323
231,323
374,323
221,323
234,323
240,323
151,323
234,323
234,323
171,323
250,323
221,323
234,323
251,323
221,323
242,323
212,323
223,323
253,323
243,323
252,323
229,323
212,323
222,323
224,323
231,323
122,323
203,323
224,323
219,323
201,323
208,323
179,323
247,323
130,323
219,323
196,323
231,323
179,323
231,323
148,323
158,323
233,323
205,323
221,323
253,323
418,323
213,323
230,323
237,323
233,323
248,323
236,323
228,323
350,323
471,323
209,323
233,323
248,323
210,323
261,323
221,323
197,323
196,323
223,323
224,323
229,323
175,323
191,323
237,323
221,323
68,323
230,323
162,323
224,323
225,323
124,323
235,323
225,323
240,323
214,323
187,323
230,323
114,323
155,323
212,323
227,323
219,323
241,323
233,323
220,323
257,323
224,323
226,323
217,323
205,323
237,323
373,323
234,323
192,323
213,323
207,323
212,323
111,323
86,323
158,323
239,323
117,323
113,323
220,323
223,323
326,323
249,323
103,323
247,323
203,323
117,323
232,323
194,323
236,323
167,323
218,323
206,323
231,323
225,323
202,323
249,323
229,323
252,323
199,323
156,323
224,323
232,323
227,323
209,323
121,323
190,323
232,323
236,323
183,323
207,323
245,323
247,323
152,323
224,323
245,323
224,323
226,323
254,323
225,323
235,323
218,323
221,323
214,323
197,323
193,323
235,323
227,323
202,323
224,323
212,323
223,323
209,323
245,323
192,323
188,323
218,323
231,323
226,323
210,323
209,323
219,323
228,323
160,323
234,323
102,323
226,323
205,323
151,323
241,323
234,323
218,323
233,323
258,323
228,323
109,323
238,323
226,323
192,323
228,323
229,323
212,323
220,323
220,323
240,323
184,323
208,323
227,323
208,323
221,323
221,323
234,323
155,323
204,323
176,323
231,323
225,323
232,323
227,323
244,323
113,323
243,323
221,323
195,323
199,323
116,323
207,323
219,323
237,323
224,323
234,323
240,323
232,323
217,323
229,323
194,323
209,323
215,323
232,323
290,323
350,323
225,323
232,323
128,323
291,323
222,323
160,323
291,323
230,323
218,323
211,323
185,323
215,323
211,323
223,323
242,323
255,323
222,323
220,323
73,323
216,323
199,323
163,323
183,323
184,323
251,323
206,323
239,323
230,323
180,323
202,323
234,323
225,323
203,323
239,323
202,323
215,323
215,323
228,323
209,323
227,323
224,323
214,323
220,323
210,323
104,323
119,323
227,323
206,323
230,323
202,323
233,323
216,323
247,323
218,323
117,323
224,323
211,323
146,323
204,323
227,323
223,323
235,323
223,323
210,323
228,323
221,323
216,323
231,323
240,323
199,323
230,323
216,323
289,323
123,323
130,323
183,323
208,323
222,323
143,323
203,323
124,323
113,323
233,323
169,323
193,323
82,323
233,323
202,323
258,323
230,323
210,323
314,323
165,323
256,323
202,323
198,323
220,323
226,323
192,323
183,323
231,323
178,323
245,323
232,323
245,323
265,323
169,323
239,323
248,323
239,323
233,323
190,323
225,323
174,323
222,323
216,323
222,323
242,323
119,323
237,323
187,323
233,323
174,323
216,323
240,323
236,323
220,323
168,323
220,323
222,323
246,323
216,323
223,323
213,323
229,323
228,323
226,323
239,323
241,323
233,323
255,323
255,323
229,323
123,323
205,323
209,323
232,323
217,323
213,323
221,323
250,323
224,323
234,323
259,323
220,323
188,323
233,323
238,323
270,323
222,323
208,323
230,323
130,323
97,323
179,323
251,323
209,323
233,323
239,323
102,323
242,323
233,323
278,323
218,323
224,323
232,323
213,323
220,323
219,323
220,323
230,323
237,323
221,323
142,323
214,323
232,323
208,323
215,323
217,323
249,323
195,323
220,323
228,323
215,323
221,323
204,323
214,323
110,323
220,323
74,323
165,323
199,323
332,323
227,323
222,323
237,323
162,323
200,323
222,323
208,323
229,323
172,323
235,323
236,323
169,323
234,323
225,323
25,323
219,323
224,323
222,323
240,323
216,323
220,323
199,323
228,323
228,323
133,323
238,323
233,323
231,323
230,323
250,323
234,323
226,323
343,323
220,323
253,323
219,323
222,323
259,323
116,323
227,323
221,323
274,323
242,323
209,323
244,323
257,323
246,323
107,323
219,323
212,323
206,323
232,323
234,323
232,323
225,323
223,323
236,323
241,323
244,323
235,323
220,323
261,323
236,323
238,323
220,323
232,323
230,323
243,323
211,323
195,323
216,323
238,323
110,323
122,323
224,323
240,323
238,323
233,323
223,323
252,323
173,323
235,323
206,323
254,323
213,323
240,323
234,323
182,323
40,323
247,323
250,323
233,323
236,323
214,323
220,323
258,323
254,323
230,323
165,323
221,323
188,323
234,323
220,323
220,323
241,323
230,323
241,323
62,323
260,323
226,323
260,323
207,323
207,323
222,323
247,323
209,323
217,323
215,323
209,323
227,323
232,323
236,323
204,323
133,323
293,323
236,323
216,323
244,323
234,323
231,323
265,323
235,323
207,323
214,323
230,323
129,323
241,323
217,323
190,323
233,323
244,323
255,323
244,323
114,323
238,323
252,323
234,323
197,323
236,323
239,323
220,323
248,323
235,323
233,323
209,323
228,323
202,323
319,323
181,323
242,323
235,323
212,323
207,323
191,323
257,323
237,323
227,323
237,323
465,323
235,323
210,323
110,323
202,323
246,323
232,323
243,323
466,323
221,323
227,323
211,323
237,323
239,323
238,323
264,323
248,323
239,323
227,323
234,323
219,323
199,323
247,323
238,323
247,323
232,323
243,323
235,323
239,323
235,323
188,323
244,323
238,323
191,323
193,323
217,323
181,323
266,323
235,323
204,323
210,323
229,323
245,323
237,323
239,323
201,323
542,323
249,323
235,323
237,323
244,323
218,323
237,323
258,323
195,323
119,323
246,323
231,323
242,323
276,323
236,323
249,323
203,323
252,323
242,323
209,323
248,323
212,323
235,323
222,323
112,323
216,323
256,323
224,323
240,323
236,323
205,323
448,323
196,323
213,323
203,323
226,323
429,323
166,323
226,323
220,323
241,323
174,323
222,323
255,323
221,323
222,323
223,323
217,323
214,323
248,323
116,323
172,323
113,323
132,323
238,323
235,323
234,323
237,323
209,323
250,323
236,323
227,323
236,323
160,323
164,323
222,323
214,323
261,323
231,323
210,323
46,323
131,323
108,323
231,323
216,323
266,323
121,323
97,323
232,323
211,323
221,323
211,323
234,323
232,323
227,323
363,323
234,323
224,323
239,323
202,323
193,323
253,323
391,323
123,323
190,323
233,323
227,323
301,323
249,323
225,323
256,323
232,323
243,323
343,323
129,323
224,323
218,323
214,323
208,323
190,323
188,323
117,323
217,323
186,323
228,323
224,323
229,323
169,323
208,323
218,323
252,323
211,323
174,323
118,323
243,323
248,323
248,323
188,323
119,323
165,323
219,323
218,323
226,323
326,323
231,323
245,323
226,323
228,323
214,323
219,323
222,323
232,323
241,323
223,323
248,323
241,323
256,323
240,323
153,323
208,323
206,323
220,323
242,323
242,323
229,323
114,323
232,323
266,323
229,323
227,323
201,323
229,323
118,323
255,323
221,323
230,323
234,323
223,323
229,323
131,323
242,323
246,323
264,323
225,323
237,323
200,323
185,323
223,323
222,323
458,323
230,323
229,323
227,323
229,323
143,323
154,323
244,323
191,323
239,323
158,323
202,323
264,323
222,323
239,323
238,323
228,323
230,323
224,323
237,323
113,323
237,323
187,323
180,323
151,323
246,323
246,323
188,323
74,323
227,323
240,323
242,323
220,323
132,323
231,323
247,323
210,323
120,323
213,323
118,323
113,323
255,323
228,323
401,323
245,323
264,323
106,323
237,323
222,323
202,323
226,323
248,323
226,323
220,323
247,323
180,323
239,323
260,323
256,323
172,323
150,323
211,323
246,323
246,323
241,323
223,323
118,323
126,323
223,323
236,323
245,323
208,323
242,323
215,323
228,323
247,323
252,323
231,323
125,323
131,323
225,323
209,323
218,323
429,323
235,323
201,323
211,323
195,323
484,323
189,323
225,323
226,323
110,323
204,323
238,323
175,323
229,323
232,323
220,323
182,323
224,323
195,323
238,323
238,323
224,323
321,323
180,323
220,323
225,323
240,323
234,323
229,323
222,323
238,323
123,323
223,323
221,323
262,323
122,323
213,323
242,323
250,323
95,323
216,323
153,323
227,323
115,323
415,323
149,323
172,323
247,323
237,323
253,323
229,323
111,323
154,323
230,323
151,323
254,323
265,323
217,323
203,323
234,323
230,323
230,323
114,323
247,323
98,323
238,323
192,323
213,323
239,323
212,323
221,323
187,323
173,323
201,323
132,323
82,323
241,323
231,323
190,323
231,323
231,323
115,323
262,323
121,323
118,323
203,323
249,323
219,323
228,323
164,323
223,323
254,323
213,323
224,323
226,323
237,323
242,323
205,323
218,323
224,323
241,323
194,323
210,323
214,323
227,323
203,323
258,323
242,323
117,323
236,323
51,323
216,323
239,323
239,323
119,323
252,323
243,323
214,323
251,323
163,323
229,323
238,323
219,323
221,323
212,323
188,323
229,323
214,323
236,323
228,323
230,323
212,323
234,323
246,323
205,323
216,323
253,323
226,323
224,323
248,323
264,323
245,323
210,323
239,323
241,323
250,323
231,323
228,323
235,323
29,323
220,323
240,323
234,323
256,323
182,323
218,323
124,323
237,323
209,323
235,323
112,323
189,323
225,323
243,323
237,323
227,323
96,323
119,323
224,323
225,323
277,323
225,323
219,323
403,323
210,323
258,323
234,323
213,323
222,323
228,323
217,323
226,323
230,323
217,323
233,323
122,323
230,323
249,323
211,323
233,323
195,323
229,323
237,323
231,323
196,323
253,323
217,323
367,323
215,323
114,323
209,323
235,323
234,323
220,323
119,323
254,323
193,323
212,323
228,323
161,323
236,323
194,323
203,323
231,323
191,323
252,323
213,323
218,323
232,323
176,323
233,323
148,323
231,323
237,323
208,323
239,323
249,323
250,323
213,323
171,323
48,323
171,323
229,323
229,323
286,323
208,323
197,323
105,323
236,323
249,323
111,323
219,323
221,323
108,323
210,323
231,323
223,323
220,323
223,323
245,323
190,323
185,323
219,323
205,323
202,323
217,323
241,323
212,323
226,323
223,323
202,323
205,323
220,323
347,323
153,323
254,323
185,323
194,323
248,323
153,323
221,323
111,323
221,323
245,323
226,323
209,323
325,323
236,323
219,323
418,323
230,323
104,323
185,323
213,323
372,323
337,323
214,323
207,323
203,323
197,323
81,323
240,323
88,323
232,323
237,323
234,323
214,323
46,323
202,323
207,323
225,323
245,323
237,323
205,323
293,323
234,323
127,323
310,323
209,323
110,323
207,323
448,323
191,323
225,323
242,323
226,323
239,323
122,323
183,323
204,323
241,323
235,323
312,323
237,323
99,323
261,323
230,323
232,323
223,323
234,323
113,323
128,323
233,323
538,323
197,323
246,323
424,323
233,323
235,323
234,323
210,323
220,323
235,323
245,323
222,323
185,323
173,323
246,323
152,323
226,323
207,323
231,323
150,323
241,323
220,323
227,323
160,323
209,323
221,323
160,323
197,323
238,323
235,323
234,323
96,323
227,323
221,323
215,323
246,323
138,323
449,323
225,323
219,323
220,323
187,323
113,323
303,323
228,323
240,323
204,323
257,323
150,323
229,323
580,323
234,323
229,323
202,323
172,323
390,323
210,323
226,323
230,323
220,323
231,323
239,323
244,323
217,323
247,323
213,323
214,323
389,323
236,323
215,323
242,323
219,323
237,323
226,323
190,323
231,323
110,323
178,323
189,323
128,323
230,323
268,323
235,323
276,323
232,323
201,323
218,323
186,323
195,323
330,323
179,323
57,323
225,323
215,323
227,323
257,323
319,323
255,323
356,323
68,323
231,323
241,323
233,323
188,323
243,323
244,323
192,323
225,323
236,323
201,323
251,323
250,323
232,323
103,323
222,323
255,323
136,323
240,323
240,323
182,323
227,323
236,323
157,323
212,323
89,323
206,323
236,323
190,323
225,323
193,323
237,323
208,323
122,323
251,323
233,323
236,323
213,323
217,323
230,323
225,323
245,323
227,323
227,323
221,323
213,323
280,323
71,323
265,323
547,323
192,323
187,323
219,323
216,323
240,323
214,323
113,323
107,323
253,323
108,323
356,323
221,323
195,323
236,323
152,323
232,323
195,323
218,323
140,323
227,323
213,323
219,323
243,323
220,323
192,323
87,323
236,323
242,323
202,323
222,323
225,323
121,323
222,323
231,323
244,323
144,323
231,323
235,323
256,323
178,323
218,323
111,323
221,323
222,323
243,323
233,323
210,323
210,323
219,323
220,323
232,323
261,323
250,323
210,323
236,323
193,323
228,323
238,323
238,323
323,323
194,323
193,323
222,323
228,323
211,323
226,323
176,323
225,323
245,323
218,323
204,323
220,323
228,323
225,323
227,323
214,323
99,323
252,323
217,323
209,323
83,323
226,323
229,323
213,323
375,323
200,323
226,323
207,323
180,323
55,323
213,323
305,323
238,323
201,323
221,323
234,323
238,323
231,323
223,323
230,323
214,323
214,323
458,323
201,323
301,323
130,323
129,323
243,323
245,323
256,323
214,323
212,323
234,323
224,323
231,323
241,323
238,323
221,323
219,323
213,323
260,323
257,323
221,323
198,323
308,323
238,323
190,323
104,323
153,323
118,323
175,323
108,323
224,323
216,323
204,323
232,323
171,323
255,323
118,323
106,323
211,323
239,323
203,323
215,323
117,323
245,323
222,323
229,323
126,323
252,323
236,323
119,323
228,323
118,323
220,323
235,323
216,323
94,323
223,323
220,323
245,323
233,323
226,323
190,323
200,323
231,323
109,323
232,323
226,323
228,323
210,323
402,323
225,323
208,323
226,323
222,323
229,323
247,323
224,323
248,323
231,323
119,323
189,323
196,323
160,323
232,323
159,323
231,323
440,323
219,323
214,323
238,323
203,323
276,323
110,323
194,323
219,323
119,323
227,323
236,323
240,323
251,323
228,323
255,323
178,323
81,323
230,323
226,323
212,323
231,323
270,323
231,323
222,323
134,323
243,323
237,323
231,323
174,323
237,323
227,323
237,323
212,323
241,323
229,323
44,323
224,323
204,323
223,323
242,323
230,323
218,323
242,323
71,323
222,323
244,323
241,323
219,323
246,323
162,323
121,323
230,323
174,323
230,323
236,323
196,323
212,323
216,323
210,323
220,323
238,323
212,323
236,323
209,323
229,323
233,323
245,323
245,323
217,323
184,323
213,323
218,323
212,323
228,323
260,323
200,323
213,323
116,323
254,323
244,323
242,323
230,323
226,323
105,323
115,323
122,323
195,323
235,323
214,323
112,323
115,323
39,323
240,323
240,323
197,323
262,323
219,323
145,323
75,323
239,323
110,323
177,323
237,323
304,323
279,323
164,323
220,323
167,323
132,323
227,323
153,323
192,323
242,323
194,323
97,323
233,323
218,323
247,323
222,323
197,323
161,323
214,323
180,323
201,323
217,323
214,323
252,323
404,323
193,323
238,323
221,323
241,323
205,323
161,323
222,323
223,323
166,323
210,323
118,323
227,323
240,323
189,323
213,323
179,323
194,323
129,323
222,323
230,323
216,323
205,323
229,323
253,323
231,323
222,323
250,323
258,323
213,323
199,323
212,323
266,323
246,323
222,323
206,323
218,323
205,323
164,323
211,323
253,323
216,323
199,323
237,323
120,323
221,323
216,323
225,323
215,323
170,323
231,323
120,323
206,323
173,323
210,323
239,323
246,323
232,323
247,323
239,323
828,323
229,323
210,323
262,323
233,323
235,323
209,323
228,323
216,323
218,323
231,323
242,323
437,323
233,323
202,323
224,323
212,323
197,323
237,323
180,323
221,323
139,323
222,323
215,323
233,323
222,323
229,323
248,323
190,323
247,323
234,323
218,323
233,323
251,323
234,323
213,323
215,323
234,323
218,323
127,323
83,323
208,323
235,323
245,323
233,323
261,323
219,323
207,323
254,323
202,323
175,323
217,323
186,323
232,323
179,323
198,323
228,323
242,323
316,323
208,323
131,323
247,323
193,323
219,323
150,323
252,323
175,323
203,323
205,323
214,323
169,323
215,323
229,323
195,323
225,323
252,323
234,323
219,323
224,323
207,323
229,323
244,323
236,323
208,323
243,323
207,323
238,323
211,323
246,323
212,323
217,323
306,323
209,323
163,323
125,323
210,323
98,323
131,323
252,323
120,323
203,323
223,323
220,323
237,323
219,323
123,323
215,323
221,323
232,323
236,323
348,323
234,323
240,323
239,323
240,323
216,323
254,323
210,323
376,323
129,323
271,323
211,323
239,323
210,323
234,323
232,323
229,323
213,323
246,323
233,323
238,323
232,323
217,323
175,323
233,323
227,323
247,323
180,323
224,323
213,323
219,323
120,323
241,323
231,323
228,323
230,323
242,323
154,323
250,323
232,323
221,323
227,323
125,323
217,323
239,323
236,323
130,323
117,323
240,323
197,323
238,323
215,323
215,323
208,323
236,323
238,323
234,323
234,323
240,323
243,323
230,323
232,323
232,323
237,323
251,323
209,323
233,323
170,323
231,323
235,323
195,323
196,323
195,323
247,323
228,323
241,323
220,323
221,323
229,323
108,323
179,323
395,323
190,323
208,323
214,323
241,323
239,323
248,323
150,323
222,323
253,323
146,323
252,323
184,323
217,323
205,323
244,323
210,323
243,323
245,323
199,323
249,323
239,323
224,323
236,323
259,323
245,323
112,323
231,323
237,323
101,323
197,323
240,323
221,323
252,323
180,323
242,323
227,323
259,323
214,323
121,323
226,323
164,323
238,323
231,323
231,323
247,323
179,323
67,323
190,323
210,323
196,323
237,323
230,323
227,323
169,323
239,323
243,323
217,323
112,323
234,323
239,323
232,323
234,323
205,323
223,323
138,323
103,323
206,323
225,323
240,323
433,323
214,323
242,323
252,323
221,323
200,323
236,323
232,323
167,323
226,323
238,323
232,323
259,323
139,323
238,323
176,323
228,323
252,323
163,323
241,323
217,323
231,323
218,323
244,323
222,323
332,323
252,323
214,323
243,323
242,323
221,323
173,323
229,323
221,323
222,323
175,323
226,323
255,323
227,323
251,323
242,323
214,323
121,323
99,323
222,323
311,323
242,323
173,323
229,323
189,323
221,323
210,323
165,323
215,323
223,323
205,323
235,323
260,323
226,323
183,323
230,323
241,323
262,323
227,323
222,323
219,323
85,323
239,323
219,323
222,323
243,323
252,323
221,323
241,323
195,323
226,323
224,323
221,323
237,323
208,323
98,323
229,323
177,323
224,323
246,323
227,323
225,323
226,323
135,323
258,323
217,323
115,323
247,323
199,323
241,323
228,323
241,323
238,323
169,323
108,323
127,323
252,323
191,323
228,323
192,323
122,323
206,323
241,323
223,323
252,323
237,323
198,323
123,323
249,323
235,323
214,323
93,323
179,323
193,323
157,323
214,323
215,323
122,323
184,323
181,323
225,323
205,323
238,323
249,323
263,323
259,323
220,323
223,323
219,323
224,323
219,323
217,323
217,323
223,323
173,323
118,323
231,323
224,323
170,323
217,323
246,323
240,323
234,323
231,323
249,323
226,323
252,323
245,323
249,323
216,323
233,323
233,323
251,323
193,323
207,323
224,323
181,323
217,323
232,323
228,323
205,323
232,323
174,323
221,323
233,323
236,323
227,323
160,323
256,323
294,323
235,323
198,323
188,323
209,323
69,323
120,323
251,323
186,323
234,323
234,323
211,323
309,323
218,323
253,323
88,323
223,323
255,323
223,323
246,323
232,323
234,323
247,323
108,323
199,323
167,323
86,323
261,323
237,323
233,323
221,323
232,323
244,323
213,323
208,323
162,323
241,323
232,323
234,323
253,323
243,323
243,323
132,323
243,323
230,323
225,323
236,323
218,323
215,323
254,323
237,323
239,323
230,323
215,323
210,323
236,323
271,323
236,323
209,323
219,323
253,323
227,323
229,323
240,323
238,323
248,323
186,323
89,323
221,323
213,323
240,323
179,323
235,323
230,323
218,323
214,323
98,323
259,323
235,323
195,323
228,323
60,323
233,323
227,323
244,323
217,323
228,323
211,323
234,323
218,323
101,323
241,323
266,323
178,323
126,323
93,323
246,323
225,323
223,323
257,323
214,323
173,323
219,323
215,323
246,323
183,323
229,323
201,323
221,323
118,323
214,323
181,323
240,323
230,323
244,323
185,323
243,323
124,323
122,323
114,323
198,323
95,323
239,323
243,323
100,323
239,323
151,323
197,323
191,323
116,323
191,323
238,323
224,323
306,323
217,323
207,323
244,323
168,323
204,323
209,323
216,323
211,323
225,323
232,323
198,323
232,323
242,323
219,323
219,323
232,323
240,323
198,323
227,323
233,323
324,323
265,323
242,323
253,323
191,323
224,323
241,323
212,323
412,323
204,323
252,323
214,323
241,323
230,323
227,323
236,323
172,323
222,323
218,323
182,323
197,323
162,323
234,323
211,323
111,323
243,323
230,323
237,323
212,323
192,323
236,323
236,323
175,323
237,323
213,323
232,323
171,323
209,323
183,323
226,323
204,323
229,323
242,323
185,323
238,323
209,323
226,323
350,323
232,323
192,323
259,323
92,323
234,323
204,323
194,323
193,323
239,323
210,323
250,323
221,323
227,323
107,323
200,323
210,323
231,323
230,323
234,323
218,323
248,323
238,323
224,323
236,323
204,323
109,323
221,323
222,323
245,323
219,323
95,323
257,323
215,323
222,323
181,323
181,323
238,323
215,323
194,323
297,323
210,323
191,323
241,323
227,323
245,323
211,323
250,323
217,323
216,323
297,323
183,323
193,323
200,323
229,323
231,323
221,323
167,323
113,323
250,323
223,323
223,323
197,323
247,323
245,323
242,323
229,323
228,323
161,323
186,323
232,323
223,323
224,323
231,323
235,323
161,323
171,323
217,323
204,323
210,323
245,323
203,323
124,323
232,323
251,323
230,323
236,323
260,323
244,323
184,323
235,323
231,323
173,323
217,323
213,323
236,323
201,323
220,323
236,323
243,323
256,323
194,323
255,323
205,323
245,323
241,323
464,323
97,323
222,323
254,323
97,323
58,323
208,323
210,323
113,323
249,323
223,323
218,323
233,323
227,323
232,323
191,323
241,323
240,323
247,323
218,323
309,323
236,323
100,323
117,323
199,323
167,323
101,323
130,323
235,323
249,323
236,323
223,323
227,323
355,323
248,323
204,323
210,323
321,323
205,323
200,323
257,323
242,323
190,323
260,323
217,323
224,323
232,323
212,323
227,323
240,323
234,323
123,323
335,323
226,323
231,323
205,323
241,323
235,323
257,323
114,323
265,323
234,323
220,323
230,323
84,323
210,323
212,323
121,323
213,323
191,323
211,323
221,323
108,323
232,323
228,323
246,323
249,323
203,323
252,323
193,323
252,323
215,323
230,323
227,323
83,323
232,323
224,323
352,323
235,323
402,323
240,323
247,323
162,323
193,323
215,323
234,323
124,323
176,323
113,323
207,323
236,323
193,323
247,323
234,323
142,323
206,323
227,323
227,323
244,323
205,323
241,323
252,323
214,323
218,323
238,323
249,323
232,323
106,323
232,323
231,323
226,323
238,323
231,323
198,323
239,323
219,323
242,323
196,323
237,323
222,323
234,323
236,323
229,323
181,323
141,323
227,323
238,323
194,323
175,323
339,323
252,323
182,323
234,323
243,323
215,323
189,347
196,347
186,347
158,347
198,347
221,347
199,347
199,347
209,347
177,347
203,347
199,347
184,347
205,347
225,347
208,347
178,347
203,347
215,347
160,347
158,347
217,347
195,347
216,347
194,347
190,347
197,347
199,347
181,347
162,347
189,347
203,347
208,347
226,347
190,347
290,347
200,347
203,347
197,347
187,347
203,347
192,347
192,347
192,347
147,347
212,347
169,347
187,347
202,347
202,347
204,347
208,347
209,347
174,347
201,347
198,347
209,347
205,347
198,347
211,347
211,347
191,347
178,347
182,347
108,347
107,347
182,347
202,347
216,347
191,347
207,347
211,347
209,347
187,347
221,347
146,347
186,347
216,347
182,347
168,347
214,347
200,347
195,347
183,347
218,347
204,347
148,347
217,347
183,347
182,347
213,347
203,347
183,347
77,347
212,347
201,347
121,347
192,347
184,347
144,347
171,347
206,347
202,347
181,347
177,347
219,347
220,347
192,347
192,347
215,347
198,347
202,347
169,347
193,347
152,347
195,347
209,347
231,347
210,347
172,347
99,347
151,347
194,347
219,347
213,347
202,347
205,347
163,347
200,347
225,347
212,347
202,347
235,347
145,347
195,347
201,347
215,347
187,347
205,347
97,347
210,347
210,347
194,347
183,347
101,347
219,347
183,347
185,347
203,347
157,347
161,347
190,347
210,347
208,347
193,347
192,347
221,347
203,347
210,347
191,347
183,347
162,347
191,347
217,347
202,347
191,347
203,347
56,347
202,347
199,347
210,347
166,347
194,347
186,347
216,347
193,347
212,347
204,347
218,347
186,347
211,347
287,347
203,347
192,347
219,347
201,347
212,347
104,347
222,347
198,347
206,347
112,347
116,347
169,347
141,347
281,347
178,347
178,347
189,347
153,347
202,347
233,347
418,347
217,347
184,347
226,347
226,347
185,347
196,347
193,347
94,347
217,347
196,347
182,347
201,347
222,347
199,347
209,347
209,347
220,347
230,347
211,347
165,347
208,347
184,347
204,347
193,347
192,347
188,347
226,347
197,347
214,347
92,347
94,347
193,347
220,347
212,347
205,347
210,347
222,347
210,347
224,347
106,347
23,347
200,347
175,347
208,347
202,347
209,347
151,347
204,347
194,347
212,347
184,347
120,347
215,347
178,347
202,347
204,347
190,347
209,347
203,347
196,347
210,347
93,347
203,347
190,347
176,347
313,347
197,347
176,347
233,347
179,347
197,347
179,347
198,347
189,347
163,347
190,347
213,347
177,347
184,347
155,347
112,347
207,347
185,347
194,347
184,347
162,347
211,347
202,347
186,347
226,347
199,347
202,347
204,347
164,347
181,347
151,347
221,347
214,347
248,347
198,347
189,347
207,347
191,347
188,347
198,347
104,347
196,347
200,347
100,347
190,347
190,347
174,347
135,347
184,347
190,347
194,347
166,347
207,347
195,347
217,347
206,347
203,347
171,347
199,347
191,347
180,347
206,347
191,347
210,347
89,347
195,347
194,347
167,347
224,347
204,347
186,347
218,347
168,347
200,347
209,347
174,347
186,347
182,347
199,347
196,347
214,347
192,347
191,347
204,347
199,347
197,347
200,347
188,347
190,347
203,347
174,347
303,347
195,347
204,347
198,347
180,347
217,347
199,347
181,347
194,347
205,347
205,347
94,347
216,347
198,347
209,347
90,347
362,347
154,347
215,347
184,347
222,347
197,347
218,347
224,347
205,347
173,347
191,347
228,347
184,347
211,347
194,347
212,347
181,347
190,347
152,347
187,347
187,347
193,347
209,347
199,347
279,347
217,347
198,347
176,347
179,347
189,347
196,347
128,347
192,347
188,347
198,347
195,347
198,347
306,347
177,347
196,347
167,347
200,347
172,347
189,347
195,347
207,347
180,347
194,347
191,347
179,347
199,347
217,347
315,347
163,347
212,347
207,347
207,347
197,347
192,347
300,347
200,347
100,347
189,347
196,347
199,347
138,347
207,347
226,347
116,347
192,347
214,347
200,347
228,347
210,347
123,347
291,347
102,347
195,347
180,347
192,347
192,347
176,347
219,347
177,347
209,347
171,347
178,347
219,347
164,347
212,347
201,347
210,347
209,347
205,347
174,347
194,347
207,347
224,347
232,347
189,347
197,347
231,347
201,347
203,347
200,347
198,347
144,347
178,347
173,347
195,347
156,347
202,347
223,347
203,347
204,347
194,347
213,347
210,347
128,347
206,347
213,347
209,347
180,347
107,347
186,347
220,347
195,347
200,347
191,347
198,347
209,347
178,347
204,347
206,347
216,347
116,347
212,347
196,347
207,347
204,347
161,347
226,347
186,347
101,347
83,347
93,347
203,347
138,347
178,347
126,347
210,347
204,347
184,347
208,347
93,347
206,347
205,347
196,347
202,347
212,347
351,347
211,347
224,347
209,347
211,347
212,347
222,347
179,347
195,347
197,347
206,347
94,347
202,347
122,347
192,347
199,347
321,347
162,347
212,347
226,347
220,347
211,347
231,347
191,347
192,347
211,347
182,347
217,347
196,347
212,347
101,347
97,347
190,347
203,347
201,347
178,347
165,347
219,347
114,347
192,347
189,347
137,347
171,347
201,347
184,347
198,347
198,347
156,347
213,347
107,347
196,347
235,347
204,347
112,347
203,347
197,347
177,347
205,347
220,347
212,347
208,347
214,347
279,347
88,347
207,347
198,347
202,347
216,347
96,347
195,347
205,347
189,347
93,347
231,347
209,347
184,347
213,347
157,347
208,347
199,347
192,347
192,347
224,347
192,347
191,347
206,347
205,347
196,347
195,347
203,347
188,347
211,347
229,347
201,347
190,347
212,347
321,347
198,347
205,347
219,347
213,347
202,347
193,347
226,347
203,347
106,347
206,347
178,347
206,347
93,347
196,347
206,347
205,347
211,347
207,347
208,347
194,347
190,347
90,347
219,347
196,347
193,347
104,347
192,347
207,347
126,347
180,347
96,347
206,347
102,347
149,347
204,347
206,347
178,347
109,347
175,347
204,347
159,347
211,347
215,347
200,347
197,347
171,347
91,347
201,347
211,347
159,347
167,347
198,347
208,347
194,347
210,347
213,347
190,347
107,347
210,347
191,347
106,347
197,347
200,347
200,347
215,347
215,347
212,347
189,347
183,347
214,347
211,347
229,347
213,347
174,347
200,347
201,347
156,347
216,347
202,347
183,347
215,347
133,347
217,347
209,347
188,347
208,347
122,347
207,347
182,347
202,347
138,347
104,347
144,347
100,347
168,347
212,347
197,347
53,347
160,347
266,347
153,347
220,347
295,347
193,347
101,347
189,347
139,347
197,347
208,347
165,347
165,347
211,347
216,347
221,347
188,347
213,347
188,347
193,347
90,347
220,347
194,347
214,347
198,347
203,347
201,347
114,347
198,347
189,347
186,347
142,347
186,347
201,347
215,347
197,347
94,347
196,347
188,347
205,347
345,347
197,347
217,347
188,347
193,347
218,347
230,347
187,347
216,347
220,347
199,347
195,347
185,347
191,347
198,347
178,347
229,347
110,347
208,347
182,347
211,347
215,347
185,347
193,347
204,347
180,347
196,347
212,347
202,347
212,347
215,347
189,347
148,347
163,347
202,347
203,347
228,347
109,347
187,347
184,347
236,347
216,347
163,347
194,347
195,347
202,347
217,347
146,347
189,347
159,347
142,347
181,347
181,347
189,347
190,347
223,347
172,347
116,347
184,347
219,347
193,347
203,347
107,347
192,347
203,347
34,347
108,347
215,347
198,347
210,347
206,347
213,347
193,347
203,347
197,347
199,347
210,347
194,347
189,347
200,347
201,347
178,347
188,347
86,347
121,347
193,347
199,347
97,347
162,347
219,347
179,347
202,347
192,347
101,347
153,347
213,347
110,347
221,347
87,347
188,347
208,347
214,347
216,347
179,347
274,347
209,347
212,347
194,347
164,347
192,347
209,347
210,347
172,347
200,347
197,347
173,347
197,347
216,347
174,347
201,347
189,347
198,347
116,347
162,347
183,347
177,347
200,347
202,347
197,347
199,347
182,347
204,347
215,347
195,347
220,347
239,347
225,347
237,347
171,347
161,347
190,347
203,347
206,347
207,347
193,347
228,347
207,347
234,347
193,347
209,347
146,347
219,347
210,347
200,347
200,347
183,347
173,347
109,347
186,347
197,347
223,347
191,347
194,347
205,347
179,347
190,347
161,347
104,347
215,347
66,347
213,347
223,347
233,347
192,347
99,347
192,347
194,347
183,347
191,347
160,347
188,347
204,347
103,347
102,347
195,347
199,347
195,347
174,347
214,347
192,347
208,347
201,347
93,347
116,347
110,347
193,347
203,347
184,347
211,347
194,347
94,347
166,347
224,347
202,347
208,347
180,347
222,347
185,347
197,347
203,347
190,347
203,347
154,347
216,347
182,347
219,347
182,347
122,347
213,347
142,347
203,347
206,347
212,347
104,347
197,347
209,347
222,347
209,347
196,347
139,347
205,347
194,347
198,347
207,347
206,347
179,347
205,347
221,347
219,347
206,347
226,347
184,347
161,347
212,347
209,347
174,347
217,347
212,347
208,347
179,347
194,347
87,347
204,347
184,347
199,347
210,347
156,347
215,347
218,347
177,347
200,347
148,347
226,347
222,347
183,347
223,347
126,347
164,347
106,347
198,347
392,347
199,347
216,347
193,347
203,347
187,347
216,347
205,347
206,347
195,347
214,347
211,347
205,347
218,347
204,347
187,347
198,347
225,347
97,347
216,347
188,347
138,347
171,347
177,347
197,347
199,347
199,347
201,347
171,347
196,347
196,347
211,347
202,347
170,347
205,347
192,347
165,347
232,347
140,347
215,347
191,347
198,347
183,347
197,347
224,347
206,347
198,347
204,347
216,347
213,347
208,347
197,347
202,347
191,347
198,347
169,347
102,347
208,347
196,347
156,347
233,347
76,347
203,347
109,347
204,347
96,347
228,347
170,347
109,347
207,347
191,347
216,347
199,347
211,347
93,347
224,347
198,347
189,347
219,347
183,347
208,347
208,347
180,347
132,347
194,347
184,347
167,347
122,347
217,347
211,347
190,347
213,347
211,347
198,347
167,347
221,347
222,347
194,347
219,347
199,347
206,347
194,347
104,347
98,347
184,347
211,347
199,347
196,347
172,347
194,347
106,347
210,347
177,347
188,347
210,347
211,347
167,347
238,347
284,347
183,347
89,347
195,347
207,347
149,347
128,347
191,347
203,347
171,347
191,347
156,347
150,347
219,347
217,347
191,347
177,347
174,347
207,347
96,347
237,347
176,347
195,347
209,347
213,347
185,347
193,347
193,347
200,347
183,347
208,347
217,347
211,347
176,347
201,347
182,347
151,347
195,347
99,347
165,347
193,347
178,347
224,347
202,347
201,347
223,347
191,347
177,347
200,347
212,347
228,347
209,347
206,347
206,347
192,347
179,347
207,347
189,347
208,347
208,347
184,347
174,347
191,347
220,347
263,347
227,347
202,347
158,347
306,347
194,347
176,347
198,347
229,347
211,347
218,347
246,347
194,347
216,347
102,347
188,347
218,347
185,347
203,347
196,347
219,347
198,347
212,347
214,347
184,347
154,347
224,347
196,347
205,347
192,347
193,347
187,347
200,347
164,347
212,347
212,347
183,347
204,347
186,347
202,347
213,347
206,347
231,347
208,347
199,347
110,347
202,347
198,347
191,347
172,347
221,347
168,347
181,347
190,347
190,347
186,347
201,347
203,347
199,347
189,347
214,347
171,347
222,347
196,347
201,347
158,347
195,347
172,347
202,347
226,347
191,347
174,347
196,347
197,347
212,347
196,347
222,347
196,347
226,347
199,347
195,347
204,347
195,347
99,347
190,347
111,347
91,347
167,347
198,347
215,347
207,347
206,347
68,347
214,347
210,347
195,347
189,347
94,347
196,347
195,347
139,347
220,347
191,347
185,347
149,347
203,347
189,347
187,347
211,347
199,347
200,347
212,347
204,347
186,347
192,347
204,347
219,347
105,347
155,347
147,347
198,347
225,347
209,347
212,347
213,347
201,347
193,347
198,347
201,347
218,347
204,347
227,347
201,347
209,347
165,347
206,347
93,347
195,347
216,347
192,347
212,347
195,347
223,347
105,347
198,347
195,347
154,347
147,347
191,347
138,347
164,347
189,347
201,347
194,347
187,347
151,347
199,347
209,347
194,347
199,347
143,347
199,347
105,347
182,347
207,347
96,347
195,347
185,347
230,347
46,347
201,347
199,347
180,347
218,347
301,347
163,347
195,347
205,347
192,347
186,347
173,347
195,347
147,347
199,347
211,347
201,347
189,347
188,347
318,347
195,347
148,347
174,347
201,347
193,347
205,347
177,347
171,347
206,347
185,347
202,347
208,347
140,347
215,347
191,347
173,347
228,347
226,347
228,347
210,347
190,347
221,347
186,347
168,347
198,347
202,347
98,347
199,347
199,347
208,347
198,347
199,347
203,347
195,347
104,347
195,347
174,347
205,347
212,347
211,347
179,347
195,347
201,347
146,347
183,347
210,347
206,347
212,347
189,347
225,347
208,347
183,347
191,347
202,347
197,347
187,347
207,347
178,347
206,347
106,347
84,347
195,347
203,347
102,347
229,347
208,347
187,347
215,347
226,347
202,347
162,347
196,347
188,347
146,347
180,347
197,347
196,347
208,347
172,347
193,347
223,347
203,347
157,347
214,347
195,347
176,347
191,347
191,347
186,347
187,347
299,347
202,347
204,347
203,347
195,347
56,347
170,347
102,347
101,347
202,347
105,347
204,347
221,347
208,347
192,347
157,347
187,347
206,347
313,347
186,347
202,347
161,347
186,347
220,347
187,347
135,347
112,347
192,347
187,347
227,347
211,347
203,347
136,347
211,347
203,347
111,347
191,347
226,347
190,347
204,347
201,347
214,347
197,347
184,347
184,347
201,347
188,347
197,347
189,347
212,347
112,347
203,347
160,347
199,347
173,347
189,347
212,347
222,347
188,347
220,347
210,347
99,347
188,347
202,347
197,347
201,347
218,347
210,347
198,347
196,347
220,347
177,347
170,347
203,347
215,347
176,347
198,347
205,347
198,347
183,347
182,347
148,347
207,347
203,347
208,347
102,347
191,347
186,347
199,347
194,347
211,347
196,347
207,347
195,347
178,347
205,347
195,347
196,347
304,347
170,347
186,347
194,347
168,347
184,347
204,347
213,347
192,347
174,347
190,347
188,347
170,347
211,347
197,347
103,347
207,347
222,347
189,347
207,347
173,347
197,347
215,347
198,347
190,347
195,347
192,347
207,347
172,347
155,347
183,347
176,347
180,347
205,347
209,347
211,347
150,347
206,347
99,347
214,347
194,347
184,347
193,347
214,347
94,347
178,347
204,347
199,347
195,347
203,347
102,347
222,347
215,347
187,347
187,347
198,347
189,347
168,347
192,347
199,347
198,347
89,347
194,347
205,347
190,347
206,347
212,347
158,347
234,347
114,347
172,347
158,347
192,347
198,347
176,347
219,347
197,347
196,347
91,347
214,347
99,347
100,347
160,347
201,347
179,347
195,347
221,347
211,347
208,347
107,347
211,347
202,347
210,347
191,347
107,347
182,347
207,347
221,347
208,347
173,347
192,347
164,347
196,347
175,347
210,347
177,347
195,347
161,347
208,347
182,347
127,347
167,347
214,347
200,347
204,347
192,347
177,347
214,347
223,347
213,347
186,347
202,347
224,347
192,347
199,347
165,347
204,347
207,347
202,347
205,347
194,347
189,347
97,347
207,347
112,347
197,347
231,347
205,347
409,347
185,347
218,347
174,347
95,347
195,347
215,347
200,347
196,347
198,347
155,347
102,347
260,347
198,347
197,347
203,347
199,347
114,347
202,347
196,347
158,347
225,347
182,347
208,347
203,347
186,347
202,347
196,347
190,347
104,347
198,347
206,347
193,347
222,347
199,347
101,347
138,347
157,347
224,347
187,347
192,347
104,347
99,347
91,347
141,347
170,347
196,347
207,347
93,347
204,347
190,347
186,347
179,347
187,347
219,347
187,347
116,347
203,347
201,347
200,347
202,347
181,347
206,347
152,347
200,347
213,347
99,347
195,347
162,347
163,347
195,347
209,347
157,347
195,347
96,347
191,347
186,347
166,347
190,347
296,347
206,347
218,347
203,347
207,347
208,347
193,347
201,347
219,347
326,347
195,347
216,347
178,347
201,347
214,347
179,347
206,347
203,347
212,347
171,347
201,347
205,347
214,347
196,347
185,347
197,347
204,347
191,347
213,347
238,347
174,347
213,347
196,347
199,347
163,347
203,347
188,347
99,347
240,347
193,347
196,347
195,347
218,347
182,347
192,347
204,347
209,347
160,347
196,347
197,347
93,347
162,347
172,347
135,347
197,347
185,347
208,347
202,347
201,347
110,347
206,347
215,347
214,347
197,347
187,347
181,347
201,347
184,347
184,347
191,347
206,347
191,347
202,347
205,347
196,347
212,347
192,347
186,347
87,347
192,347
193,347
190,347
191,347
208,347
201,347
108,347
94,347
131,347
202,347
205,347
187,347
116,347
196,347
196,347
199,347
178,347
191,347
105,347
190,347
213,347
148,347
192,347
345,347
185,347
194,347
203,347
205,347
194,347
199,347
217,347
194,347
214,347
195,347
206,347
212,347
214,347
188,347
185,347
214,347
209,347
99,347
179,347
207,347
226,347
215,347
163,347
177,347
96,347
196,347
185,347
230,347
89,347
110,347
225,347
198,347
206,347
198,347
191,347
180,347
213,347
182,347
192,347
189,347
199,347
241,347
218,347
222,347
191,347
213,347
190,347
236,347
189,347
199,347
204,347
191,347
205,347
171,347
185,347
170,347
190,347
202,347
181,347
199,347
201,347
188,347
186,347
180,347
192,347
187,347
209,347
189,347
206,347
218,347
193,347
211,347
216,347
167,347
206,347
193,347
104,347
220,347
290,347
156,347
215,347
214,347
220,347
198,347
198,347
173,347
234,347
195,347
104,347
214,347
175,347
216,347
184,347
212,347
162,347
205,347
192,347
223,347
219,347
204,347
187,347
201,347
179,347
231,347
212,347
202,347
198,347
191,347
179,347
188,347
178,347
213,347
194,347
193,347
181,347
167,347
195,347
192,347
196,347
97,347
165,347
167,347
183,347
199,347
197,347
201,347
202,347
186,347
170,347
217,347
113,347
175,347
94,347
194,347
204,347
185,347
202,347
204,347
90,347
196,347
189,347
179,347
97,347
197,347
158,347
192,347
200,347
192,347
196,347
210,347
157,347
194,347
207,347
190,347
215,347
182,347
199,347
218,347
219,347
191,347
188,347
180,347
176,347
184,347
200,347
200,347
207,347
218,347
173,347
196,347
209,347
121,347
181,347
196,347
159,347
171,347
205,347
196,347
192,347
183,347
210,347
199,347
185,347
204,347
211,347
200,347
197,347
307,347
187,347
105,347
182,347
167,347
161,347
102,347
211,347
191,347
186,347
200,347
192,347
204,347
183,347
197,347
184,347
214,347
206,347
322,347
199,347
97,347
210,347
159,347
174,347
201,347
166,347
225,347
192,347
207,347
215,347
160,347
200,347
194,347
191,347
200,347
201,347
193,347
214,347
219,347
156,347
178,347
193,347
215,347
248,347
113,347
198,347
210,347
219,347
152,347
197,347
98,347
144,347
220,347
187,347
213,347
184,347
182,347
195,347
206,347
106,347
161,347
164,347
193,347
206,347
176,347
196,347
156,347
194,347
172,347
185,347
181,347
207,347
200,347
208,347
213,347
186,347
208,347
206,347
171,347
182,347
176,347
99,347
210,347
198,347
210,347
184,347
170,347
225,347
207,347
179,347
207,347
210,347
216,347
194,347
201,347
195,347
217,347
210,347
190,347
158,347
208,347
90,347
203,347
329,347
212,347
178,347
201,347
198,347
350,347
181,347
155,347
159,347
187,347
170,347
192,347
148,347
189,347
217,347
226,347
193,347
93,347
179,347
211,347
200,347
184,347
195,347
144,347
206,347
203,347
187,347
105,347
204,347
199,347
205,347
195,347
165,347
194,347
197,347
187,347
156,347
202,347
205,347
217,347
214,347
179,347
202,347
188,347
203,347
148,347
191,347
201,347
198,347
217,347
214,347
219,347
236,347
355,347
195,347
218,347
188,347
228,347
185,347
192,347
212,347
88,347
210,347
187,347
217,347
208,347
181,347
159,347
202,347
233,347
218,347
195,347
206,347
143,347
222,347
192,347
227,347
139,347
180,347
189,347
184,347
199,347
193,347
208,347
214,347
208,347
151,347
167,347
121,347
198,347
89,347
211,347
188,347
197,347
191,347
131,347
99,347
267,347
154,347
192,347
211,347
235,347
201,347
200,347
187,347
212,347
190,347
222,347
175,347
200,347
197,347
210,347
214,347
185,347
225,347
103,347
205,347
200,347
210,347
204,347
197,347
213,347
220,347
178,347
122,347
190,347
107,347
187,347
94,347
174,347
97,347
193,347
209,347
200,347
194,347
191,347
180,347
203,347
193,347
218,347
205,347
181,347
211,347
191,347
197,347
192,347
148,347
215,347
209,347
185,347
204,347
182,347
162,347
199,347
196,347
196,347
189,347
205,347
182,347
204,347
175,347
196,347
169,347
185,347
190,347
190,347
211,347
203,347
187,347
206,347
218,347
179,347
168,347
202,347
80,347
200,347
214,347
199,347
212,347
179,347
192,347
207,347
189,347
177,347
106,347
162,347
175,347
200,347
167,347
214,347
149,347
183,347
224,347
202,347
210,347
78,347
204,347
206,347
200,347
207,347
197,347
190,347
232,347
215,347
203,347
194,347
202,347
187,347
189,347
192,347
171,347
217,347
219,347
210,347
87,347
212,347
104,347
194,347
202,347
194,347
181,347
201,347
197,347
205,347
177,347
188,347
200,347
204,347
190,347
181,347
183,347
185,347
202,347
112,347
193,347
168,347
192,347
168,347
189,347
96,347
196,347
216,347
211,347
192,347
195,347
98,347
204,347
206,347
209,347
119,347
177,347
216,347
197,347
117,347
211,347
196,347
198,347
183,347
139,347
108,347
188,347
112,347
175,347
196,347
178,347
207,347
181,347
194,347
207,347
196,347
199,347
145,347
189,347
226,347
186,347
212,347
205,347
211,347
96,347
191,347
198,347
166,347
181,347
215,347
197,347
193,347
223,347
181,347
206,347
215,347
107,347
203,347
207,347
198,347
205,347
186,347
197,347
205,347
207,347
223,347
212,347
203,347
126,347
155,347
221,347
175,347
191,347
215,347
172,347
203,347
189,347
204,347
207,347
193,347
196,347
89,347
170,347
100,347
192,347
203,347
144,347
228,347
196,347
215,347
218,347
177,347
209,347
219,347
179,347
194,347
97,347
213,347
136,347
292,347
137,347
199,347
147,347
205,347
148,347
190,347
183,347
200,347
204,347
125,347
196,347
190,347
205,347
196,347
219,347
184,347
207,347
197,347
194,347
197,347
183,347
170,347
231,347
201,347
201,347
210,347
170,347
190,347
150,347
218,347
205,347
204,347
175,347
176,347
114,347
198,347
213,347
106,347
375,347
201,347
189,347
210,347
193,347
98,347
236,347
217,347
193,347
186,347
225,347
223,347
213,347
173,347
191,347
106,347
188,347
215,347
206,347
228,347
160,347
183,347
113,347
214,347
209,347
224,347
225,347
195,347
206,347
220,347
83,347
184,347
88,347
140,347
179,347
189,347
191,347
203,347
213,347
107,347
92,347
201,347
189,347
213,347
208,347
202,347
219,347
212,347
205,347
189,347
178,347
200,347
222,347
204,347
184,347
158,347
206,347
222,347
204,347
197,347
213,347
203,347
190,347
189,347
91,347
216,347
199,347
206,347
200,347
197,347
196,347
181,347
204,347
181,347
211,347
97,347
215,347
211,347
182,347
199,347
134,347
201,347
221,347
184,347
222,347
212,347
195,347
202,347
204,347
213,347
116,347
193,347
230,347
217,347
96,347
380,347
207,347
131,347
207,347
181,347
148,347
182,347
181,347
115,347
221,347
209,347
207,347
211,347
188,347
195,347
189,347
190,347
117,347
195,347
201,347
196,347
191,347
202,347
197,347
216,347
187,347
183,347
194,347
202,347
197,347
107,347
191,347
208,347
209,347
190,347
212,347
174,347
193,347
195,347
205,347
215,347
229,347
230,347
209,347
186,347
121,347
210,347
98,347
168,347
196,347
194,347
170,347
217,347
222,347
215,347
193,347
215,347
197,347
119,347
212,347
233,347
181,347
209,347
222,347
175,347
179,347
235,347
155,347
194,347
201,347
210,347
160,347
216,347
205,347
206,347
114,347
197,347
195,347
204,347
210,347
196,347
173,347
198,347
224,347
178,347
199,347
207,347
193,347
194,347
200,347
201,347
186,347
201,347
219,347
189,347
186,347
181,347
178,347
132,347
181,347
201,347
153,347
199,347
176,347
197,347
198,347
93,347
194,347
189,347
198,347
205,347
156,347
208,347
192,347
197,347
190,347
201,347
197,347
204,347
202,347
212,347
213,347
195,347
209,347
214,347
203,347
220,347
184,347
209,347
184,347
199,347
327,347
201,347
214,347
194,347
186,347
212,347
199,347
169,347
196,347
219,347
211,347
241,347
190,347
177,347
203,347
215,347
89,347
196,347
201,347
213,347
77,347
119,347
147,347
205,347
128,347
103,347
156,347
157,347
197,347
199,347
192,347
185,347
200,347
107,347
216,347
201,347
195,347
192,347
188,347
213,347
192,347
205,347
204,347
208,347
201,347
195,347
159,347
212,347
199,347
203,347
217,347
273,347
214,347
167,347
201,347
225,347
210,347
186,347
193,347
194,347
187,347
199,347
195,347
208,347
205,347
192,347
181,347
205,347
204,347
194,347
211,347
175,347
208,347
104,347
224,347
238,347
96,347
192,347
184,347
215,347
198,347
213,347
204,347
206,347
218,347
151,347
201,347
171,347
197,347
219,347
198,347
145,347
196,347
97,347
209,347
207,347
98,347
194,347
118,347
209,347
181,347
226,347
168,347
201,347
208,347
202,347
199,347
207,347
211,347
96,347
216,347
200,347
134,347
331,347
209,347
200,347
204,347
196,347
190,347
215,347
213,347
321,347
175,347
193,347
216,347
306,347
197,347
234,347
202,347
181,347
212,347
205,347
161,347
187,347
191,347
199,347
161,347
204,347
198,347
200,347
189,347
200,347
196,347
220,347
155,347
201,347
164,347
164,347
219,347
209,347
104,347
104,347
222,347
205,347
176,347
202,347
212,347
196,347
255,347
218,347
200,347
217,347
215,347
209,347
184,347
197,347
220,347
172,347
220,347
148,347
186,347
151,347
103,347
227,347
92,347
194,347
212,347
169,347
77,347
213,347
225,347
142,347
178,347
216,347
189,347
199,347
200,347
195,347
193,347
216,347
209,347
196,347
189,347
193,347
180,347
176,347
117,347
199,347
202,347
186,347
193,347
148,347
205,347
185,347
106,347
211,347
198,347
31,347
195,347
234,347
181,347
195,347
172,347
176,347
206,347
124,347
196,347
186,347
184,347
188,347
201,347
190,347
188,347
205,347
207,347
318,347
195,347
210,347
199,347
360,347
174,347
123,347
213,347
194,347
199,347
197,347
211,347
219,347
214,347
210,347
189,347
192,347
206,347
223,347
209,347
193,347
326,347
95,347
209,347
220,347
203,347
190,347
247,347
186,347
186,347
165,347
195,347
168,347
215,347
197,347
166,347
186,347
176,347
216,347
210,347
218,347
200,347
199,347
199,347
176,347
196,347
158,347
99,347
191,347
96,347
195,347
163,347
206,347
210,347
179,347
188,347
219,347
191,347
183,347
147,347
212,347
196,347
194,347
203,347
197,347
338,347
192,347
218,347
215,347
194,347
194,347
185,347
221,347
193,347
157,347
213,347
202,347
148,347
225,347
188,347
186,347
203,347
203,347
204,347
196,347
191,347
187,347
202,347
207,347
215,347
106,347
203,347
200,347
120,347
188,347
213,347
182,347
197,347
201,347
221,347
58,347
210,347
205,347
208,347
223,347
187,347
216,347
148,347
201,347
213,347
194,347
209,347
115,347
204,347
171,347
207,347
204,347
196,347
203,347
230,347
209,347
214,347
217,347
174,347
191,347
203,347
229,347
153,347
147,347
197,347
196,347
189,347
215,347
163,347
208,347
120,347
215,347
206,347
195,347
215,347
185,347
197,347
201,347
154,347
229,347
196,347
251,347
215,347
196,347
171,347
101,347
201,347
195,347
177,347
188,347
175,347
194,347
197,347
176,347
224,347
184,347
201,347
197,347
226,347
204,347
196,347
79,347
185,347
319,347
186,347
193,347
198,347
210,347
214,347
182,347
199,347
185,347
186,347
165,347
308,347
208,347
218,347
205,347
216,347
234,347
172,347
250,347
158,347
191,347
205,347
193,347
208,347
218,347
201,347
208,347
181,347
201,347
96,347
197,347
162,347
186,347
204,347
113,347
191,347
183,347
192,347
217,347
189,347
186,347
145,347
219,347
174,347
216,347
276,347
178,347
222,347
185,347
66,347
182,347
203,347
211,347
207,347
182,347
242,347
210,347
186,347
164,347
254,347
218,347
214,347
207,347
228,347
195,347
137,347
197,347
209,347
187,347
193,347
172,347
160,347
86,347
190,347
98,347
143,347
210,347
208,347
202,347
113,347
71,347
95,347
104,347
190,347
198,347
179,347
213,347
212,347
199,347
190,347
198,347
200,347
224,347
187,347
209,347
190,347
181,347
217,347
203,347
198,347
203,347
194,347
161,347
209,347
234,347
206,347
197,347
213,347
189,347
220,347
267,347
135,347
186,347
141,347
208,347
202,347
191,347
207,347
164,347
186,347
216,347
191,347
177,347
176,347
197,347
191,347
215,347
159,347
190,347
222,347
187,347
184,347
202,347
197,347
178,347
200,347
176,347
190,347
108,347
217,347
205,347
195,347
178,347
207,347
175,347
52,347
198,347
197,347
208,347
203,347
227,347
195,347
106,347
225,347
176,347
218,347
207,347
198,347
178,347
80,347
111,347
104,347
200,347
186,347
201,347
208,347
192,347
224,347
110,347
201,347
208,347
105,347
222,347
191,347
152,347
212,347
218,347
271,347
98,347
198,347
211,347
205,347
173,347
214,347
189,347
194,347
204,347
142,347
179,347
208,347
207,347
208,347
214,347
185,347
219,347
217,347
189,347
227,347
220,347
181,347
216,347
199,347
197,347
180,347
222,347
180,347
201,347
214,347
190,347
164,347
197,347
215,347
212,347
212,347
215,347
186,347
199,347
205,347
211,347
222,347
204,347
192,347
207,347
130,347
169,347
198,347
179,347
198,347
187,347
172,347
164,347
196,347
196,347
177,347
194,347
197,347
214,347
207,347
108,347
230,347
213,347
203,347
209,347
181,347
147,347
196,347
194,347
213,347
211,347
204,347
202,347
201,347
216,347
178,347
188,347
209,347
212,347
204,347
187,347
212,347
223,347
117,347
209,347
165,347
198,347
158,347
210,347
203,347
198,347
162,347
183,347
198,347
223,347
200,347
207,347
211,347
174,347
193,347
216,347
164,347
215,347
165,347
155,347
191,347
203,347
158,347
184,347
104,347
199,347
209,347
226,347
200,347
199,347
113,347
208,347
132,347
230,347
186,347
168,347
154,347
104,347
120,347
202,347
137,347
212,347
205,347
198,347
204,347
203,347
115,347
173,347
209,347
209,347
229,347
209,347
202,347
195,347
179,347
104,347
146,347
201,347
201,347
229,347
191,347
208,347
197,347
138,347
183,347
215,347
200,347
194,347
152,347
192,347
217,347
202,347
97,347
210,347
202,347
218,347
208,347
188,347
201,347
210,347
190,347
183,347
205,347
197,347
92,347
208,347
209,347
275,347
179,347
193,347
210,347
191,347
207,347
214,347
191,347
192,347
203,347
203,347
206,347
188,347
200,347
193,347
180,347
139,347
202,347
176,347
213,347
206,347
156,347
96,347
202,347
167,347
202,347
203,347
215,347
169,347
225,347
154,347
171,347
185,347
185,347
240,347
208,347
169,347
172,347
208,347
201,347
172,347
180,347
176,347
201,347
93,347
195,347
199,347
196,347
181,347
223,347
176,347
195,347
212,347
195,347
192,347
213,347
222,347
195,347
182,347
186,347
210,347
359,347
188,347
153,347
203,347
189,347
217,347
178,347
114,347
223,347
104,347
178,347
161,347
196,347
215,347
224,347
202,347
195,347
220,347
102,347
196,347
108,347
210,347
195,347
229,347
196,347
196,347
127,347
158,347
94,347
197,347
155,347
185,347
211,347
218,347
212,347
211,347
187,347
110,347
214,347
344,347
162,347
208,347
65,347
191,347
225,347
202,347
193,347
267,347
187,347
204,347
236,347
199,347
141,347
203,347
215,347
182,347
122,347
202,347
193,347
185,347
220,347
191,347
214,347
175,347
166,347
166,347
178,347
203,347
217,347
209,347
202,347
193,347
201,347
205,347
201,347
185,347
199,347
172,347
143,347
217,347
125,347
212,347
276,347
186,347
182,347
223,347
183,347
268,347
198,347
202,347
231,347
103,347
381,347
142,347
216,347
270,347
159,347
169,347
187,347
91,347
105,347
166,347
97,347
175,347
184,347
184,347
125,347
201,347
207,347
209,347
189,347
181,347
183,347
219,347
223,347
166,347
193,347
201,347
187,347
200,347
193,347
188,347
202,347
191,347
207,347
194,347
195,347
206,347
203,347
181,347
195,347
195,347
212,347
164,347
111,347
220,347
151,347
214,347
192,347
179,347
210,347
219,347
179,347
200,347
202,347
128,347
217,347
210,347
157,347
172,347
117,347
212,347
117,347
229,347
232,347
184,347
190,347
180,347
223,347
206,347
198,347
212,347
189,347
206,347
224,347
210,347
219,347
171,347
189,347
188,347
193,347
209,347
206,347
209,347
169,347
206,347
204,347
202,347
195,347
181,347
197,347
203,347
102,347
186,347
253,347
204,347
207,347
209,347
212,347
206,347
195,347
213,347
173,347
191,347
192,347
189,347
187,347
198,347
202,347
114,347
179,347
145,347
198,347
214,347
189,347
165,347
184,347
108,347
209,347
186,347
149,347
114,347
176,347
191,347
196,347
200,347
203,347
219,347
210,347
178,347
180,347
221,347
157,347
213,347
205,347
194,347
196,347
217,347
93,347
215,347
187,347
200,347
137,347
187,347
196,347
212,347
374,347
194,347
230,347
215,347
206,347
201,347
105,347
198,347
215,347
148,347
102,347
202,347
187,347
203,347
154,347
190,347
182,347
165,347
345,347
171,347
191,347
104,347
86,347
168,347
159,347
180,347
196,347
181,347
189,347
169,347
191,347
89,347
204,347
256,347
188,347
181,347
219,347
221,347
172,347
213,347
198,347
202,347
186,347
187,347
213,347
193,347
98,347
182,347
204,347
189,347
201,347
184,347
197,347
182,347
184,347
198,347
170,347
103,347
215,347
201,347
347,347
171,347
206,347
198,347
178,347
211,347
182,347
172,347
189,347
182,347
214,347
194,347
206,347
124,347
186,347
188,347
182,347
197,347
155,347
201,347
365,347
183,347
213,347
163,347
202,347
208,347
219,347
360,347
211,347
140,347
194,347
183,347
195,347
91,347
206,347
207,347
198,347
191,347
195,347
203,347
198,347
198,347
207,347
170,347
201,347
329,347
195,347
187,347
215,347
180,347
201,347
223,347
174,347
253,347
203,347
171,347
211,347
195,347
171,347
190,347
210,347
206,347
208,347
93,347
192,347
205,347
181,347
190,347
200,347
82,347
233,347
276,347
218,347
168,347
91,347
180,347
180,347
204,347
202,347
155,347
213,347
233,347
175,347
205,347
184,347
173,347
180,347
208,347
53,347
197,347
198,347
304,347
108,347
104,347
196,347
200,347
179,347
173,347
184,347
208,347
184,347
196,347
194,347
192,347
217,347
179,347
104,347
211,347
58,347
193,347
205,347
175,347
139,347
226,347
209,347
199,347
217,347
217,347
161,347
177,347
196,347
240,347
231,347
159,347
211,347
170,347
209,347
179,347
191,347
203,347
281,347
193,347
199,347
192,347
195,347
167,347
230,347
215,347
199,347
161,347
181,347
218,347
229,347
200,347
216,347
200,347
201,347
217,347
188,347
206,347
214,347
271,347
190,347
163,347
188,347
179,347
206,347
181,347
168,347
217,347
191,347
218,347
206,347
175,347
168,347
204,347
228,347
193,347
199,347
213,347
205,347
201,347
218,347
154,347
187,347
183,347
193,347
212,347
190,347
190,347
180,347
182,347
92,347
202,347
198,347
227,347
201,347
222,347
191,347
216,347
112,347
302,347
123,347
195,347
194,347
198,347
214,347
201,347
196,347
184,347
199,347
184,347
237,347
105,347
185,347
207,347
196,347
193,347
179,347
358,347
174,347
156,347
210,347
95,347
216,347
197,347
301,347
188,347
188,347
114,347
208,347
199,347
196,347
186,347
201,347
98,347
191,347
348,347
192,347
196,347
201,347
196,347
182,347
196,347
196,347
222,347
191,347
204,347
203,347
184,347
227,347
149,347
203,347
216,347
205,347
214,347
214,347
186,347
191,347
189,347
101,347
198,347
215,347
221,347
190,347
182,347
192,347
196,347
190,347
206,347
199,347
183,347
186,347
201,347
205,347
185,347
185,347
209,347
206,347
194,347
230,347
189,347
166,347
175,347
199,347
134,347
108,347
218,347
188,347
185,347
219,347
123,347
165,347
194,347
221,347
183,347
202,347
213,347
195,347
174,347
196,347
94,347
206,347
205,347
200,347
186,347
100,347
149,347
97,347
223,347
199,347
196,347
103,347
224,347
228,347
238,347
106,347
189,347
212,347
168,347
194,347
205,347
166,347
188,347
211,347
205,347
228,347
188,347
231,347
220,347
238,347
222,347
212,347
162,347
210,347
213,347
182,347
211,347
184,347
158,347
166,347
195,347
216,347
84,347
189,347
195,347
202,347
181,347
176,347
179,347
105,347
187,347
198,347
221,347
168,347
200,347
207,347
216,347
198,347
90,347
212,347
178,347
190,347
194,347
195,347
147,347
184,347
242,347
190,347
128,347
200,347
179,347
211,347
198,347
227,347
178,347
157,347
208,347
214,347
198,347
218,347
165,347
285,347
174,347
213,347
122,347
168,347
211,347
179,347
198,347
115,347
218,347
188,347
180,347
209,347
214,347
191,347
221,347
191,347
205,347
185,347
198,347
92,347
229,347
232,347
198,347
198,347
203,347
183,347
193,347
181,347
98,347
128,347
175,347
184,347
177,347
209,347
214,347
219,347
234,347
185,347
216,347
187,347
230,347
208,347
207,347
281,347
198,347
160,347
201,347
201,347
223,347
180,347
130,347
216,347
226,347
196,347
205,347
209,347
177,347
205,347
257,347
216,347
219,347
194,347
208,347
190,347
169,347
194,347
199,347
224,347
157,347
215,347
189,347
189,347
205,347
208,347
161,347
193,347
196,347
202,347
192,347
198,347
220,347
163,347
200,347
186,347
199,347
140,347
108,347
157,347
189,347
166,347
369,347
199,347
171,347
193,347
211,347
187,347
198,347
203,347
202,347
199,347
176,347
213,347
223,347
192,347
197,347
178,347
230,347
151,347
191,347
176,347
314,347
211,347
218,347
174,347
201,347
202,347
189,347
153,347
200,347
203,347
228,347
208,347
175,347
158,347
200,347
209,347
212,347
208,347
183,347
188,347
202,347
242,347
195,347
190,347
175,347
214,347
349,347
130,347
210,347
186,347
106,347
192,347
221,347
197,347
102,347
203,347
175,347
230,347
223,347
198,347
114,347
235,347
185,347
193,347
94,347
178,347
167,347
211,347
191,347
228,347
208,347
108,347
186,347
185,347
211,347
184,347
209,347
199,347
173,347
219,347
210,347
191,347
206,347
118,347
170,347
204,347
195,347
182,347
182,347
185,347
165,347
213,347
227,347
178,347
190,347
311,347
195,347
213,347
95,347
197,347
206,347
182,347
188,347
155,347
164,347
203,347
213,347
193,347
171,347
221,347
201,347
221,347
204,347
99,347
174,347
216,347
211,347
234,347
164,347
199,347
209,347
198,347
193,347
202,347
204,347
211,347
229,347
179,347
204,347
209,347
214,347
200,347
198,347
198,347
189,347
208,347
181,347
194,347
198,347
187,347
201,347
192,347
198,347
207,347
196,347
189,347
207,347
181,347
201,347
194,347
220,347
192,347
187,347
217,347
332,347
185,347
228,347
195,347
210,347
189,347
214,347
170,347
187,347
191,347
109,347
214,347
209,347
207,347
106,347
224,347
198,347
178,347
199,347
197,347
93,347
198,347
142,347
205,347
109,347
199,347
223,347
214,347
187,347
224,347
198,347
190,347
192,347
204,347
162,347
57,347
193,347
169,347
183,347
208,347
215,347
172,347
146,347
44,347
218,347
54,347
257,347
192,347
213,347
223,347
180,347
212,347
214,347
111,347
135,347
205,347
191,347
197,347
203,347
214,347
164,347
229,347
190,347
222,347
183,347
195,347
201,347
199,347
190,347
188,347
156,347
144,347
182,347
208,347
128,347
186,347
179,347
168,347
213,347
202,347
208,347
192,347
183,347
198,347
229,347
204,347
213,347
197,347
199,347
221,347
192,347
194,347
197,347
213,347
213,347
205,347
190,347
214,347
202,347
176,347
197,347
157,347
198,347
210,347
220,347
220,347
220,347
144,347
198,347
146,347
205,347
191,347
197,347
175,347
169,347
200,347
185,347
220,347
205,347
172,347
203,347
86,347
197,347
98,347
164,347
208,347
212,347
207,347
186,347
193,347
92,347
190,347
103,347
153,347
190,347
162,347
158,347
194,347
220,347
208,347
197,347
211,347
184,347
109,347
202,347
211,347
213,347
225,347
206,347
162,347
206,347
230,347
91,347
192,347
203,347
208,347
202,347
194,347
172,347
226,347
198,347
202,347
212,347
169,347
189,347
375,347
196,347
198,347
96,347
208,347
202,347
173,347
179,347
210,347
197,347
204,347
200,347
196,347
172,347
197,347
193,347
184,347
190,347
208,347
194,347
184,347
173,347
178,347
133,347
265,347
200,347
205,347
200,347
99,347
194,347
146,347
201,347
219,347
188,347
195,347
226,347
208,347
169,347
183,347
203,347
197,347
181,347
192,347
202,347
188,347
191,347
176,347
176,347
210,347
99,347
177,347
200,347
188,347
183,347
201,347
193,347
196,347
217,347
196,347
168,347
188,347
145,347
185,347
200,347
938,347
217,347
218,347
91,347
198,347
158,347
141,347
208,347
174,347
200,347
224,347
214,347
163,347
198,347
203,347
204,347
195,347
204,347
190,347
216,347
95,347
202,347
192,347
132,347
196,347
205,347
208,347
188,347
157,347
186,347
199,347
203,347
217,347
189,347
159,347
208,347
200,347
133,347
201,347
171,347
203,347
232,347
194,347
210,347
237,347
193,347
98,347
209,347
182,347
196,347
216,347
215,347
286,347
197,347
201,347
174,347
192,347
306,347
214,347
195,347
204,347
203,347
179,347
185,347
190,347
186,347
191,347
201,347
185,347
