temps,gains,period
21.603,3349.9407,"2017-10-30"
21.610874,3355.6341,"2017-10-30"
21.534911,3353.734,"2017-10-30"
21.488846,3407.9311,"2017-10-30"
21.462811,3374.1318,"2017-10-30"
21.458244,3403.1566,"2017-10-30"
21.476589,3409.0383,"2017-10-30"
21.502278,3431.3342,"2017-10-30"
21.473088,3419.5391,"2017-10-30"
21.495431,3501.84,"2017-10-30"
21.4512,3497.761,"2017-10-30"
21.531649,3505.7347,"2017-10-30"
21.649496,3516.4523,"2017-10-30"
21.621011,3551.2581,"2017-10-30"
21.704348,3485.8774,"2017-10-30"
21.191182,3469.779,"2017-10-30"
21.089433,3471.8616,"2017-10-30"
20.910165,3442.4252,"2017-10-30"
20.970758,3459.9949,"2017-10-30"
21.202522,3506.9456,"2017-10-30"
21.433626,3456.5503,"2017-10-30"
21.462935,3490.8425,"2017-10-30"
21.883133,3446.3059,"2017-10-30"
22.0705,3507.7337,"2017-10-30"
22.253416,3481.194,"2017-10-30"
22.485,3409.0668,"2017-10-30"
22.665278,3360.2135,"2017-10-30"
22.532911,3341.8246,"2017-10-30"
22.157633,3362.6631,"2017-10-30"
21.171022,3362.8135,"2017-10-30"
21.101733,3360.9829,"2017-10-30"
21.131308,3341.4521,"2017-10-30"
21.187367,3384.6052,"2017-10-30"
21.198734,3326.5344,"2017-10-30"
21.261922,3387.612,"2017-10-30"
21.292604,3406.5624,"2017-10-30"
21.4493,3413.6496,"2017-10-30"
21.553222,3430.7451,"2017-10-30"
22.100089,3398.3443,"2017-10-30"
23.000275,3391.7635,"2017-10-30"
22.893643,3453.3868,"2017-10-30"
22.584242,3379.6137,"2017-10-30"
22.402322,3405.3617,"2017-10-30"
22.142522,3349.6534,"2017-10-30"
21.990549,3375.6753,"2017-10-30"
21.845044,3324.5437,"2017-10-30"
21.230656,3304.5556,"2017-10-30"
21.004144,3278.2049,"2017-10-30"
21.035956,3259.6727,"2017-10-30"
21.059708,3285.2131,"2017-10-30"
21.113626,3315.4884,"2017-10-30"
21.205356,3243.848,"2017-10-30"
21.338733,3269.839,"2017-10-30"
21.310567,3274.7014,"2017-10-30"
21.454747,3236.0475,"2017-10-30"
21.849489,3267.5014,"2017-10-30"
22.142689,3291.1646,"2017-10-30"
22.304633,3254.6022,"2017-10-30"
22.291011,3294.9445,"2017-10-30"
22.147804,3336.3519,"2017-10-30"
21.986209,3251.9188,"2017-10-30"
21.888933,3236.758,"2017-10-30"
21.682888,3294.0264,"2017-10-30"
21.153867,3289.9121,"2017-10-30"
21.072889,3283.9277,"2017-10-30"
21.060011,3238.2828,"2017-10-30"
21.130912,3268.563,"2017-10-30"
21.327033,3258.8469,"2017-10-30"
21.413692,3264.4161,"2017-10-30"
21.231167,3232.8935,"2017-10-30"
21.320089,3207.886,"2017-10-30"
21.662578,3235.011,"2017-10-30"
21.943958,3265.3238,"2017-10-30"
21.894389,3199.642,"2017-10-30"
21.869813,3222.5024,"2017-10-30"
21.930922,3181.3868,"2017-10-30"
21.9168,3196.8099,"2017-10-30"
21.842229,3143.8642,"2017-10-30"
21.705589,3173.7665,"2017-10-30"
21.108884,3176.7296,"2017-10-30"
21.071311,3169.2632,"2017-10-30"
21.086644,3138.8477,"2017-10-30"
21.17413,3127.7013,"2017-10-30"
21.411889,3128.0166,"2017-10-30"
21.362956,3129.241,"2017-10-30"
21.002656,3153.8389,"2017-10-30"
21.102433,3134.7673,"2017-10-30"
21.132756,3162.6548,"2017-10-30"
21.158637,3177.7917,"2017-10-30"
21.097656,3186.2416,"2017-10-30"
21.072725,3182.2308,"2017-10-30"
21.105589,3244.114,"2017-10-30"
21.119311,3221.4106,"2017-10-30"
21.079186,3282.2944,"2017-10-30"
21.110511,3235.0669,"2017-10-30"
21.123522,3228.8468,"2017-10-30"
21.041692,3231.2873,"2017-10-30"
21.013656,3292.0506,"2017-10-30"
21.050467,3306.2891,"2017-10-30"
21.207914,3293.1243,"2017-10-30"
21.347088,3280.7818,"2017-10-30"
21.256433,3319.5207,"2017-10-30"
21.159967,3360.8153,"2017-10-30"
21.094819,3299.2697,"2017-10-30"
21.1114,3346.4628,"2017-10-30"
21.127133,3338.3331,"2017-10-30"
21.129176,3332.1107,"2017-10-30"
21.165297,3361.1772,"2017-10-30"
21.178538,3340.6921,"2017-10-30"
21.181557,3345.8639,"2017-10-30"
21.168692,3375.3494,"2017-10-30"
21.164322,3380.2969,"2017-10-30"
21.153222,3357.4742,"2017-10-30"
21.133244,3337.647,"2017-10-30"
21.1332,3328.6719,"2017-10-30"
21.157767,3318.0285,"2017-10-30"
21.305856,3308.3773,"2017-10-30"
21.078791,3342.2766,"2017-10-30"
21.012256,3324.404,"2017-10-30"
20.934379,3361.418,"2017-10-30"
21.305462,3371.6165,"2017-10-30"
21.488989,3330.874,"2017-10-30"
21.354231,3314.8011,"2017-10-30"
21.1972,3313.0861,"2017-10-30"
21.042778,3356.8041,"2017-10-30"
20.900908,3324.9284,"2017-10-30"
20.818922,3327.3057,"2017-10-30"
21.102078,3316.2894,"2017-10-30"
21.322609,3382.6296,"2017-10-30"
21.362725,3309.215,"2017-10-30"
21.451556,3312.3033,"2017-10-30"
21.355044,3301.397,"2017-10-30"
21.205444,3265.6938,"2017-10-30"
21.034154,3304.8168,"2017-10-30"
21.057978,3305.4069,"2017-10-30"
21.039857,3303.74,"2017-10-30"
21.106668,3289.3416,"2017-10-30"
20.968433,3315.8622,"2017-10-30"
20.9754,3279.3834,"2017-10-30"
20.949133,3318.2132,"2017-10-30"
20.947725,3333.2927,"2017-10-30"
20.9459,3293.3904,"2017-10-30"
20.950933,3328.8931,"2017-10-30"
20.949467,3301.988,"2017-10-30"
20.955374,3286.2698,"2017-10-30"
21.037022,3312.6669,"2017-10-30"
21.112022,3323.455,"2017-10-30"
21.19567,3293.8845,"2017-10-30"
21.024389,3307.9528,"2017-10-30"
20.979678,3300.0085,"2017-10-30"
20.999107,3332.4849,"2017-10-30"
21.139598,3311.9171,"2017-10-30"
21.088967,3328.9998,"2017-10-30"
21.054338,3361.0429,"2017-10-30"
21.053544,3300.8286,"2017-10-30"
21.064184,3358.146,"2017-10-30"
21.074856,3309.7568,"2017-10-30"
21.069242,3307.3759,"2017-10-30"
21.083044,3340.38,"2017-10-30"
21.107933,3303.2389,"2017-10-30"
21.107178,3337.2609,"2017-10-30"
21.136967,3354.4022,"2017-10-30"
21.225363,3326.0141,"2017-10-30"
21.283911,3343.9173,"2017-10-30"
21.224567,3334.6579,"2017-10-30"
21.054253,3347.0183,"2017-10-30"
21.013489,3326.581,"2017-10-30"
21.077667,3351.7944,"2017-10-30"
21.057218,3289.7923,"2017-10-30"
21.195016,3328.5612,"2017-10-30"
21.1512,3315.9834,"2017-10-30"
21.081867,3335.4915,"2017-10-30"
21.068444,3359.1964,"2017-10-30"
21.021067,3367.8632,"2017-10-30"
21.054906,3321.5718,"2017-10-30"
21.067967,3297.7556,"2017-10-30"
21.035659,3284.5784,"2017-10-30"
21.057733,3322.9867,"2017-10-30"
21.1113,3286.1997,"2017-10-30"
21.181167,3261.7071,"2017-10-30"
21.285419,3284.5668,"2017-10-30"
21.060533,3297.4255,"2017-10-30"
20.974411,3270.2292,"2017-10-30"
20.941187,3303.1141,"2017-10-30"
20.911033,3326.208,"2017-10-30"
20.805289,3269.0857,"2017-10-30"
20.791467,3238.0202,"2017-10-30"
20.763132,3246.9392,"2017-10-30"
20.783878,3246.5626,"2017-10-30"
20.844844,3268.0585,"2017-10-30"
20.842511,3247.9586,"2017-10-30"
20.912111,3252.5313,"2017-10-30"
20.87856,3242.1169,"2017-10-30"
20.898979,3197.2638,"2017-10-30"
21.118567,3242.1941,"2017-10-30"
21.30011,3196.2892,"2017-10-30"
21.220076,3188.0858,"2017-10-30"
21.062331,3175.5675,"2017-10-30"
21.031786,3168.8726,"2017-10-30"
20.980722,3208.8528,"2017-10-30"
20.918615,3192.0919,"2017-10-30"
21.138768,3235.1054,"2017-10-30"
21.266867,3268.2869,"2017-10-30"
21.176689,3280.745,"2017-10-30"
21.047626,3289.729,"2017-10-30"
20.944978,3256.2657,"2017-10-30"
20.9409,3294.4092,"2017-10-30"
20.994844,3280.4955,"2017-10-30"
21.028928,3283.3468,"2017-10-30"
21.146322,3284.1848,"2017-10-30"
21.163346,3300.5966,"2017-10-30"
21.142703,3314.3223,"2017-10-30"
21.193044,3341.2721,"2017-10-30"
21.286609,3316.8685,"2017-10-30"
21.3131,3307.3001,"2017-10-30"
21.3112,3307.2554,"2017-10-30"
21.292473,3356.8674,"2017-10-30"
21.286378,3306.072,"2017-10-30"
21.313824,3319.3299,"2017-10-30"
21.260656,3315.6515,"2017-10-30"
21.139844,3350.013,"2017-10-30"
21.0729,3354.9869,"2017-10-30"
21.102791,3338.0541,"2017-10-30"
21.048111,3321.904,"2017-10-30"
21.033944,3332.0799,"2017-10-30"
21.165278,3326.7361,"2017-10-30"
21.148111,3348.6534,"2017-10-30"
21.094477,3312.7774,"2017-10-30"
21.079064,3373.4032,"2017-10-30"
21.1835,3339.563,"2017-10-30"
21.165648,3332.8912,"2017-10-30"
21.201267,3334.3454,"2017-10-30"
21.147033,3316.4789,"2017-10-30"
21.110769,3364.7207,"2017-10-30"
21.150144,3394.8756,"2017-10-30"
21.1381,3408.5357,"2017-10-30"
21.066233,3401.8218,"2017-10-30"
21.039154,3417.5137,"2017-10-30"
21.044356,3403.0673,"2017-10-30"
21.078422,3374.8709,"2017-10-30"
21.077518,3426.9793,"2017-10-30"
21.096256,3407.3963,"2017-10-30"
20.953243,3493.8366,"2017-10-30"
21.084078,3405.1652,"2017-10-30"
21.200493,3388.6645,"2017-10-30"
21.182978,3420.535,"2017-10-30"
21.189667,3399.1063,"2017-10-30"
21.188154,3428.4956,"2017-10-30"
21.181289,3437.5194,"2017-10-30"
21.212429,3418.4144,"2017-10-30"
21.226722,3447.2615,"2017-10-30"
21.229778,3407.1354,"2017-10-30"
21.209756,3393.9483,"2017-10-30"
21.133311,3413.5301,"2017-10-30"
21.112856,3388.7125,"2017-10-30"
21.002772,3418.1112,"2017-10-30"
20.982331,3394.2674,"2017-10-30"
20.955178,3424.2711,"2017-10-30"
20.913956,3409.447,"2017-10-30"
20.879078,3399.1166,"2017-10-30"
20.886703,3414.8126,"2017-10-30"
20.882538,3428.7781,"2017-10-30"
20.9168,3379.5636,"2017-10-30"
21.009556,3420.7011,"2017-10-30"
21.116156,3451.7291,"2017-10-30"
21.111022,3403.3638,"2017-10-30"
21.111505,3378.5971,"2017-10-30"
21.170378,3432.8975,"2017-10-30"
21.053505,3407.9839,"2017-10-30"
21.083178,3379.3612,"2017-10-30"
21.045064,3379.8661,"2017-10-30"
21.025067,3395.3775,"2017-10-30"
21.012462,3380.3882,"2017-10-30"
20.9411,3401.4406,"2017-10-30"
20.943405,3362.9555,"2017-10-30"
20.980527,3410.072,"2017-10-30"
20.959089,3405.3317,"2017-10-30"
20.967756,3391.5281,"2017-10-30"
20.997,3380.2644,"2017-10-30"
20.9783,3354.1445,"2017-10-30"
20.984531,3362.4063,"2017-10-30"
20.979736,3389.4889,"2017-10-30"
21.072256,3358.7997,"2017-10-30"
21.0408,3357.8882,"2017-10-30"
20.968344,3326.6312,"2017-10-30"
20.874495,3360.4955,"2017-10-30"
20.927929,3370.1302,"2017-10-30"
20.947536,3413.0579,"2017-10-30"
20.925467,3342.7562,"2017-10-30"
20.938411,3351.5242,"2017-10-30"
20.943367,3376.8229,"2017-10-30"
21.000242,3362.1535,"2017-10-30"
21.0662,3364.8128,"2017-10-30"
21.197444,3402.5138,"2017-10-30"
21.258682,3367.5668,"2017-10-30"
21.264444,3417.5183,"2017-10-30"
21.276133,3387.0957,"2017-10-30"
21.2847,3401.6415,"2017-10-30"
21.205176,3370.238,"2017-10-30"
20.929511,3405.0019,"2017-10-30"
21.0716,3379.4651,"2017-10-30"
21.040411,3406.4012,"2017-10-30"
21.052121,3390.624,"2017-10-30"
21.075533,3391.7473,"2017-10-30"
21.043656,3394.3339,"2017-10-30"
21.022389,3437.3602,"2017-10-30"
21.100615,3368.8161,"2017-10-30"
21.231144,3380.0133,"2017-10-30"
21.214622,3351.5734,"2017-10-30"
21.251833,3407.6343,"2017-10-30"
21.2201,3368.6015,"2017-10-30"
21.166758,3353.3726,"2017-10-30"
21.122156,3376.6183,"2017-10-30"
21.0704,3376.2901,"2017-10-30"
21.055044,3400.8097,"2017-10-30"
21.071934,3394.8694,"2017-10-30"
21.252113,3401.4536,"2017-10-30"
21.246453,3378.4568,"2017-10-30"
21.397111,3353.2928,"2017-10-30"
21.355878,3381.2073,"2017-10-30"
21.301403,3371.6096,"2017-10-30"
21.141667,3362.2785,"2017-10-30"
21.009462,3380.8772,"2017-10-30"
21.0677,3343.2815,"2017-10-30"
21.085971,3346.0643,"2017-10-30"
21.13073,3355.5603,"2017-10-30"
21.195144,3391.6239,"2017-10-30"
21.135678,3369.3579,"2017-10-30"
21.098538,3402.7685,"2017-10-30"
21.073756,3384.2606,"2017-10-30"
21.037833,3423.8323,"2017-10-30"
21.041444,3402.0005,"2017-10-30"
21.212689,3361.4277,"2017-10-30"
21.195615,3354.0034,"2017-10-30"
21.222424,3356.4496,"2017-10-30"
21.413711,3319.3474,"2017-10-30"
21.625758,3358.1506,"2017-10-30"
21.204822,3348.1683,"2017-10-30"
20.870767,3382.4546,"2017-10-30"
20.924308,3355.3276,"2017-10-30"
21.010378,3333.6231,"2017-10-30"
21.193016,3317.9967,"2017-10-30"
21.2213,3303.4294,"2017-10-30"
21.208822,3338.5426,"2017-10-30"
21.187389,3361.7843,"2017-10-30"
21.168267,3321.9836,"2017-10-30"
21.163956,3336.4204,"2017-10-30"
21.173944,3311.0882,"2017-10-30"
21.304689,3308.4262,"2017-10-30"
21.144758,3323.1077,"2017-10-30"
21.182367,3319.6962,"2017-10-30"
21.503478,3293.5321,"2017-10-30"
21.649856,3354.1938,"2017-10-30"
21.565769,3346.6245,"2017-10-30"
21.0702,3293.3153,"2017-10-30"
20.964367,3329.5749,"2017-10-30"
20.918055,3317.2738,"2017-10-30"
20.870633,3311.0019,"2017-10-30"
20.9681,3318.2963,"2017-10-30"
20.919868,3268.756,"2017-10-30"
20.934144,3289.7434,"2017-10-30"
20.919733,3277.1671,"2017-10-30"
20.938356,3302.9863,"2017-10-30"
21.623938,3302.7777,"2017-10-30"
22.113911,3317.731,"2017-10-30"
21.743267,3345.2112,"2017-10-30"
21.400289,3361.1791,"2017-10-30"
21.065967,3361.3794,"2017-10-30"
21.188289,3354.3923,"2017-10-30"
21.106756,3340.1867,"2017-10-30"
21.022411,3385.2386,"2017-10-30"
20.945348,3325.9014,"2017-10-30"
20.857451,3311.1985,"2017-10-30"
20.797744,3337.248,"2017-10-30"
20.886111,3349.1582,"2017-10-30"
21.094633,3338.938,"2017-10-30"
21.661544,3326.4789,"2017-10-30"
22.037444,3303.6572,"2017-10-30"
22.121302,3333.8338,"2017-10-30"
21.963556,3359.0293,"2017-10-30"
21.802311,3329.9831,"2017-10-30"
21.672189,3308.7063,"2017-10-30"
21.342242,3303.1687,"2017-10-30"
21.144378,3331.3791,"2017-10-30"
21.145451,3317.4347,"2017-10-30"
21.1507,3308.1191,"2017-10-30"
21.068822,3303.7391,"2017-10-30"
21.016633,3284.1557,"2017-10-30"
21.018934,3301.5595,"2017-10-30"
21.107427,3331.1318,"2017-10-30"
21.159511,3301.0487,"2017-10-30"
21.179467,3287.0229,"2017-10-30"
21.131821,3320.1536,"2017-10-30"
21.12435,3301.3684,"2017-10-30"
21.116253,3332.3051,"2017-10-30"
21.119791,3297.9469,"2017-10-30"
21.110721,3326.8962,"2017-10-30"
21.117044,3367.7578,"2017-10-30"
21.089989,3367.4871,"2017-10-30"
21.032756,3363.6004,"2017-10-30"
20.976908,3423.3819,"2017-10-30"
20.940844,3410.7656,"2017-10-30"
20.895133,3393.6556,"2017-10-30"
20.954022,3386.7442,"2017-10-30"
20.997522,3386.1582,"2017-10-30"
21.080011,3432.8489,"2017-10-30"
21.07767,3389.4746,"2017-10-30"
21.044822,3427.8307,"2017-10-30"
20.962411,3413.2058,"2017-10-30"
21.194611,3441.7905,"2017-10-30"
21.302257,3405.1735,"2017-10-30"
21.207692,3439.4359,"2017-10-30"
21.051722,3411.8451,"2017-10-30"
20.830258,3430.8848,"2017-10-30"
20.404396,3423.8121,"2017-10-30"
20.084071,3425.6002,"2017-10-30"
20.040167,3455.8841,"2017-10-30"
19.967878,3424.7262,"2017-10-30"
19.804622,3429.5794,"2017-10-30"
19.818379,3394.0483,"2017-10-30"
19.771893,3404.9794,"2017-10-30"
19.838711,3458.2664,"2017-10-30"
19.887317,3392.5159,"2017-10-30"
19.769389,3436.6549,"2017-10-30"
19.597344,3441.8402,"2017-10-30"
19.555768,3400.3492,"2017-10-30"
19.570022,3423.1669,"2017-10-30"
19.673495,3453.2852,"2017-10-30"
19.616633,3392.1629,"2017-10-30"
19.633648,3413.12,"2017-10-30"
19.618589,3409.3958,"2017-10-30"
19.608656,3402.4806,"2017-10-30"
19.5609,3396.0248,"2017-10-30"
19.560077,3399.4226,"2017-10-30"
19.551544,3413.3168,"2017-10-30"
19.468246,3401.3903,"2017-10-30"
19.504122,3372.5994,"2017-10-30"
19.592604,3375.6963,"2017-10-30"
19.676556,3403.0022,"2017-10-30"
19.59808,3392.2299,"2017-10-30"
19.392789,3380.7881,"2017-10-30"
19.309868,3402.0161,"2017-10-30"
19.364767,3379.8721,"2017-10-30"
19.416522,3381.816,"2017-10-30"
19.340011,3359.5753,"2017-10-30"
19.352867,3351.2171,"2017-10-30"
19.42895,3403.5814,"2017-10-30"
19.458671,3343.3027,"2017-10-30"
19.507571,3387.806,"2017-10-30"
19.549846,3372.8777,"2017-10-30"
19.506833,3315.7331,"2017-10-30"
19.50435,3373.9177,"2017-10-30"
19.444044,3342.855,"2017-10-30"
19.612879,3334.9097,"2017-10-30"
19.671278,3331.5097,"2017-10-30"
19.494297,3366.6956,"2017-10-30"
19.741943,3373.1704,"2017-10-30"
19.528849,3391.5276,"2017-10-30"
19.689111,3350.1557,"2017-10-30"
19.76589,3348.73,"2017-10-30"
19.715502,3334.668,"2017-10-30"
19.697889,3388.9264,"2017-10-30"
19.676778,3396.6166,"2017-10-30"
19.691099,3363.6142,"2017-10-30"
19.709167,3372.8761,"2017-10-30"
19.709451,3470.6458,"2017-10-30"
19.691144,3362.9773,"2017-10-30"
19.740333,3353.6551,"2017-10-30"
19.863088,3424.6326,"2017-10-30"
19.800667,3363.4927,"2017-10-30"
19.637756,3403.4803,"2017-10-30"
19.610363,3414.3197,"2017-10-30"
19.567567,3369.4647,"2017-10-30"
19.555233,3407.889,"2017-10-30"
19.575179,3353.0722,"2017-10-30"
19.655385,3356.3659,"2017-10-30"
19.723289,3398.6785,"2017-10-30"
19.742344,3387.3497,"2017-10-30"
19.784689,3373.903,"2017-10-30"
19.69911,3334.5074,"2017-10-30"
19.7646,3397.9816,"2017-10-30"
19.767844,3418.7058,"2017-10-30"
19.740977,3416.249,"2017-10-30"
19.744522,3350.6619,"2017-10-30"
19.828343,3356.2719,"2017-10-30"
19.868478,3320.498,"2017-10-30"
19.701333,3365.5049,"2017-10-30"
19.617756,3360.7452,"2017-10-30"
19.596044,3344.3178,"2017-10-30"
19.604233,3345.3154,"2017-10-30"
19.56556,3331.2227,"2017-10-30"
19.566267,3344.4525,"2017-10-30"
19.584914,3294.168,"2017-10-30"
19.590033,3327.0811,"2017-10-30"
19.63164,3344.4765,"2017-10-30"
19.690711,3348.8816,"2017-10-30"
19.727344,3371.1359,"2017-10-30"
19.723176,3358.9588,"2017-10-30"
19.734471,3371.6401,"2017-10-30"
19.781582,3346.3442,"2017-10-30"
19.788367,3360.8173,"2017-10-30"
19.839567,3330.8246,"2017-10-30"
19.703011,3335.9717,"2017-10-30"
19.614593,3369.932,"2017-10-30"
19.619122,3366.2655,"2017-10-30"
19.654637,3353.5648,"2017-10-30"
19.774833,3360.1477,"2017-10-30"
19.769457,3348.7746,"2017-10-30"
19.708989,3373.3724,"2017-10-30"
19.685289,3392.6158,"2017-10-30"
19.634538,3380.6668,"2017-10-30"
19.601211,3397.561,"2017-10-30"
19.584121,3426.7371,"2017-10-30"
19.549967,3412.4811,"2017-10-30"
19.523182,3383.0265,"2017-10-30"
19.509222,3388.5804,"2017-10-30"
19.563353,3396.0137,"2017-10-30"
19.593209,3391.778,"2017-10-30"
19.452522,3436.8527,"2017-10-30"
19.498843,3396.2087,"2017-10-30"
19.533711,3415.1632,"2017-10-30"
19.584725,3460.2544,"2017-10-30"
19.588544,3405.4421,"2017-10-30"
19.574078,3426.1585,"2017-10-30"
19.548133,3409.7162,"2017-10-30"
19.540607,3400.723,"2017-10-30"
19.543971,3420.0956,"2017-10-30"
19.540945,3393.3858,"2017-10-30"
19.536889,3438.4381,"2017-10-30"
19.497615,3402.4389,"2017-10-30"
19.40397,3395.8156,"2017-10-30"
19.275446,3403.8079,"2017-10-30"
19.214275,3468.3923,"2017-10-30"
19.119722,3396.8195,"2017-10-30"
18.801593,3356.6766,"2017-10-30"
18.846211,3355.3349,"2017-10-30"
18.798456,3394.0443,"2017-10-30"
18.750244,3378.5455,"2017-10-30"
18.606912,3380.3681,"2017-10-30"
18.477167,3375.4306,"2017-10-30"
18.338791,3387.1103,"2017-10-30"
18.123867,3364.8692,"2017-10-30"
17.977,3360.0148,"2017-10-30"
17.989978,3381.7261,"2017-10-30"
18.061693,3366.8796,"2017-10-30"
18.191011,3392.5038,"2017-10-30"
18.360824,3428.5558,"2017-10-30"
18.329539,3398.9191,"2017-10-30"
18.364378,3377.2232,"2017-10-30"
18.372918,3287.3918,"2017-10-30"
18.409633,3268.0932,"2017-10-30"
18.392789,3306.7312,"2017-10-30"
18.354956,3322.9732,"2017-10-30"
18.336576,3284.4596,"2017-10-30"
18.298637,3272.0151,"2017-10-30"
18.368211,3293.0857,"2017-10-30"
18.376111,3335.7951,"2017-10-30"
18.331333,3335.7341,"2017-10-30"
18.331319,3302.0107,"2017-10-30"
18.305822,3274.9816,"2017-10-30"
18.295878,3271.2954,"2017-10-30"
18.328378,3253.5917,"2017-10-30"
18.362868,3265.1086,"2017-10-30"
18.187378,3271.5874,"2017-10-30"
18.241678,3275.4059,"2017-10-30"
18.363944,3300.2063,"2017-10-30"
18.541289,3310.4065,"2017-10-30"
18.635486,3304.3994,"2017-10-30"
18.527633,3303.1811,"2017-10-30"
18.183675,3380.3722,"2017-10-30"
17.998936,3297.5961,"2017-10-30"
18.346971,3274.9595,"2017-10-30"
18.320527,3326.8785,"2017-10-30"
18.317489,3276.0152,"2017-10-30"
18.266878,3311.9225,"2017-10-30"
18.282956,3306.7042,"2017-10-30"
18.223467,3252.467,"2017-10-30"
18.243033,3310.3285,"2017-10-30"
18.294544,3254.0059,"2017-10-30"
18.366309,3275.2503,"2017-10-30"
18.652107,3256.1498,"2017-10-30"
19.687111,3243.3181,"2017-10-30"
19.713078,3220.5675,"2017-10-30"
19.825856,3278.6809,"2017-10-30"
20.263489,3265.536,"2017-10-30"
20.266495,3241.8186,"2017-10-30"
20.231233,3268.0031,"2017-10-30"
20.186078,3251.8102,"2017-10-30"
20.170189,3352.5396,"2017-10-30"
20.130411,3345.3732,"2017-10-30"
20.123626,3318.3949,"2017-10-30"
20.086811,3329.5328,"2017-10-30"
20.083857,3302.4239,"2017-10-30"
20.18959,3320.393,"2017-10-30"
20.259331,3361.5375,"2017-10-30"
20.170311,3316.2951,"2017-10-30"
20.144789,3327.9407,"2017-10-30"
20.170576,3348.8407,"2017-10-30"
20.206967,3341.1604,"2017-10-30"
20.154311,3349.5821,"2017-10-30"
20.118011,3358.7735,"2017-10-30"
20.079233,3372.5965,"2017-10-30"
20.029411,3361.1449,"2017-10-30"
20.015311,3330.5872,"2017-10-30"
20.053644,3284.8182,"2017-10-30"
20.106835,3268.6787,"2017-10-30"
20.119044,3293.1697,"2017-10-30"
20.158352,3268.8899,"2017-10-30"
20.17967,3325.8174,"2017-10-30"
20.209989,3300.8964,"2017-10-30"
20.314922,3312.3487,"2017-10-30"
20.381878,3339.3299,"2017-10-30"
20.276722,3270.3659,"2017-10-30"
20.28034,3287.9211,"2017-10-30"
20.310967,3281.1145,"2017-10-30"
20.319811,3280.5896,"2017-10-30"
20.316319,3254.2808,"2017-10-30"
20.314835,3291.4612,"2017-10-30"
20.292467,3234.0208,"2017-10-30"
20.272644,3216.6941,"2017-10-30"
20.285011,3230.076,"2017-10-30"
20.284356,3220.2409,"2017-10-30"
20.295129,3238.4974,"2017-10-30"
20.322067,3169.0617,"2017-10-30"
20.351534,3197.9085,"2017-10-30"
20.3682,3179.7306,"2017-10-30"
20.447611,3244.694,"2017-10-30"
20.477656,3208.4778,"2017-10-30"
20.197769,3160.1942,"2017-10-30"
20.143078,3178.9433,"2017-10-30"
20.221878,3189.2375,"2017-10-30"
20.183367,3161.0784,"2017-10-30"
20.185492,3196.0047,"2017-10-30"
20.120871,3187.1757,"2017-10-30"
20.192462,3226.6188,"2017-10-30"
20.229078,3168.131,"2017-10-30"
20.235111,3203.7089,"2017-10-30"
20.206844,3161.5596,"2017-10-30"
20.202578,3212.7045,"2017-10-30"
20.239122,3193.6454,"2017-10-30"
20.1673,3185.368,"2017-10-30"
20.139467,3177.5535,"2017-10-30"
20.188945,3179.1462,"2017-10-30"
20.118978,3190.6012,"2017-10-30"
20.064659,3177.311,"2017-10-30"
20.134278,3178.7838,"2017-10-30"
20.238484,3214.6734,"2017-10-30"
20.251989,3292.3,"2017-10-30"
20.217648,3269.182,"2017-10-30"
20.150811,3325.177,"2017-10-30"
20.146612,3293.6029,"2017-10-30"
20.108511,3288.8571,"2017-10-30"
20.114311,3299.9772,"2017-10-30"
20.069678,3319.0115,"2017-10-30"
20.092533,3350.8772,"2017-10-30"
20.087736,3320.3692,"2017-10-30"
20.134446,3342.1992,"2017-10-30"
20.365194,3317.2452,"2017-10-30"
20.287088,3319.864,"2017-10-30"
20.330846,3347.529,"2017-10-30"
20.4329,3314.4713,"2017-10-30"
20.425462,3353.7322,"2017-10-30"
20.391733,3312.6467,"2017-10-30"
20.341532,3386.5672,"2017-10-30"
20.435056,3299.7016,"2017-10-30"
20.410719,3301.0808,"2017-10-30"
20.397911,3308.2006,"2017-10-30"
20.438259,3340.9396,"2017-10-30"
20.452556,3330.5247,"2017-10-30"
20.417211,3316.0118,"2017-10-30"
20.381593,3308.3644,"2017-10-30"
20.410011,3295.4205,"2017-10-30"
20.466667,3323.7009,"2017-10-30"
20.338889,3281.4643,"2017-10-30"
20.211933,3298.002,"2017-10-30"
20.263933,3287.1835,"2017-10-30"
20.316281,3271.8805,"2017-10-30"
20.402,3221.052,"2017-10-30"
20.418222,3258.9361,"2017-10-30"
20.36744,3207.7651,"2017-10-30"
20.284556,3197.7234,"2017-10-30"
20.241667,3232.5798,"2017-10-30"
20.223333,3213.5308,"2017-10-30"
20.238911,3237.6693,"2017-10-30"
20.280956,3204.1612,"2017-10-30"
20.404072,3164.5334,"2017-10-30"
20.336934,3246.8274,"2017-10-30"
20.300615,3223.5319,"2017-10-30"
20.330022,3209.6076,"2017-10-30"
20.326289,3192.437,"2017-10-30"
20.278899,3178.4371,"2017-10-30"
20.248598,3224.7491,"2017-10-30"
20.218522,3196.3826,"2017-10-30"
20.2317,3300.4523,"2017-10-30"
20.250736,3212.001,"2017-10-30"
20.223544,3237.006,"2017-10-30"
20.309256,3227.6457,"2017-10-30"
20.365622,3203.6528,"2017-10-30"
20.316331,3222.1948,"2017-10-30"
20.352879,3220.5692,"2017-10-30"
20.330144,3244.4265,"2017-10-30"
20.355278,3224.1595,"2017-10-30"
20.304264,3216.8568,"2017-10-30"
20.24223,3227.2443,"2017-10-30"
20.235791,3230.2837,"2017-10-30"
20.191889,3255.9258,"2017-10-30"
20.220256,3252.7018,"2017-10-30"
20.205394,3242.2277,"2017-10-30"
20.199722,3220.4854,"2017-10-30"
20.220871,3244.2795,"2017-10-30"
20.161293,3266.8333,"2017-10-30"
20.177522,3315.801,"2017-10-30"
20.208176,3257.8463,"2017-10-30"
20.317865,3266.8525,"2017-10-30"
20.313644,3246.07,"2017-10-30"
20.297324,3280.3079,"2017-10-30"
20.346778,3235.925,"2017-10-30"
20.358933,3252.2158,"2017-10-30"
20.345033,3256.3152,"2017-10-30"
20.2813,3329.1176,"2017-10-30"
20.212167,3273.6806,"2017-10-30"
20.160626,3263.1951,"2017-10-30"
20.139222,3251.9614,"2017-10-30"
20.131158,3267.626,"2017-10-30"
20.139571,3316.6842,"2017-10-30"
20.164165,3284.732,"2017-10-30"
20.222885,3283.631,"2017-10-30"
20.272067,3269.3349,"2017-10-30"
20.316967,3285.5023,"2017-10-30"
20.447568,3289.3646,"2017-10-30"
20.328942,3309.4152,"2017-10-30"
20.540077,3365.4951,"2017-10-30"
20.678433,3355.0104,"2017-10-30"
20.682956,3301.1672,"2017-10-30"
20.806622,3340.8947,"2017-10-30"
20.796352,3276.3088,"2017-10-30"
20.783283,3312.3403,"2017-10-30"
20.910252,3292.2688,"2017-10-30"
21.001967,3304.4131,"2017-10-30"
21.054589,3264.246,"2017-10-30"
21.00601,3308.5144,"2017-10-30"
20.980827,3339.1389,"2017-10-30"
20.956867,3288.8743,"2017-10-30"
20.946945,3286.5833,"2017-10-30"
21.007156,3336.1588,"2017-10-30"
21.127286,3313.5183,"2017-10-30"
20.999878,3339.9705,"2017-10-30"
20.948347,3329.6407,"2017-10-30"
20.969681,3318.7441,"2017-10-30"
21.008971,3300.4542,"2017-10-30"
21.029165,3320.3678,"2017-10-30"
21.028622,3310.3371,"2017-10-30"
20.968011,3359.6917,"2017-10-30"
20.956505,3353.1933,"2017-10-30"
20.930433,3337.8966,"2017-10-30"
20.906357,3332.0569,"2017-10-30"
20.908767,3312.8376,"2017-10-30"
20.905424,3297.5148,"2017-10-30"
20.972899,3332.5804,"2017-10-30"
21.077239,3322.7453,"2017-10-30"
20.988734,3296.8743,"2017-10-30"
20.937718,3287.2226,"2017-10-30"
21.005843,3281.2591,"2017-10-30"
21.054593,3347.7317,"2017-10-30"
21.012643,3331.8896,"2017-10-30"
20.980857,3307.7013,"2017-10-30"
20.968367,3296.1354,"2017-10-30"
20.954721,3332.243,"2017-10-30"
20.947967,3303.0053,"2017-10-30"
20.932944,3293.5941,"2017-10-30"
20.9516,3297.7931,"2017-10-30"
20.987176,3283.8258,"2017-10-30"
20.995356,3297.1089,"2017-10-30"
20.980678,3321.1461,"2017-10-30"
20.961118,3342.6581,"2017-10-30"
20.972867,3301.9191,"2017-10-30"
20.966767,3330.376,"2017-10-30"
21.011648,3312.9305,"2017-10-30"
21.0517,3336.2384,"2017-10-30"
21.082109,3274.6802,"2017-10-30"
21.096822,3347.0676,"2017-10-30"
21.041644,3361.4504,"2017-10-30"
20.99465,3294.0792,"2017-10-30"
21.025,3298.8777,"2017-10-30"
21.173,3499.9106,"2018-02-15"
21.204154,3472.0135,"2018-02-15"
21.202956,3515.3373,"2018-02-15"
21.166011,3528.8801,"2018-02-15"
21.121878,3521.1554,"2018-02-15"
21.076811,3544.7551,"2018-02-15"
21.047592,3504.6006,"2018-02-15"
21.0367,3518.1918,"2018-02-15"
21.1055,3493.8805,"2018-02-15"
21.154824,3459.0446,"2018-02-15"
21.157389,3530.1165,"2018-02-15"
21.2079,3517.2567,"2018-02-15"
21.217747,3495.4494,"2018-02-15"
21.205567,3498.6304,"2018-02-15"
21.1846,3576.6023,"2018-02-15"
21.132111,3489.7102,"2018-02-15"
21.081043,3525.5932,"2018-02-15"
21.085,3535.4834,"2018-02-15"
21.082571,3540.53,"2018-02-15"
21.094511,3495.4704,"2018-02-15"
21.098067,3530.9856,"2018-02-15"
21.101514,3507.5658,"2018-02-15"
21.115178,3526.3082,"2018-02-15"
21.147593,3623.7774,"2018-02-15"
21.192312,3610.1274,"2018-02-15"
21.147745,3588.5751,"2018-02-15"
21.104835,3629.6845,"2018-02-15"
21.110186,3639.8787,"2018-02-15"
21.203432,3612.9974,"2018-02-15"
21.188761,3640.3467,"2018-02-15"
21.098071,3630.3008,"2018-02-15"
21.030044,3629.6054,"2018-02-15"
21.012533,3597.9042,"2018-02-15"
21.018956,3611.9878,"2018-02-15"
21.044736,3606.431,"2018-02-15"
21.058122,3630.7028,"2018-02-15"
21.093567,3582.0323,"2018-02-15"
21.132934,3607.4274,"2018-02-15"
21.180137,3601.3465,"2018-02-15"
21.188549,3581.3528,"2018-02-15"
21.100289,3639.4732,"2018-02-15"
21.137711,3635.5156,"2018-02-15"
21.1987,3596.5482,"2018-02-15"
21.272564,3598.5193,"2018-02-15"
21.160225,3622.3314,"2018-02-15"
21.008374,3603.6287,"2018-02-15"
20.977211,3646.3589,"2018-02-15"
20.985211,3609.6049,"2018-02-15"
21.032923,3672.3212,"2018-02-15"
21.039133,3613.0281,"2018-02-15"
21.036978,3607.584,"2018-02-15"
21.047889,3632.3551,"2018-02-15"
21.116689,3617.7212,"2018-02-15"
21.005165,3624.6169,"2018-02-15"
20.709878,3651.1595,"2018-02-15"
20.294921,3640.4122,"2018-02-15"
20.1562,3666.0604,"2018-02-15"
20.004381,3698.8313,"2018-02-15"
19.807938,3647.6393,"2018-02-15"
19.8044,3643.2519,"2018-02-15"
19.82922,3638.2414,"2018-02-15"
19.846956,3679.1425,"2018-02-15"
19.839867,3648.4452,"2018-02-15"
19.791278,3634.8018,"2018-02-15"
19.756444,3637.3455,"2018-02-15"
19.783868,3656.4189,"2018-02-15"
19.920108,3641.7251,"2018-02-15"
19.864144,3664.2,"2018-02-15"
19.549644,3627.0478,"2018-02-15"
19.434615,3684.7469,"2018-02-15"
19.382278,3700.6721,"2018-02-15"
19.3479,3703.3495,"2018-02-15"
19.399417,3682.407,"2018-02-15"
19.428833,3656.3783,"2018-02-15"
19.579626,3668.333,"2018-02-15"
19.611007,3651.6755,"2018-02-15"
19.384678,3656.2034,"2018-02-15"
19.36244,3667.5318,"2018-02-15"
19.325456,3644.1747,"2018-02-15"
19.309308,3730.3718,"2018-02-15"
19.303625,3630.5541,"2018-02-15"
19.327733,3667.358,"2018-02-15"
19.356467,3691.3667,"2018-02-15"
19.348971,3687.2011,"2018-02-15"
19.347209,3633.2002,"2018-02-15"
19.337433,3699.522,"2018-02-15"
19.336978,3640.4179,"2018-02-15"
19.32544,3631.9924,"2018-02-15"
19.321933,3644.4204,"2018-02-15"
19.466783,3601.0937,"2018-02-15"
19.482176,3601.8393,"2018-02-15"
19.414089,3638.4184,"2018-02-15"
19.462922,3657.1236,"2018-02-15"
19.554692,3629.4801,"2018-02-15"
19.663109,3618.3248,"2018-02-15"
19.718356,3646.5796,"2018-02-15"
19.691914,3635.6775,"2018-02-15"
19.622978,3618.9515,"2018-02-15"
19.553589,3623.4579,"2018-02-15"
19.490857,3604.5022,"2018-02-15"
19.472242,3589.6443,"2018-02-15"
19.46223,3632.0778,"2018-02-15"
19.466288,3634.1157,"2018-02-15"
19.441267,3621.7016,"2018-02-15"
19.405736,3588.7262,"2018-02-15"
19.377622,3612.2866,"2018-02-15"
19.357067,3633.9079,"2018-02-15"
19.356744,3599.8966,"2018-02-15"
19.359733,3616.8458,"2018-02-15"
19.37689,3617.9617,"2018-02-15"
19.418178,3605.2036,"2018-02-15"
19.445322,3614.4341,"2018-02-15"
19.422444,3645.7789,"2018-02-15"
19.397912,3630.5246,"2018-02-15"
19.330396,3615.2804,"2018-02-15"
19.246856,3629.0152,"2018-02-15"
19.18178,3613.8247,"2018-02-15"
19.120956,3650.2454,"2018-02-15"
19.083473,3626.6541,"2018-02-15"
19.046656,3611.0345,"2018-02-15"
19.040496,3626.0751,"2018-02-15"
18.969961,3604.0739,"2018-02-15"
18.940589,3612.1366,"2018-02-15"
18.924789,3639.1857,"2018-02-15"
18.861133,3634.6237,"2018-02-15"
18.810756,3638.0055,"2018-02-15"
18.636879,3630.6008,"2018-02-15"
18.496188,3621.4531,"2018-02-15"
18.395683,3625.9659,"2018-02-15"
18.24696,3639.3783,"2018-02-15"
18.171681,3627.8798,"2018-02-15"
18.095211,3665.0389,"2018-02-15"
18.029367,3689.1207,"2018-02-15"
17.997278,3674.0815,"2018-02-15"
18.01033,3647.9637,"2018-02-15"
18.222989,3618.2106,"2018-02-15"
18.430078,3602.3209,"2018-02-15"
19.741733,3644.2746,"2018-02-15"
19.811609,3638.7385,"2018-02-15"
19.916066,3671.3021,"2018-02-15"
19.856768,3639.1921,"2018-02-15"
19.860033,3631.3396,"2018-02-15"
19.753888,3641.2622,"2018-02-15"
19.701297,3651.1536,"2018-02-15"
19.677094,3621.0838,"2018-02-15"
19.634622,3645.1453,"2018-02-15"
19.623308,3649.9118,"2018-02-15"
19.585414,3645.1675,"2018-02-15"
19.589223,3680.8785,"2018-02-15"
19.694622,3678.379,"2018-02-15"
19.808319,3714.9306,"2018-02-15"
20.041424,3686.1399,"2018-02-15"
19.917267,3710.4089,"2018-02-15"
19.224433,3683.5691,"2018-02-15"
19.162523,3646.6447,"2018-02-15"
19.118793,3651.6162,"2018-02-15"
19.113993,3645.8606,"2018-02-15"
19.089281,3680.9239,"2018-02-15"
19.084137,3650.2268,"2018-02-15"
19.036633,3672.3428,"2018-02-15"
18.975611,3639.2116,"2018-02-15"
18.961911,3645.8095,"2018-02-15"
18.889667,3645.5729,"2018-02-15"
18.834967,3643.3369,"2018-02-15"
18.785967,3681.4607,"2018-02-15"
18.814956,3642.4871,"2018-02-15"
18.859038,3595.7754,"2018-02-15"
18.90956,3554.3242,"2018-02-15"
18.85059,3580.5771,"2018-02-15"
18.982433,3574.5371,"2018-02-15"
19.1357,3598.4646,"2018-02-15"
19.221593,3594.797,"2018-02-15"
19.289556,3538.2724,"2018-02-15"
19.312533,3586.2129,"2018-02-15"
19.319022,3554.3152,"2018-02-15"
19.289669,3587.0123,"2018-02-15"
19.322923,3606.4423,"2018-02-15"
19.466152,3595.7226,"2018-02-15"
19.284768,3642.4537,"2018-02-15"
19.106418,3604.3538,"2018-02-15"
19.039835,3624.6289,"2018-02-15"
19.048133,3573.5754,"2018-02-15"
19.115078,3639.8791,"2018-02-15"
19.182647,3624.5572,"2018-02-15"
19.217483,3640.8722,"2018-02-15"
19.241578,3596.0898,"2018-02-15"
19.278733,3582.1863,"2018-02-15"
19.27746,3609.1404,"2018-02-15"
19.262122,3616.4955,"2018-02-15"
19.26556,3562.103,"2018-02-15"
19.296044,3586.6524,"2018-02-15"
19.311767,3634.8281,"2018-02-15"
19.390475,3603.9673,"2018-02-15"
19.562747,3573.1623,"2018-02-15"
19.470167,3566.8823,"2018-02-15"
19.467583,3555.3221,"2018-02-15"
19.444934,3561.2609,"2018-02-15"
19.503629,3586.9285,"2018-02-15"
19.5243,3593.2757,"2018-02-15"
19.585308,3629.6025,"2018-02-15"
19.55036,3538.9424,"2018-02-15"
19.574549,3545.9909,"2018-02-15"
19.543078,3558.2312,"2018-02-15"
19.540777,3558.0893,"2018-02-15"
19.54246,3629.674,"2018-02-15"
19.480432,3543.4312,"2018-02-15"
19.501267,3572.7339,"2018-02-15"
19.46033,3633.4733,"2018-02-15"
19.548739,3543.2032,"2018-02-15"
19.610374,3592.1304,"2018-02-15"
19.534933,3544.2501,"2018-02-15"
19.527901,3569.4453,"2018-02-15"
19.595711,3549.8648,"2018-02-15"
19.70051,3612.7257,"2018-02-15"
19.760504,3574.0292,"2018-02-15"
19.813722,3570.6032,"2018-02-15"
19.713205,3506.1615,"2018-02-15"
19.705578,3517.2949,"2018-02-15"
19.671633,3577.1809,"2018-02-15"
19.694144,3562.2071,"2018-02-15"
19.660626,3572.4021,"2018-02-15"
19.686756,3575.3282,"2018-02-15"
19.695901,3488.7219,"2018-02-15"
19.815849,3527.0567,"2018-02-15"
19.570533,3488.3432,"2018-02-15"
19.458122,3555.3982,"2018-02-15"
19.594209,3511.108,"2018-02-15"
19.592189,3484.8102,"2018-02-15"
19.699356,3513.1479,"2018-02-15"
19.794058,3488.6328,"2018-02-15"
19.822767,3476.8045,"2018-02-15"
19.780022,3485.7473,"2018-02-15"
19.923308,3464.4762,"2018-02-15"
20.025928,3477.7346,"2018-02-15"
20.075444,3451.6424,"2018-02-15"
20.090957,3473.0736,"2018-02-15"
20.104769,3466.0447,"2018-02-15"
20.108133,3490.3384,"2018-02-15"
20.146178,3483.7593,"2018-02-15"
20.293036,3471.4369,"2018-02-15"
20.130622,3490.7146,"2018-02-15"
19.972065,3517.228,"2018-02-15"
19.88064,3465.2606,"2018-02-15"
19.912835,3464.2585,"2018-02-15"
19.893322,3504.1138,"2018-02-15"
19.904079,3459.8357,"2018-02-15"
20.047311,3452.1936,"2018-02-15"
20.0984,3438.5703,"2018-02-15"
20.147827,3437.7095,"2018-02-15"
20.176978,3512.5487,"2018-02-15"
20.245525,3466.8452,"2018-02-15"
20.408267,3451.0406,"2018-02-15"
20.546057,3512.66,"2018-02-15"
20.383389,3478.0554,"2018-02-15"
20.267089,3491.1819,"2018-02-15"
20.350711,3516.3455,"2018-02-15"
20.6398,3477.0625,"2018-02-15"
20.700936,3494.2123,"2018-02-15"
20.522897,3475.5957,"2018-02-15"
20.289067,3495.4719,"2018-02-15"
20.23944,3495.3412,"2018-02-15"
20.28,3506.2838,"2018-02-15"
20.248411,3520.8585,"2018-02-15"
20.215022,3515.2672,"2018-02-15"
20.146353,3508.4502,"2018-02-15"
20.041374,3513.614,"2018-02-15"
19.938101,3512.8289,"2018-02-15"
19.925878,3547.665,"2018-02-15"
20.099518,3503.5187,"2018-02-15"
20.293388,3513.7319,"2018-02-15"
20.512992,3507.9355,"2018-02-15"
20.659337,3472.6055,"2018-02-15"
21.213577,3531.5027,"2018-02-15"
21.633405,3506.1561,"2018-02-15"
21.749077,3520.5159,"2018-02-15"
21.868371,3550.9991,"2018-02-15"
21.957691,3532.8737,"2018-02-15"
21.90875,3513.0976,"2018-02-15"
21.830088,3575.3437,"2018-02-15"
21.637149,3528.6302,"2018-02-15"
21.527614,3554.3637,"2018-02-15"
21.534724,3563.8351,"2018-02-15"
21.431429,3542.1883,"2018-02-15"
21.387673,3595.8504,"2018-02-15"
21.584073,3530.2302,"2018-02-15"
21.760349,3565.1675,"2018-02-15"
21.787621,3553.8725,"2018-02-15"
21.817387,3560.1769,"2018-02-15"
21.939596,3541.2179,"2018-02-15"
21.918649,3539.8077,"2018-02-15"
21.81051,3631.7548,"2018-02-15"
21.788091,3572.8458,"2018-02-15"
21.813448,3555.8824,"2018-02-15"
21.80479,3572.367,"2018-02-15"
21.824038,3520.9177,"2018-02-15"
21.822005,3554.8344,"2018-02-15"
21.792315,3546.735,"2018-02-15"
21.784346,3521.3046,"2018-02-15"
21.624087,3504.7414,"2018-02-15"
21.467063,3482.914,"2018-02-15"
21.403304,3485.3297,"2018-02-15"
21.411922,3459.6743,"2018-02-15"
21.644978,3478.9019,"2018-02-15"
21.789275,3447.4721,"2018-02-15"
21.882022,3458.5428,"2018-02-15"
21.921824,3434.5651,"2018-02-15"
21.892744,3401.3743,"2018-02-15"
21.83433,3422.3009,"2018-02-15"
21.615593,3378.1175,"2018-02-15"
21.526863,3436.6803,"2018-02-15"
21.351317,3392.1897,"2018-02-15"
21.306767,3394.9564,"2018-02-15"
21.247078,3433.7114,"2018-02-15"
21.211678,3409.7383,"2018-02-15"
21.185813,3377.8126,"2018-02-15"
21.147067,3399.7058,"2018-02-15"
21.182356,3419.0574,"2018-02-15"
21.238352,3384.1566,"2018-02-15"
21.322511,3396.975,"2018-02-15"
21.382878,3378.8625,"2018-02-15"
21.496244,3367.9643,"2018-02-15"
21.549586,3362.8459,"2018-02-15"
21.441611,3411.599,"2018-02-15"
21.282681,3442.2114,"2018-02-15"
21.0918,3420.0508,"2018-02-15"
20.72211,3384.156,"2018-02-15"
20.527044,3405.6417,"2018-02-15"
20.388778,3419.1774,"2018-02-15"
20.333933,3471.4718,"2018-02-15"
20.273647,3411.8419,"2018-02-15"
20.292844,3393.6517,"2018-02-15"
20.3957,3406.9595,"2018-02-15"
20.598473,3375.1251,"2018-02-15"
20.813053,3378.3585,"2018-02-15"
20.841638,3373.3847,"2018-02-15"
20.973473,3392.2845,"2018-02-15"
21.018722,3417.7344,"2018-02-15"
21.02036,3397.4961,"2018-02-15"
20.8803,3410.1638,"2018-02-15"
20.368178,3431.7563,"2018-02-15"
20.780122,3404.6018,"2018-02-15"
20.950944,3444.4371,"2018-02-15"
20.886429,3400.025,"2018-02-15"
20.830311,3431.2705,"2018-02-15"
20.817453,3405.3589,"2018-02-15"
20.773944,3440.8972,"2018-02-15"
20.739484,3450.1734,"2018-02-15"
20.722878,3469.1796,"2018-02-15"
20.605233,3499.5826,"2018-02-15"
20.456767,3465.2154,"2018-02-15"
20.421533,3464.0561,"2018-02-15"
20.55513,3454.6865,"2018-02-15"
20.712066,3430.9087,"2018-02-15"
20.7177,3468.7815,"2018-02-15"
20.640275,3461.0692,"2018-02-15"
20.558589,3491.6357,"2018-02-15"
20.430478,3525.2005,"2018-02-15"
20.26246,3474.2711,"2018-02-15"
19.230456,3480.9271,"2018-02-15"
19.870712,3474.313,"2018-02-15"
20.007935,3454.2256,"2018-02-15"
20.258143,3452.039,"2018-02-15"
20.550178,3483.4534,"2018-02-15"
20.761978,3449.4375,"2018-02-15"
20.985267,3469.8681,"2018-02-15"
21.075289,3474.7874,"2018-02-15"
21.007681,3487.706,"2018-02-15"
20.877636,3442.4944,"2018-02-15"
20.7359,3459.5631,"2018-02-15"
20.658072,3491.4074,"2018-02-15"
20.591711,3521.6895,"2018-02-15"
20.6026,3479.5745,"2018-02-15"
20.706856,3457.9832,"2018-02-15"
20.591946,3481.7026,"2018-02-15"
20.565889,3478.9912,"2018-02-15"
20.434202,3482.0732,"2018-02-15"
20.320344,3430.5789,"2018-02-15"
20.280643,3484.4391,"2018-02-15"
20.185278,3472.398,"2018-02-15"
20.105433,3429.4546,"2018-02-15"
20.155789,3477.7612,"2018-02-15"
20.124835,3461.4958,"2018-02-15"
20.039978,3458.6953,"2018-02-15"
20.03849,3475.7448,"2018-02-15"
20.065267,3467.0245,"2018-02-15"
20.143133,3424.7867,"2018-02-15"
20.174154,3426.0775,"2018-02-15"
20.202775,3432.8101,"2018-02-15"
20.1558,3459.9427,"2018-02-15"
20.241942,3487.6077,"2018-02-15"
20.432275,3438.1241,"2018-02-15"
20.6797,3408.5242,"2018-02-15"
20.971206,3421.2146,"2018-02-15"
21.031467,3449.4364,"2018-02-15"
21.084868,3439.3636,"2018-02-15"
21.0821,3427.3115,"2018-02-15"
21.057878,3425.7554,"2018-02-15"
21.026856,3423.613,"2018-02-15"
20.9906,3402.6545,"2018-02-15"
20.938286,3435.0474,"2018-02-15"
20.869167,3411.3259,"2018-02-15"
20.947621,3437.746,"2018-02-15"
20.962711,3432.5134,"2018-02-15"
20.843791,3392.935,"2018-02-15"
20.825011,3379.0231,"2018-02-15"
20.892194,3456.612,"2018-02-15"
20.937209,3451.4641,"2018-02-15"
20.930678,3445.8078,"2018-02-15"
20.845756,3417.8641,"2018-02-15"
20.784856,3427.2024,"2018-02-15"
20.708325,3414.0629,"2018-02-15"
20.5928,3436.5744,"2018-02-15"
20.536978,3426.5227,"2018-02-15"
20.472267,3406.2124,"2018-02-15"
20.430156,3426.3435,"2018-02-15"
20.4019,3450.8988,"2018-02-15"
20.086593,3470.3823,"2018-02-15"
19.751942,3440.7432,"2018-02-15"
20.370879,3440.1941,"2018-02-15"
20.529216,3416.8738,"2018-02-15"
20.790656,3427.9207,"2018-02-15"
21.018933,3411.0276,"2018-02-15"
21.177806,3440.4159,"2018-02-15"
21.147547,3437.2117,"2018-02-15"
21.054322,3433.7621,"2018-02-15"
20.928189,3412.233,"2018-02-15"
20.81654,3470.1705,"2018-02-15"
20.697556,3425.0753,"2018-02-15"
20.60178,3437.5751,"2018-02-15"
20.509414,3471.512,"2018-02-15"
20.374711,3519.7548,"2018-02-15"
20.266212,3415.014,"2018-02-15"
20.308378,3454.2339,"2018-02-15"
20.301725,3465.5161,"2018-02-15"
20.085144,3444.1708,"2018-02-15"
20.118811,3467.0401,"2018-02-15"
20.251412,3469.4154,"2018-02-15"
20.388611,3469.0217,"2018-02-15"
20.451011,3469.5547,"2018-02-15"
20.498007,3469.8941,"2018-02-15"
20.423289,3468.0469,"2018-02-15"
20.205678,3476.8093,"2018-02-15"
19.988352,3488.9418,"2018-02-15"
20.013871,3484.8837,"2018-02-15"
20.021901,3512.2177,"2018-02-15"
20.022533,3487.6976,"2018-02-15"
19.988198,3486.4959,"2018-02-15"
20.0194,3535.0199,"2018-02-15"
20.078846,3486.642,"2018-02-15"
20.027288,3508.5525,"2018-02-15"
19.992411,3561.0073,"2018-02-15"
20.044989,3525.8146,"2018-02-15"
20.100333,3506.2519,"2018-02-15"
20.146511,3518.6552,"2018-02-15"
20.259644,3550.2968,"2018-02-15"
20.202237,3568.9926,"2018-02-15"
20.107133,3489.8662,"2018-02-15"
20.030923,3577.2534,"2018-02-15"
20.005456,3547.2431,"2018-02-15"
20.036407,3528.0907,"2018-02-15"
20.024429,3501.6461,"2018-02-15"
19.980464,3551.735,"2018-02-15"
19.967484,3538.3014,"2018-02-15"
20.033967,3523.4416,"2018-02-15"
19.635967,3499.9179,"2018-02-15"
19.836522,3566.135,"2018-02-15"
19.948942,3535.5875,"2018-02-15"
20.191561,3556.857,"2018-02-15"
20.296356,3542.6524,"2018-02-15"
20.209478,3548.5564,"2018-02-15"
20.547278,3525.2719,"2018-02-15"
20.572138,3508.2206,"2018-02-15"
20.405689,3574.3574,"2018-02-15"
20.271267,3542.9334,"2018-02-15"
20.224622,3567.2581,"2018-02-15"
20.198878,3543.2795,"2018-02-15"
20.198913,3551.2684,"2018-02-15"
20.199456,3576.4906,"2018-02-15"
20.180411,3577.2209,"2018-02-15"
20.187834,3553.7161,"2018-02-15"
19.533132,3570.6464,"2018-02-15"
19.979989,3636.5227,"2018-02-15"
20.155244,3584.5054,"2018-02-15"
20.0716,3553.1623,"2018-02-15"
20.380055,3561.1585,"2018-02-15"
20.6725,3563.344,"2018-02-15"
20.679715,3542.3993,"2018-02-15"
20.590824,3541.1623,"2018-02-15"
20.558489,3541.8859,"2018-02-15"
20.6485,3565.3561,"2018-02-15"
20.628892,3556.4801,"2018-02-15"
20.751589,3588.341,"2018-02-15"
20.805174,3555.5573,"2018-02-15"
20.861056,3518.7852,"2018-02-15"
20.811567,3525.5636,"2018-02-15"
20.826767,3504.0311,"2018-02-15"
20.887465,3487.572,"2018-02-15"
20.967986,3510.831,"2018-02-15"
21.230307,3564.1653,"2018-02-15"
21.420677,3478.0852,"2018-02-15"
21.514589,3498.465,"2018-02-15"
21.589967,3541.587,"2018-02-15"
21.608379,3533.2818,"2018-02-15"
21.504189,3522.766,"2018-02-15"
21.290107,3524.1634,"2018-02-15"
20.866233,3514.9508,"2018-02-15"
20.90156,3539.1161,"2018-02-15"
20.916036,3519.3972,"2018-02-15"
20.889767,3471.2573,"2018-02-15"
20.815868,3523.8757,"2018-02-15"
20.243456,3488.0427,"2018-02-15"
20.595367,3495.9378,"2018-02-15"
20.878811,3504.4776,"2018-02-15"
21.040043,3482.8521,"2018-02-15"
21.452689,3551.4559,"2018-02-15"
21.801868,3472.4358,"2018-02-15"
22.077602,3492.8188,"2018-02-15"
21.525556,3536.3217,"2018-02-15"
21.383626,3519.4578,"2018-02-15"
21.1985,3486.7708,"2018-02-15"
21.323744,3503.6459,"2018-02-15"
21.397744,3473.6854,"2018-02-15"
21.426644,3488.5556,"2018-02-15"
21.481626,3467.4677,"2018-02-15"
21.388014,3436.7715,"2018-02-15"
21.402714,3487.0267,"2018-02-15"
21.767278,3431.731,"2018-02-15"
21.978533,3509.0207,"2018-02-15"
22.109774,3460.0978,"2018-02-15"
22.173667,3438.8393,"2018-02-15"
22.208022,3511.0974,"2018-02-15"
22.178278,3442.8702,"2018-02-15"
22.174703,3441.5172,"2018-02-15"
22.150256,3464.6616,"2018-02-15"
22.074,3448.5551,"2018-02-15"
21.979557,3502.0135,"2018-02-15"
21.665633,3498.5078,"2018-02-15"
21.586228,3482.1992,"2018-02-15"
21.524167,3440.1322,"2018-02-15"
21.467651,3486.2661,"2018-02-15"
21.467085,3431.1725,"2018-02-15"
21.415988,3453.5248,"2018-02-15"
21.490469,3453.824,"2018-02-15"
21.622789,3514.7893,"2018-02-15"
21.660994,3486.388,"2018-02-15"
21.469115,3475.9883,"2018-02-15"
21.185945,3530.0527,"2018-02-15"
21.021789,3481.9669,"2018-02-15"
20.834286,3476.2971,"2018-02-15"
20.660956,3554.9242,"2018-02-15"
20.569077,3482.5351,"2018-02-15"
20.441078,3472.3228,"2018-02-15"
20.393289,3487.2946,"2018-02-15"
20.412611,3448.6672,"2018-02-15"
20.519395,3523.6415,"2018-02-15"
20.798043,3483.628,"2018-02-15"
20.874043,3464.6855,"2018-02-15"
20.921121,3461.6131,"2018-02-15"
20.968978,3493.2812,"2018-02-15"
20.809055,3458.2244,"2018-02-15"
20.700756,3475.8794,"2018-02-15"
20.665556,3476.928,"2018-02-15"
20.650901,3490.6721,"2018-02-15"
20.639678,3508.675,"2018-02-15"
20.610522,3461.6917,"2018-02-15"
20.552211,3437.755,"2018-02-15"
20.560411,3458.8444,"2018-02-15"
20.538367,3479.8774,"2018-02-15"
20.5468,3401.6562,"2018-02-15"
20.676054,3389.5159,"2018-02-15"
20.831267,3424.0384,"2018-02-15"
21.498056,3413.926,"2018-02-15"
21.8813,3405.42,"2018-02-15"
22.048582,3462.7855,"2018-02-15"
22.190011,3375.2738,"2018-02-15"
22.100667,3372.9733,"2018-02-15"
22.047911,3385.051,"2018-02-15"
21.986289,3360.5797,"2018-02-15"
21.829846,3389.8597,"2018-02-15"
21.764244,3395.1406,"2018-02-15"
21.688493,3356.404,"2018-02-15"
21.586433,3374.9162,"2018-02-15"
21.438644,3379.3753,"2018-02-15"
21.442626,3368.6173,"2018-02-15"
21.474044,3348.6239,"2018-02-15"
21.493767,3374.4902,"2018-02-15"
21.607767,3347.3978,"2018-02-15"
21.711956,3365.1589,"2018-02-15"
21.928056,3336.2138,"2018-02-15"
22.082813,3344.1304,"2018-02-15"
22.192122,3372.619,"2018-02-15"
22.3583,3395.2667,"2018-02-15"
22.366267,3382.5809,"2018-02-15"
22.188912,3379.6592,"2018-02-15"
21.963822,3371.5321,"2018-02-15"
21.917444,3400.677,"2018-02-15"
21.9059,3413.9887,"2018-02-15"
21.845385,3438.3284,"2018-02-15"
21.693822,3418.0631,"2018-02-15"
21.57675,3470.5177,"2018-02-15"
21.527956,3425.5134,"2018-02-15"
21.676433,3474.0413,"2018-02-15"
22.124038,3413.2249,"2018-02-15"
22.230244,3411.8535,"2018-02-15"
22.154659,3417.4248,"2018-02-15"
22.134144,3458.5349,"2018-02-15"
22.064355,3440.9183,"2018-02-15"
22.018986,3453.9965,"2018-02-15"
21.9523,3461.8572,"2018-02-15"
21.918089,3419.8379,"2018-02-15"
21.864544,3418.0114,"2018-02-15"
21.847736,3404.1701,"2018-02-15"
21.820722,3403.8448,"2018-02-15"
21.844681,3398.3886,"2018-02-15"
21.937802,3409.7188,"2018-02-15"
22.141522,3391.8228,"2018-02-15"
22.300956,3400.9616,"2018-02-15"
22.355294,3371.6277,"2018-02-15"
22.380022,3398.7784,"2018-02-15"
22.390811,3407.3232,"2018-02-15"
22.424868,3400.5156,"2018-02-15"
22.377133,3432.1296,"2018-02-15"
22.2979,3404.8705,"2018-02-15"
22.1371,3444.1864,"2018-02-15"
21.967,3383.588,"2018-02-15"
21.861389,3391.4079,"2018-02-15"
21.692604,3381.9953,"2018-02-15"
21.608586,3431.3433,"2018-02-15"
21.483912,3410.4154,"2018-02-15"
21.475791,3422.4577,"2018-02-15"
21.521242,3420.2703,"2018-02-15"
21.740533,3398.7065,"2018-02-15"
22.120933,3388.6589,"2018-02-15"
22.333644,3380.2861,"2018-02-15"
22.432756,3387.9195,"2018-02-15"
22.505857,3447.1768,"2018-02-15"
22.536422,3397.9668,"2018-02-15"
22.4707,3425.6903,"2018-02-15"
22.365044,3425.4492,"2018-02-15"
22.214264,3460.7686,"2018-02-15"
22.021681,3406.8989,"2018-02-15"
21.824078,3434.7586,"2018-02-15"
21.603589,3487.6779,"2018-02-15"
21.433156,3411.0018,"2018-02-15"
21.291611,3425.7362,"2018-02-15"
21.344363,3435.7266,"2018-02-15"
21.506967,3494.0705,"2018-02-15"
21.809611,3417.63,"2018-02-15"
22.255374,3450.4704,"2018-02-15"
22.4263,3425.3018,"2018-02-15"
22.520356,3439.988,"2018-02-15"
22.5827,3402.2033,"2018-02-15"
22.596055,3406.9076,"2018-02-15"
22.563089,3421.1782,"2018-02-15"
22.540556,3440.1823,"2018-02-15"
22.538725,3433.9537,"2018-02-15"
22.549356,3404.7686,"2018-02-15"
22.542833,3426.1964,"2018-02-15"
22.532956,3406.6224,"2018-02-15"
22.5196,3453.8392,"2018-02-15"
22.4836,3395.2701,"2018-02-15"
22.489322,3376.0128,"2018-02-15"
22.568099,3499.3297,"2018-02-15"
22.722499,3413.687,"2018-02-15"
22.86869,3386.6999,"2018-02-15"
22.883042,3435.2575,"2018-02-15"
22.845733,3384.1663,"2018-02-15"
22.801111,3415.5245,"2018-02-15"
22.7774,3431.9452,"2018-02-15"
22.706722,3409.1829,"2018-02-15"
22.641567,3388.396,"2018-02-15"
22.565578,3435.2002,"2018-02-15"
22.507167,3418.2324,"2018-02-15"
22.452156,3412.011,"2018-02-15"
22.422813,3415.2556,"2018-02-15"
22.392533,3434.5893,"2018-02-15"
22.366256,3392.7799,"2018-02-15"
22.473367,3429.0795,"2018-02-15"
22.653806,3406.8817,"2018-02-15"
22.758733,3392.5047,"2018-02-15"
22.775505,3394.6042,"2018-02-15"
22.702947,3363.6786,"2018-02-15"
22.685633,3395.134,"2018-02-15"
22.616867,3378.6072,"2018-02-15"
22.594923,3416.5332,"2018-02-15"
22.560179,3410.3893,"2018-02-15"
22.526573,3374.2109,"2018-02-15"
22.494136,3343.2443,"2018-02-15"
22.482401,3377.071,"2018-02-15"
22.443911,3331.6655,"2018-02-15"
22.393383,3363.7524,"2018-02-15"
22.416416,3373.6456,"2018-02-15"
22.41648,3337.6498,"2018-02-15"
22.464403,3352.8706,"2018-02-15"
22.500351,3356.6156,"2018-02-15"
22.57162,3371.5568,"2018-02-15"
22.613583,3422.1878,"2018-02-15"
22.463819,3384.4288,"2018-02-15"
22.723889,3367.5192,"2018-02-15"
22.776128,3399.9462,"2018-02-15"
22.789434,3413.7886,"2018-02-15"
22.746222,3412.5015,"2018-02-15"
22.649901,3397.1343,"2018-02-15"
22.5458,3406.4975,"2018-02-15"
22.446789,3427.2532,"2018-02-15"
22.381667,3439.8884,"2018-02-15"
22.321549,3429.8347,"2018-02-15"
22.259867,3427.0607,"2018-02-15"
22.133308,3449.6678,"2018-02-15"
22.400745,3472.9214,"2018-02-15"
22.486165,3468.6742,"2018-02-15"
22.590189,3416.8074,"2018-02-15"
22.713767,3440.1874,"2018-02-15"
22.801389,3440.8049,"2018-02-15"
22.904444,3453.8102,"2018-02-15"
22.977644,3447.3901,"2018-02-15"
22.992275,3454.1608,"2018-02-15"
22.958111,3441.4614,"2018-02-15"
22.899911,3461.8073,"2018-02-15"
22.810944,3438.6333,"2018-02-15"
22.723626,3440.6145,"2018-02-15"
22.602659,3452.6198,"2018-02-15"
22.525253,3423.4503,"2018-02-15"
22.450033,3464.4247,"2018-02-15"
22.395222,3427.5168,"2018-02-15"
22.516769,3414.973,"2018-02-15"
22.681578,3466.972,"2018-02-15"
22.812744,3407.4515,"2018-02-15"
22.893747,3456.3605,"2018-02-15"
22.968756,3435.6822,"2018-02-15"
23.062556,3418.573,"2018-02-15"
22.924407,3429.6693,"2018-02-15"
22.745344,3427.0229,"2018-02-15"
22.755033,3414.0482,"2018-02-15"
22.783833,3455.7832,"2018-02-15"
22.742833,3487.9325,"2018-02-15"
22.704484,3458.815,"2018-02-15"
22.6789,3497.4534,"2018-02-15"
22.664857,3465.5989,"2018-02-15"
22.737178,3438.425,"2018-02-15"
22.902111,3477.9643,"2018-02-15"
22.882956,3428.0949,"2018-02-15"
22.811044,3410.3186,"2018-02-15"
22.886078,3436.3263,"2018-02-15"
22.897156,3463.7905,"2018-02-15"
22.864544,3451.891,"2018-02-15"
22.760297,3464.6795,"2018-02-15"
22.820802,3478.7286,"2018-02-15"
22.779356,3514.3145,"2018-02-15"
22.733626,3453.6661,"2018-02-15"
22.848944,3451.6988,"2018-02-15"
22.950933,3436.9666,"2018-02-15"
23.072922,3400.4118,"2018-02-15"
23.086,3451.0808,"2018-02-15"
23.013578,3425.4207,"2018-02-15"
22.929835,3435.4078,"2018-02-15"
22.958544,3400.4082,"2018-02-15"
23.046835,3451.1469,"2018-02-15"
22.838165,3418.7321,"2018-02-15"
22.795367,3453.9068,"2018-02-15"
22.831878,3395.5893,"2018-02-15"
22.847253,3427.1276,"2018-02-15"
22.790467,3461.2448,"2018-02-15"
22.734769,3419.0337,"2018-02-15"
22.707033,3424.5506,"2018-02-15"
22.678178,3432.651,"2018-02-15"
22.698769,3424.16,"2018-02-15"
22.792011,3472.6855,"2018-02-15"
22.626778,3403.021,"2018-02-15"
22.5793,3452.6172,"2018-02-15"
22.591911,3446.5617,"2018-02-15"
22.595356,3403.6062,"2018-02-15"
22.602791,3453.8313,"2018-02-15"
22.536756,3433.0173,"2018-02-15"
22.4149,3456.2146,"2018-02-15"
22.448311,3461.3044,"2018-02-15"
22.540244,3477.0739,"2018-02-15"
22.930489,3458.8435,"2018-02-15"
23.148122,3451.5236,"2018-02-15"
23.092633,3441.6573,"2018-02-15"
23.190356,3436.8061,"2018-02-15"
23.246033,3465.9615,"2018-02-15"
23.3085,3424.724,"2018-02-15"
23.35489,3455.2584,"2018-02-15"
23.390622,3461.1557,"2018-02-15"
23.408297,3464.2311,"2018-02-15"
23.436767,3446.5844,"2018-02-15"
23.445209,3451.2367,"2018-02-15"
23.465167,3449.5719,"2018-02-15"
23.458078,3453.5169,"2018-02-15"
23.48867,3438.753,"2018-02-15"
23.549344,3417.4943,"2018-02-15"
23.648472,3506.93,"2018-02-15"
23.699156,3460.4495,"2018-02-15"
23.682593,3451.7695,"2018-02-15"
23.702722,3459.2967,"2018-02-15"
23.727322,3487.0768,"2018-02-15"
23.740633,3447.379,"2018-02-15"
23.747978,3428.3865,"2018-02-15"
23.727242,3456.4543,"2018-02-15"
23.699167,3429.1492,"2018-02-15"
23.697484,3430.6735,"2018-02-15"
23.692322,3475.178,"2018-02-15"
23.679489,3477.5389,"2018-02-15"
23.737344,3427.9741,"2018-02-15"
23.793769,3410.3497,"2018-02-15"
23.826733,3494.1956,"2018-02-15"
23.862901,3481.5093,"2018-02-15"
23.867256,3443.5561,"2018-02-15"
23.838,3492.9844,"2018-02-15"
23.834989,3489.4217,"2018-02-15"
23.827822,3465.4523,"2018-02-15"
23.825,3502.6221,"2018-02-15"
23.831473,3472.4783,"2018-02-15"
23.831144,3473.6093,"2018-02-15"
23.802211,3478.1176,"2018-02-15"
23.776744,3456.6589,"2018-02-15"
23.772989,3483.7865,"2018-02-15"
23.73017,3440.972,"2018-02-15"
23.7693,3478.9644,"2018-02-15"
23.800833,3461.2453,"2018-02-15"
23.793067,3460.7259,"2018-02-15"
23.83133,3481.7211,"2018-02-15"
23.870589,3468.5761,"2018-02-15"
23.8941,3479.243,"2018-02-15"
23.884033,3515.8489,"2018-02-15"
23.845933,3510.161,"2018-02-15"
23.809011,3504.344,"2018-02-15"
23.778444,3495.7138,"2018-02-15"
23.753121,3472.2057,"2018-02-15"
23.730231,3463.8224,"2018-02-15"
23.721667,3528.4894,"2018-02-15"
23.713211,3491.8356,"2018-02-15"
23.697363,3508.9874,"2018-02-15"
23.685422,3472.0583,"2018-02-15"
23.695933,3471.7635,"2018-02-15"
23.734374,3505.3974,"2018-02-15"
23.773544,3491.3367,"2018-02-15"
23.789467,3464.8446,"2018-02-15"
23.831122,3464.4174,"2018-02-15"
23.877044,3500.8163,"2018-02-15"
23.897633,3525.5885,"2018-02-15"
23.886478,3524.7091,"2018-02-15"
23.874333,3510.441,"2018-02-15"
23.857,3459.7886,"2018-02-15"
23.829922,3528.6656,"2018-02-15"
23.804593,3467.9493,"2018-02-15"
23.792489,3448.2394,"2018-02-15"
23.785835,3432.9285,"2018-02-15"
23.769144,3416.3068,"2018-02-15"
23.751044,3440.7793,"2018-02-15"
23.765544,3427.7814,"2018-02-15"
23.774411,3434.9398,"2018-02-15"
23.822678,3399.5386,"2018-02-15"
23.876902,3471.9308,"2018-02-15"
23.917989,3458.6394,"2018-02-15"
23.955944,3454.7621,"2018-02-15"
23.950728,3441.0196,"2018-02-15"
23.904744,3421.7999,"2018-02-15"
23.893144,3441.4416,"2018-02-15"
23.872367,3434.5503,"2018-02-15"
23.8462,3435.2662,"2018-02-15"
23.818132,3431.8641,"2018-02-15"
23.789733,3434.8785,"2018-02-15"
23.771711,3394.975,"2018-02-15"
23.760833,3416.8747,"2018-02-15"
23.775527,3406.6877,"2018-02-15"
23.831022,3384.5983,"2018-02-15"
23.836556,3388.0302,"2018-02-15"
23.873714,3378.5849,"2018-02-15"
23.934889,3408.9964,"2018-02-15"
23.975478,3415.6327,"2018-02-15"
23.991211,3421.7405,"2018-02-15"
23.980747,3472.5438,"2018-02-15"
23.958956,3427.0068,"2018-02-15"
23.920922,3426.5698,"2018-02-15"
23.868867,3453.6193,"2018-02-15"
23.818857,3463.6993,"2018-02-15"
23.784978,3446.5768,"2018-02-15"
23.7731,3446.9193,"2018-02-15"
23.737,3461.2486,"2018-02-15"
23.523,3004.1069,"2018-10-19"
23.674873,2999.5458,"2018-10-19"
24.017344,2994.3805,"2018-10-19"
24.363121,2972.1497,"2018-10-19"
24.486154,2986.1665,"2018-10-19"
24.351089,3005.001,"2018-10-19"
24.273911,3044.9717,"2018-10-19"
24.207622,3024.4484,"2018-10-19"
24.165533,3006.4308,"2018-10-19"
24.188267,3015.9642,"2018-10-19"
24.149571,3141.0358,"2018-10-19"
23.943156,3079.1085,"2018-10-19"
23.510711,3101.9807,"2018-10-19"
23.200422,3089.3374,"2018-10-19"
22.778659,3103.9357,"2018-10-19"
22.605036,3109.0487,"2018-10-19"
22.614747,3161.1181,"2018-10-19"
22.627789,3080.2464,"2018-10-19"
23.284444,3104.5232,"2018-10-19"
24.097556,3128.0237,"2018-10-19"
24.303867,3108.238,"2018-10-19"
24.340467,3107.2491,"2018-10-19"
24.335478,3098.175,"2018-10-19"
24.385644,3119.4209,"2018-10-19"
24.354067,3121.1233,"2018-10-19"
24.337167,3126.4645,"2018-10-19"
24.340511,3154.9546,"2018-10-19"
24.284743,3224.5425,"2018-10-19"
23.665374,3165.99,"2018-10-19"
23.252178,3144.5805,"2018-10-19"
23.396378,3116.4529,"2018-10-19"
23.503041,3176.4624,"2018-10-19"
23.904978,3128.8428,"2018-10-19"
24.342911,3132.6149,"2018-10-19"
24.418533,3099.9837,"2018-10-19"
25.139929,3106.4447,"2018-10-19"
25.0322,3143.1201,"2018-10-19"
24.819311,3178.268,"2018-10-19"
24.692527,3151.3958,"2018-10-19"
24.454378,3132.6787,"2018-10-19"
24.464256,3182.3117,"2018-10-19"
24.435644,3095.4189,"2018-10-19"
24.5263,3158.3572,"2018-10-19"
24.4215,3199.972,"2018-10-19"
23.587178,3156.1166,"2018-10-19"
23.748659,3135.6349,"2018-10-19"
23.954915,3167.9297,"2018-10-19"
24.289711,3117.4326,"2018-10-19"
25.056279,3041.1737,"2018-10-19"
25.633033,3031.4144,"2018-10-19"
25.754414,3045.1387,"2018-10-19"
25.791111,3013.8811,"2018-10-19"
25.831922,3014.7248,"2018-10-19"
25.841589,3022.6457,"2018-10-19"
25.822495,3013.3891,"2018-10-19"
25.755341,3056.22,"2018-10-19"
25.423727,3086.7867,"2018-10-19"
24.50533,3088.7569,"2018-10-19"
24.554833,3075.1091,"2018-10-19"
24.539714,3035.7872,"2018-10-19"
24.478753,3047.4575,"2018-10-19"
24.399925,2961.7205,"2018-10-19"
25.551944,2989.853,"2018-10-19"
25.952462,3011.0511,"2018-10-19"
26.005433,2988.7692,"2018-10-19"
25.790133,3008.3966,"2018-10-19"
25.741319,3016.4329,"2018-10-19"
25.592604,3062.5626,"2018-10-19"
25.3785,3000.2822,"2018-10-19"
25.061,3024.6528,"2018-10-19"
25.067649,3050.1514,"2018-10-19"
24.990835,3033.9741,"2018-10-19"
24.645544,3025.7646,"2018-10-19"
24.376933,3024.9837,"2018-10-19"
24.634544,3061.8693,"2018-10-19"
24.930505,3061.9883,"2018-10-19"
25.270469,3051.4348,"2018-10-19"
25.318144,3071.1527,"2018-10-19"
24.746344,3012.1277,"2018-10-19"
23.413026,3107.0285,"2018-10-19"
23.2078,3091.5505,"2018-10-19"
23.226133,3095.0345,"2018-10-19"
23.25725,3084.9487,"2018-10-19"
23.275626,3061.6281,"2018-10-19"
23.337478,3068.1774,"2018-10-19"
23.471478,3100.7234,"2018-10-19"
23.512429,3077.3035,"2018-10-19"
23.409278,3127.2219,"2018-10-19"
23.384889,3057.69,"2018-10-19"
23.393824,3052.0135,"2018-10-19"
23.402722,3111.3161,"2018-10-19"
22.811593,3062.23,"2018-10-19"
22.8287,3054.7024,"2018-10-19"
22.703295,3243.9511,"2018-10-19"
22.374903,3234.5169,"2018-10-19"
22.300067,3272.9044,"2018-10-19"
22.121945,3241.6138,"2018-10-19"
22.092878,3290.4767,"2018-10-19"
22.093033,3291.9817,"2018-10-19"
22.046589,3262.507,"2018-10-19"
22.037733,3259.6097,"2018-10-19"
22.271822,3288.9962,"2018-10-19"
22.177478,3297.0989,"2018-10-19"
21.838385,3273.6325,"2018-10-19"
21.658222,3228.4646,"2018-10-19"
21.363433,3230.1864,"2018-10-19"
21.031978,3257.0535,"2018-10-19"
21.186756,3265.1193,"2018-10-19"
21.533833,3240.6279,"2018-10-19"
21.507538,3265.1315,"2018-10-19"
21.233208,3232.381,"2018-10-19"
21.037844,3229.1997,"2018-10-19"
21.174549,3273.6633,"2018-10-19"
21.201044,3282.5883,"2018-10-19"
21.311813,3282.0612,"2018-10-19"
21.428944,3302.2491,"2018-10-19"
20.753767,3362.226,"2018-10-19"
19.972626,3306.6343,"2018-10-19"
19.841644,3306.9118,"2018-10-19"
19.875833,3306.3072,"2018-10-19"
20.109689,3297.626,"2018-10-19"
20.269747,3284.0183,"2018-10-19"
20.894978,3264.8429,"2018-10-19"
20.854478,3285.9429,"2018-10-19"
20.836668,3283.5264,"2018-10-19"
20.785789,3248.6022,"2018-10-19"
20.735833,3273.4179,"2018-10-19"
20.776511,3273.5455,"2018-10-19"
20.795648,3304.8072,"2018-10-19"
20.848689,3305.7193,"2018-10-19"
20.849231,3261.5951,"2018-10-19"
20.795233,3292.4579,"2018-10-19"
20.494022,3276.6176,"2018-10-19"
20.464645,3265.4942,"2018-10-19"
20.770222,3263.3385,"2018-10-19"
21.219222,3252.3896,"2018-10-19"
21.426132,3281.4637,"2018-10-19"
21.6109,3264.4,"2018-10-19"
21.628126,3265.9267,"2018-10-19"
21.39578,3276.3443,"2018-10-19"
21.174731,3277.2151,"2018-10-19"
21.162165,3227.8275,"2018-10-19"
21.261433,3243.3969,"2018-10-19"
21.382656,3241.6597,"2018-10-19"
21.415511,3238.8976,"2018-10-19"
21.467429,3228.2954,"2018-10-19"
21.757111,3253.8866,"2018-10-19"
21.6555,3207.2222,"2018-10-19"
21.264374,3199.5836,"2018-10-19"
21.399511,3201.8588,"2018-10-19"
21.626456,3213.0295,"2018-10-19"
21.703549,3197.0243,"2018-10-19"
21.940067,3251.9416,"2018-10-19"
22.069901,3203.2126,"2018-10-19"
22.213878,3225.3748,"2018-10-19"
22.310922,3227.1067,"2018-10-19"
22.307802,3177.918,"2018-10-19"
22.359011,3204.6735,"2018-10-19"
22.324582,3169.1568,"2018-10-19"
22.0947,3196.1092,"2018-10-19"
22.090111,3215.9848,"2018-10-19"
22.025951,3183.4379,"2018-10-19"
21.895456,3208.4934,"2018-10-19"
21.980725,3166.4939,"2018-10-19"
22.009767,3205.2622,"2018-10-19"
22.055822,3176.9677,"2018-10-19"
22.081374,3197.4875,"2018-10-19"
22.158078,3188.1224,"2018-10-19"
22.509769,3200.9787,"2018-10-19"
22.419267,3192.0277,"2018-10-19"
22.349944,3190.069,"2018-10-19"
22.294711,3200.7799,"2018-10-19"
22.303275,3153.7163,"2018-10-19"
22.417711,3183.8445,"2018-10-19"
22.353835,3222.9464,"2018-10-19"
22.431433,3199.5847,"2018-10-19"
22.891748,3179.44,"2018-10-19"
23.082156,3135.0603,"2018-10-19"
23.088522,3209.8243,"2018-10-19"
23.281,3199.4898,"2018-10-19"
23.571752,3182.6851,"2018-10-19"
23.755747,3127.2367,"2018-10-19"
23.499922,3199.0879,"2018-10-19"
23.4695,3207.7289,"2018-10-19"
23.811956,3213.9402,"2018-10-19"
23.901121,3158.906,"2018-10-19"
23.971211,3204.848,"2018-10-19"
23.993822,3178.429,"2018-10-19"
23.603956,3214.7264,"2018-10-19"
23.600033,3173.3147,"2018-10-19"
23.910967,3157.5083,"2018-10-19"
23.919319,3188.7762,"2018-10-19"
24.060789,3187.1233,"2018-10-19"
24.144901,3202.777,"2018-10-19"
23.8311,3230.9493,"2018-10-19"
23.563879,3218.0417,"2018-10-19"
24.072084,3194.9711,"2018-10-19"
24.069,3191.1542,"2018-10-19"
24.119396,3171.2976,"2018-10-19"
24.121911,3174.8186,"2018-10-19"
23.666522,3198.6834,"2018-10-19"
23.538945,3162.7505,"2018-10-19"
23.755433,3173.8252,"2018-10-19"
23.2897,3192.0545,"2018-10-19"
23.0671,3193.4679,"2018-10-19"
22.438482,3243.5956,"2018-10-19"
22.378129,3211.7923,"2018-10-19"
22.340956,3206.166,"2018-10-19"
22.641756,3187.2728,"2018-10-19"
23.288565,3185.5636,"2018-10-19"
23.316911,3147.706,"2018-10-19"
22.930578,3155.8318,"2018-10-19"
22.9806,3183.7956,"2018-10-19"
23.156321,3169.5816,"2018-10-19"
23.1219,3222.1634,"2018-10-19"
23.1133,3170.0677,"2018-10-19"
23.208385,3227.1012,"2018-10-19"
23.232067,3198.6508,"2018-10-19"
22.890033,3193.5175,"2018-10-19"
22.838356,3208.8624,"2018-10-19"
23.281396,3213.7577,"2018-10-19"
23.201335,3249.9476,"2018-10-19"
23.060311,3161.608,"2018-10-19"
23.501644,3166.0175,"2018-10-19"
23.855889,3175.5176,"2018-10-19"
23.886231,3179.7844,"2018-10-19"
23.768467,3145.3173,"2018-10-19"
23.584489,3161.719,"2018-10-19"
23.058651,3160.106,"2018-10-19"
22.992692,3192.4641,"2018-10-19"
23.121132,3157.65,"2018-10-19"
23.1007,3193.6062,"2018-10-19"
22.932656,3213.0428,"2018-10-19"
22.524439,3235.8345,"2018-10-19"
22.455263,3191.1638,"2018-10-19"
22.373514,3206.4298,"2018-10-19"
22.156556,3222.8807,"2018-10-19"
22.352403,3186.9729,"2018-10-19"
22.872453,3146.9491,"2018-10-19"
23.319556,3156.4562,"2018-10-19"
23.328856,3107.8756,"2018-10-19"
23.057218,3154.0252,"2018-10-19"
22.921516,3188.5488,"2018-10-19"
23.0395,3171.0327,"2018-10-19"
23.293286,3102.3264,"2018-10-19"
23.930133,3158.7295,"2018-10-19"
24.127789,3159.9488,"2018-10-19"
24.138758,3149.4668,"2018-10-19"
24.138246,3173.4971,"2018-10-19"
24.342022,3134.5904,"2018-10-19"
24.4879,3171.088,"2018-10-19"
24.505267,3162.1531,"2018-10-19"
24.460626,3170.4436,"2018-10-19"
24.35156,3159.6053,"2018-10-19"
24.341122,3138.6615,"2018-10-19"
24.262154,3143.0494,"2018-10-19"
24.104922,3194.519,"2018-10-19"
24.138356,3141.2501,"2018-10-19"
24.215231,3145.7269,"2018-10-19"
24.337556,3165.8133,"2018-10-19"
24.498233,3170.5061,"2018-10-19"
24.537928,3148.3631,"2018-10-19"
24.454122,3129.6063,"2018-10-19"
24.314022,3163.7853,"2018-10-19"
24.350538,3130.347,"2018-10-19"
24.502467,3079.3639,"2018-10-19"
24.605578,3163.5652,"2018-10-19"
24.631711,3161.6137,"2018-10-19"
24.614056,3112.4786,"2018-10-19"
24.589067,3127.4434,"2018-10-19"
24.487289,3116.688,"2018-10-19"
24.377791,3151.2479,"2018-10-19"
24.533711,3141.0511,"2018-10-19"
24.562626,3095.7532,"2018-10-19"
24.556178,3116.1066,"2018-10-19"
24.541133,3118.5234,"2018-10-19"
24.318058,3104.6425,"2018-10-19"
24.2325,3118.2791,"2018-10-19"
24.031189,3104.3504,"2018-10-19"
24.222056,3050.5669,"2018-10-19"
24.63,3101.0729,"2018-10-19"
25.226722,3087.2753,"2018-10-19"
25.503978,3068.3191,"2018-10-19"
25.495956,3079.6873,"2018-10-19"
25.169747,3075.925,"2018-10-19"
25.199121,3066.5404,"2018-10-19"
25.16856,3097.749,"2018-10-19"
25.008233,3104.5929,"2018-10-19"
24.877944,3125.1454,"2018-10-19"
24.697011,3141.3651,"2018-10-19"
24.705033,3149.3899,"2018-10-19"
24.323813,3152.4083,"2018-10-19"
23.938576,3150.5229,"2018-10-19"
23.697986,3142.9514,"2018-10-19"
23.727056,3119.8122,"2018-10-19"
23.383478,3136.6992,"2018-10-19"
23.267278,3128.4885,"2018-10-19"
23.907363,3113.758,"2018-10-19"
24.442333,3098.706,"2018-10-19"
24.534822,3126.7843,"2018-10-19"
24.4642,3128.8201,"2018-10-19"
24.309644,3148.301,"2018-10-19"
24.541689,3101.9276,"2018-10-19"
24.607187,3075.4419,"2018-10-19"
24.593878,3089.174,"2018-10-19"
24.629656,3075.7251,"2018-10-19"
24.719033,3084.5611,"2018-10-19"
24.741889,3130.8913,"2018-10-19"
24.514867,3134.3588,"2018-10-19"
24.433422,3096.1905,"2018-10-19"
24.70267,3094.3995,"2018-10-19"
24.997221,3103.1229,"2018-10-19"
24.744967,3095.8168,"2018-10-19"
24.491422,3122.4659,"2018-10-19"
24.371467,3078.4498,"2018-10-19"
24.558835,3099.5198,"2018-10-19"
24.684633,3059.2811,"2018-10-19"
24.716622,3070.4429,"2018-10-19"
24.747055,3082.0889,"2018-10-19"
24.715378,3088.0172,"2018-10-19"
24.576275,3066.084,"2018-10-19"
24.710578,3074.3075,"2018-10-19"
24.985367,3070.1993,"2018-10-19"
25.041649,3118.2559,"2018-10-19"
25.017836,3048.1942,"2018-10-19"
24.748769,3098.1263,"2018-10-19"
24.501222,3088.8138,"2018-10-19"
24.355011,3102.6736,"2018-10-19"
24.433044,3087.8628,"2018-10-19"
24.535211,3144.1005,"2018-10-19"
24.613533,3122.0933,"2018-10-19"
24.660567,3156.2126,"2018-10-19"
24.517578,3133.5533,"2018-10-19"
24.451763,3139.1917,"2018-10-19"
24.661894,3180.0274,"2018-10-19"
24.737813,3143.1609,"2018-10-19"
24.763122,3135.083,"2018-10-19"
24.872556,3114.9538,"2018-10-19"
24.795222,3145.971,"2018-10-19"
24.361156,3149.9285,"2018-10-19"
24.773144,3163.3265,"2018-10-19"
24.965222,3151.2742,"2018-10-19"
24.015479,3189.9269,"2018-10-19"
23.867758,3153.0888,"2018-10-19"
24.069222,3147.7107,"2018-10-19"
24.206867,3142.5809,"2018-10-19"
24.46044,3157.4374,"2018-10-19"
24.574933,3184.495,"2018-10-19"
24.619244,3112.4066,"2018-10-19"
24.644681,3168.5193,"2018-10-19"
24.420744,3138.8201,"2018-10-19"
24.525898,3132.5385,"2018-10-19"
24.641444,3157.5373,"2018-10-19"
24.711533,3165.5552,"2018-10-19"
24.091033,3198.6325,"2018-10-19"
23.5662,3186.5036,"2018-10-19"
24.042989,3195.4023,"2018-10-19"
23.9998,3218.371,"2018-10-19"
24.168231,3205.8762,"2018-10-19"
24.260567,3176.6226,"2018-10-19"
24.283968,3197.3613,"2018-10-19"
24.2512,3212.75,"2018-10-19"
24.199418,3212.3465,"2018-10-19"
24.019222,3218.2019,"2018-10-19"
23.7957,3220.402,"2018-10-19"
23.986533,3224.8941,"2018-10-19"
24.042209,3247.3424,"2018-10-19"
24.062956,3234.0775,"2018-10-19"
24.042622,3269.3081,"2018-10-19"
24.127278,3304.6143,"2018-10-19"
24.177633,3264.2351,"2018-10-19"
24.152322,3268.2263,"2018-10-19"
24.15656,3273.7573,"2018-10-19"
23.888078,3270.4674,"2018-10-19"
23.799878,3316.0574,"2018-10-19"
24.061557,3304.4498,"2018-10-19"
23.940156,3279.1248,"2018-10-19"
23.93211,3361.58,"2018-10-19"
23.942722,3316.0562,"2018-10-19"
23.913256,3301.8776,"2018-10-19"
23.897733,3333.6932,"2018-10-19"
23.88433,3314.2925,"2018-10-19"
23.926256,3345.2898,"2018-10-19"
24.057835,3392.9963,"2018-10-19"
23.9501,3317.6372,"2018-10-19"
23.644478,3361.9313,"2018-10-19"
23.851121,3403.8987,"2018-10-19"
23.899747,3403.0965,"2018-10-19"
23.875178,3331.8747,"2018-10-19"
23.985884,3335.8504,"2018-10-19"
23.874522,3348.2001,"2018-10-19"
23.723659,3316.6992,"2018-10-19"
23.605756,3304.7484,"2018-10-19"
23.510484,3337.7773,"2018-10-19"
23.505667,3321.182,"2018-10-19"
23.49644,3362.0831,"2018-10-19"
23.462486,3378.9749,"2018-10-19"
23.428878,3323.8669,"2018-10-19"
23.488165,3325.3882,"2018-10-19"
23.589127,3351.1714,"2018-10-19"
22.435959,3360.6795,"2018-10-19"
22.455907,3303.3797,"2018-10-19"
22.380744,3348.5637,"2018-10-19"
22.351656,3353.518,"2018-10-19"
22.253011,3333.9592,"2018-10-19"
22.239022,3360.5923,"2018-10-19"
22.140678,3341.3426,"2018-10-19"
22.076556,3345.6321,"2018-10-19"
22.176143,3313.3624,"2018-10-19"
22.219867,3376.2975,"2018-10-19"
22.23322,3379.351,"2018-10-19"
22.234304,3358.2349,"2018-10-19"
22.28633,3343.4159,"2018-10-19"
22.2509,3294.2582,"2018-10-19"
22.172829,3328.7481,"2018-10-19"
22.125589,3335.7077,"2018-10-19"
22.091311,3414.8456,"2018-10-19"
22.035444,3353.5404,"2018-10-19"
22.038344,3318.0453,"2018-10-19"
21.989522,3319.2264,"2018-10-19"
21.999418,3337.9928,"2018-10-19"
21.952356,3328.4586,"2018-10-19"
21.865978,3364.5655,"2018-10-19"
21.805256,3311.6565,"2018-10-19"
22.563567,3307.7888,"2018-10-19"
22.431511,3338.8729,"2018-10-19"
22.3016,3260.0799,"2018-10-19"
22.221807,3289.4316,"2018-10-19"
22.142378,3354.998,"2018-10-19"
22.148533,3289.9141,"2018-10-19"
22.0482,3289.0645,"2018-10-19"
22.021156,3277.8774,"2018-10-19"
22.031703,3284.7916,"2018-10-19"
22.109686,3297.1399,"2018-10-19"
22.220156,3311.6331,"2018-10-19"
22.252176,3287.2333,"2018-10-19"
22.260364,3307.9928,"2018-10-19"
22.160667,3340.7601,"2018-10-19"
22.116703,3316.0658,"2018-10-19"
22.085067,3260.9254,"2018-10-19"
22.078256,3297.8571,"2018-10-19"
22.073055,3306.6017,"2018-10-19"
22.048659,3311.9327,"2018-10-19"
22.055833,3269.6642,"2018-10-19"
22.061256,3246.4629,"2018-10-19"
22.074722,3247.8978,"2018-10-19"
22.290762,3187.3343,"2018-10-19"
22.35905,3206.336,"2018-10-19"
22.439322,3201.8549,"2018-10-19"
22.533256,3191.5374,"2018-10-19"
22.518011,3176.985,"2018-10-19"
22.445011,3200.2211,"2018-10-19"
22.45356,3192.2264,"2018-10-19"
22.434256,3241.9167,"2018-10-19"
22.441322,3206.6182,"2018-10-19"
22.454,3201.6365,"2018-10-19"
22.424846,3191.3472,"2018-10-19"
22.426,3187.0067,"2018-10-19"
22.421222,3210.9028,"2018-10-19"
22.420656,3190.0151,"2018-10-19"
22.436133,3205.6609,"2018-10-19"
22.573843,3218.8094,"2018-10-19"
22.566311,3219.0999,"2018-10-19"
22.502209,3185.1244,"2018-10-19"
22.5219,3212.6415,"2018-10-19"
22.526648,3179.2322,"2018-10-19"
22.5662,3220.6432,"2018-10-19"
22.506222,3206.7128,"2018-10-19"
22.507967,3222.1534,"2018-10-19"
22.490868,3201.012,"2018-10-19"
22.478044,3213.4669,"2018-10-19"
22.474912,3186.7427,"2018-10-19"
22.482678,3197.8054,"2018-10-19"
22.457233,3159.1213,"2018-10-19"
22.466522,3189.4635,"2018-10-19"
22.476934,3197.0446,"2018-10-19"
22.490378,3200.9586,"2018-10-19"
22.639967,3187.5645,"2018-10-19"
22.668289,3218.3305,"2018-10-19"
22.595222,3246.9014,"2018-10-19"
22.531253,3264.4181,"2018-10-19"
22.445823,3348.9422,"2018-10-19"
22.456611,3269.4592,"2018-10-19"
22.461811,3248.2757,"2018-10-19"
22.485758,3300.7436,"2018-10-19"
22.476078,3276.4859,"2018-10-19"
22.469778,3279.3007,"2018-10-19"
22.476681,3292.271,"2018-10-19"
22.473967,3238.3689,"2018-10-19"
22.481143,3214.6759,"2018-10-19"
22.5955,3277.1729,"2018-10-19"
22.692132,3254.7439,"2018-10-19"
22.6828,3226.035,"2018-10-19"
22.492933,3303.224,"2018-10-19"
22.428901,3279.9323,"2018-10-19"
22.429056,3265.8639,"2018-10-19"
22.448418,3280.901,"2018-10-19"
22.413867,3272.7627,"2018-10-19"
22.533056,3288.0055,"2018-10-19"
22.431604,3280.8097,"2018-10-19"
22.403922,3277.384,"2018-10-19"
22.403467,3312.4671,"2018-10-19"
22.401857,3316.4053,"2018-10-19"
22.398211,3316.5939,"2018-10-19"
22.382814,3290.4291,"2018-10-19"
22.366299,3287.8411,"2018-10-19"
22.3105,3273.3777,"2018-10-19"
22.281689,3276.7241,"2018-10-19"
22.290389,3281.9097,"2018-10-19"
22.370778,3271.9811,"2018-10-19"
22.340824,3297.9516,"2018-10-19"
22.402647,3287.2781,"2018-10-19"
22.410499,3329.4325,"2018-10-19"
22.391789,3308.6199,"2018-10-19"
22.397044,3276.4653,"2018-10-19"
22.414689,3268.4061,"2018-10-19"
22.419495,3303.0726,"2018-10-19"
22.406422,3325.9337,"2018-10-19"
22.414275,3286.0778,"2018-10-19"
22.515556,3293.0699,"2018-10-19"
22.622644,3330.1494,"2018-10-19"
22.579328,3298.2091,"2018-10-19"
22.482143,3303.4006,"2018-10-19"
22.432244,3273.144,"2018-10-19"
22.476923,3272.3966,"2018-10-19"
22.506133,3318.2768,"2018-10-19"
22.446098,3275.8573,"2018-10-19"
22.449778,3305.8661,"2018-10-19"
22.427667,3283.796,"2018-10-19"
22.4054,3302.7425,"2018-10-19"
22.403644,3278.4763,"2018-10-19"
22.40813,3306.6911,"2018-10-19"
22.40767,3296.4141,"2018-10-19"
22.421843,3311.8792,"2018-10-19"
22.417067,3329.3772,"2018-10-19"
22.578396,3282.6091,"2018-10-19"
22.593319,3277.1972,"2018-10-19"
22.592099,3256.054,"2018-10-19"
22.521352,3264.1836,"2018-10-19"
22.448633,3271.9483,"2018-10-19"
22.407956,3289.7498,"2018-10-19"
22.402978,3241.5479,"2018-10-19"
22.415422,3218.4586,"2018-10-19"
22.485878,3263.1972,"2018-10-19"
22.4654,3293.6918,"2018-10-19"
22.457231,3278.6902,"2018-10-19"
22.464253,3237.2809,"2018-10-19"
22.461922,3261.7652,"2018-10-19"
22.468144,3250.7089,"2018-10-19"
22.475295,3278.1621,"2018-10-19"
22.469567,3287.5814,"2018-10-19"
22.589615,3255.2697,"2018-10-19"
22.585844,3242.2492,"2018-10-19"
22.5667,3273.542,"2018-10-19"
22.569433,3236.5229,"2018-10-19"
22.546692,3278.2328,"2018-10-19"
22.570967,3265.4897,"2018-10-19"
22.573763,3281.3776,"2018-10-19"
22.567733,3257.8601,"2018-10-19"
22.559111,3260.0521,"2018-10-19"
22.546154,3284.4492,"2018-10-19"
22.534933,3307.3671,"2018-10-19"
22.536611,3345.0972,"2018-10-19"
22.525211,3281.2219,"2018-10-19"
22.5611,3271.7139,"2018-10-19"
22.596088,3299.0239,"2018-10-19"
22.574811,3305.1724,"2018-10-19"
22.513122,3297.8401,"2018-10-19"
22.488778,3267.9423,"2018-10-19"
22.4531,3271.0634,"2018-10-19"
22.442451,3266.6076,"2018-10-19"
22.427433,3283.1227,"2018-10-19"
22.441728,3240.4153,"2018-10-19"
22.442156,3227.567,"2018-10-19"
22.4269,3218.1909,"2018-10-19"
22.416622,3234.888,"2018-10-19"
22.412989,3209.1463,"2018-10-19"
22.413099,3263.128,"2018-10-19"
22.435593,3154.54,"2018-10-19"
22.417278,3105.771,"2018-10-19"
22.344156,3125.1715,"2018-10-19"
22.352197,3166.3759,"2018-10-19"
22.599384,3158.0944,"2018-10-19"
22.756667,3184.2063,"2018-10-19"
22.823,3168.5113,"2018-10-19"
22.789044,3171.871,"2018-10-19"
22.738767,3218.4005,"2018-10-19"
22.687231,3218.3446,"2018-10-19"
22.64723,3191.896,"2018-10-19"
22.615467,3220.6272,"2018-10-19"
22.568222,3129.2374,"2018-10-19"
22.611622,3135.4727,"2018-10-19"
22.830189,3114.0525,"2018-10-19"
22.974978,3148.3198,"2018-10-19"
22.857484,3154.2161,"2018-10-19"
22.667356,3139.354,"2018-10-19"
22.518698,3104.4012,"2018-10-19"
22.587603,3150.0334,"2018-10-19"
22.574242,3164.4751,"2018-10-19"
22.583011,3169.323,"2018-10-19"
22.751522,3143.3295,"2018-10-19"
22.852078,3144.376,"2018-10-19"
22.958567,3143.644,"2018-10-19"
23.221389,3145.0388,"2018-10-19"
23.409478,3131.6438,"2018-10-19"
23.285319,3129.8499,"2018-10-19"
23.129443,3084.9867,"2018-10-19"
23.073978,3099.9505,"2018-10-19"
23.0177,3124.714,"2018-10-19"
22.700867,3084.7814,"2018-10-19"
21.939098,3098.1594,"2018-10-19"
21.820933,3062.5228,"2018-10-19"
21.821495,3068.3354,"2018-10-19"
21.839222,3108.4175,"2018-10-19"
21.799389,3075.8826,"2018-10-19"
21.651789,3120.8655,"2018-10-19"
21.586194,3029.8315,"2018-10-19"
21.655736,3022.7892,"2018-10-19"
21.706889,3109.703,"2018-10-19"
21.705473,3076.7043,"2018-10-19"
21.678622,3082.1861,"2018-10-19"
21.696344,3066.1737,"2018-10-19"
21.711769,3070.1118,"2018-10-19"
21.695256,3068.6592,"2018-10-19"
21.669374,3096.1384,"2018-10-19"
21.7286,3092.0458,"2018-10-19"
21.774111,3101.6641,"2018-10-19"
21.787782,3073.7531,"2018-10-19"
21.739044,3109.0101,"2018-10-19"
21.685319,3083.2494,"2018-10-19"
21.645333,3119.6106,"2018-10-19"
21.610033,3167.507,"2018-10-19"
21.615989,3146.27,"2018-10-19"
21.729311,3147.1197,"2018-10-19"
21.685611,3149.6204,"2018-10-19"
21.613111,3168.08,"2018-10-19"
21.640255,3178.0171,"2018-10-19"
21.607429,3207.724,"2018-10-19"
21.56073,3161.9282,"2018-10-19"
21.510233,3189.1068,"2018-10-19"
21.483022,3169.4121,"2018-10-19"
21.485133,3168.797,"2018-10-19"
21.456867,3167.6931,"2018-10-19"
21.515022,3175.8491,"2018-10-19"
21.6254,3158.318,"2018-10-19"
21.662637,3166.174,"2018-10-19"
21.752144,3177.5508,"2018-10-19"
21.801144,3163.1627,"2018-10-19"
21.517198,3169.6095,"2018-10-19"
21.515681,3191.3896,"2018-10-19"
21.486802,3218.2003,"2018-10-19"
21.456522,3228.9819,"2018-10-19"
21.227989,3206.642,"2018-10-19"
21.058333,3200.5221,"2018-10-19"
21.001747,3172.169,"2018-10-19"
21.0988,3173.2236,"2018-10-19"
21.380912,3192.6057,"2018-10-19"
21.474378,3206.7077,"2018-10-19"
21.583111,3189.1689,"2018-10-19"
21.603446,3188.7709,"2018-10-19"
21.558835,3158.8681,"2018-10-19"
21.557522,3174.5841,"2018-10-19"
21.568242,3179.967,"2018-10-19"
21.622844,3163.9068,"2018-10-19"
21.562302,3153.7376,"2018-10-19"
21.37822,3165.821,"2018-10-19"
21.195167,3140.6074,"2018-10-19"
21.128211,3170.5848,"2018-10-19"
21.122544,3186.6831,"2018-10-19"
20.978011,3195.7125,"2018-10-19"
20.82333,3201.3266,"2018-10-19"
21.054048,3194.0379,"2018-10-19"
21.199022,3152.3161,"2018-10-19"
21.183989,3156.8887,"2018-10-19"
21.218022,3156.5389,"2018-10-19"
21.194714,3158.2429,"2018-10-19"
21.137978,3162.4564,"2018-10-19"
21.082233,3165.3934,"2018-10-19"
21.103479,3157.2601,"2018-10-19"
20.989422,3167.6757,"2018-10-19"
20.923233,3233.7317,"2018-10-19"
20.900385,3179.0662,"2018-10-19"
20.997544,3162.7304,"2018-10-19"
20.853033,3173.3696,"2018-10-19"
20.413592,3245.1848,"2018-10-19"
20.285667,3236.6745,"2018-10-19"
20.267791,3280.4865,"2018-10-19"
20.1868,3269.5227,"2018-10-19"
20.103633,3189.295,"2018-10-19"
20.111253,3273.7714,"2018-10-19"
20.1944,3251.7105,"2018-10-19"
20.274011,3257.9835,"2018-10-19"
20.174473,3284.1743,"2018-10-19"
20.131554,3293.4646,"2018-10-19"
20.071678,3304.2087,"2018-10-19"
20.099156,3239.4504,"2018-10-19"
20.080945,3289.4844,"2018-10-19"
20.086433,3250.3488,"2018-10-19"
20.173611,3248.0058,"2018-10-19"
20.1836,3284.2429,"2018-10-19"
20.191505,3282.6871,"2018-10-19"
20.2483,3297.4566,"2018-10-19"
20.226289,3309.1594,"2018-10-19"
20.251264,3282.4513,"2018-10-19"
20.245389,3278.5279,"2018-10-19"
20.199604,3284.8098,"2018-10-19"
20.22967,3305.8805,"2018-10-19"
20.275511,3279.596,"2018-10-19"
20.223622,3271.8078,"2018-10-19"
20.019078,3301.9062,"2018-10-19"
20.032533,3288.0881,"2018-10-19"
20.000667,3363.9523,"2018-10-19"
20.070164,3291.3932,"2018-10-19"
20.096254,3339.5986,"2018-10-19"
20.058077,3301.5786,"2018-10-19"
20.007833,3309.9363,"2018-10-19"
19.990227,3307.2543,"2018-10-19"
20.072777,3329.4725,"2018-10-19"
20.053152,3329.6597,"2018-10-19"
20.059467,3310.917,"2018-10-19"
20.066311,3310.2097,"2018-10-19"
20.174156,3316.1416,"2018-10-19"
20.176989,3307.6372,"2018-10-19"
20.284967,3304.9678,"2018-10-19"
20.219,3292.3189,"2018-10-19"
20.1016,3328.8988,"2018-10-19"
19.956956,3307.999,"2018-10-19"
20.009544,3282.6534,"2018-10-19"
19.999163,3379.2817,"2018-10-19"
19.935778,3286.0308,"2018-10-19"
19.904567,3327.2249,"2018-10-19"
19.949567,3315.339,"2018-10-19"
20.010911,3288.5583,"2018-10-19"
20.078565,3318.5024,"2018-10-19"
20.061934,3343.649,"2018-10-19"
20.1088,3328.6942,"2018-10-19"
20.098376,3311.9107,"2018-10-19"
20.03689,3278.0096,"2018-10-19"
20.135156,3278.7497,"2018-10-19"
20.190033,3279.2745,"2018-10-19"
20.211043,3257.2856,"2018-10-19"
20.256322,3284.161,"2018-10-19"
20.358844,3301.1388,"2018-10-19"
20.39644,3315.5868,"2018-10-19"
20.397357,3298.4303,"2018-10-19"
20.377367,3314.323,"2018-10-19"
20.340067,3300.9805,"2018-10-19"
20.303878,3313.7366,"2018-10-19"
20.232099,3297.469,"2018-10-19"
20.203278,3306.0752,"2018-10-19"
20.164317,3277.05,"2018-10-19"
20.139341,3294.3442,"2018-10-19"
20.217956,3274.0354,"2018-10-19"
20.286615,3307.4954,"2018-10-19"
20.221,3279.5395,"2018-10-19"
20.289174,3321.0677,"2018-10-19"
20.449867,3247.388,"2018-10-19"
20.624099,3266.4571,"2018-10-19"
20.815556,3247.9039,"2018-10-19"
20.867567,3236.6125,"2018-10-19"
20.817344,3275.5239,"2018-10-19"
20.815396,3225.6095,"2018-10-19"
20.822557,3203.5146,"2018-10-19"
20.853756,3195.4865,"2018-10-19"
20.875344,3166.4855,"2018-10-19"
20.889319,3191.6534,"2018-10-19"
20.907533,3232.573,"2018-10-19"
20.930934,3196.2076,"2018-10-19"
21.0757,3200.9732,"2018-10-19"
21.137978,3233.9805,"2018-10-19"
21.009767,3204.8712,"2018-10-19"
20.86938,3197.4896,"2018-10-19"
20.873308,3197.2397,"2018-10-19"
20.780692,3240.6741,"2018-10-19"
20.686811,3202.2019,"2018-10-19"
20.642451,3221.1472,"2018-10-19"
20.57211,3197.6913,"2018-10-19"
20.504811,3205.4225,"2018-10-19"
20.393889,3198.5784,"2018-10-19"
20.340033,3220.4766,"2018-10-19"
20.235088,3227.3431,"2018-10-19"
20.211022,3211.2605,"2018-10-19"
20.3408,3235.0695,"2018-10-19"
20.511379,3231.6615,"2018-10-19"
20.608156,3203.8833,"2018-10-19"
20.870222,3182.7287,"2018-10-19"
21.211067,3231.3039,"2018-10-19"
20.977703,3247.4935,"2018-10-19"
21.201014,3230.759,"2018-10-19"
21.248378,3209.6686,"2018-10-19"
21.169,3213.1023,"2018-10-19"
