eventDuration,fadcReadout,szint1,szint2,runNumber
1.6828625,1,7,4095,240
0.92892378,1,39,4095,240
0.0720838,1,11,8,240
1.8172455,1,23,21,240
0.3695308,1,15,12,240
1.06127,1,26,4095,240
0.0741339,1,30,4095,240
0.72155273,1,50,4095,240
2.0891256,1,20,4095,240
0,1,8,4095,240
1.7371739,1,19,4095,240
1.8707211,1,57,4095,240
0.71540185,1,26,4095,240
0.47002895,1,53,4095,240
1.1114475,1,46,4095,240
0.65263295,1,30,4095,240
0.30322735,1,26,4095,240
0.70373257,1,53,49,240
1.3525998,1,20,18,240
1.2414608,1,54,51,240
0.015994125,1,51,4095,240
0.30927573,1,15,11,240
1.4038288,1,44,40,240
1.6693651,1,49,46,240
1.6685488,1,28,26,240
0.75279295,1,12,4095,240
2.005393,1,34,4095,240
1.381163,1,19,17,240
0.13054425,1,38,4095,240
1.4269165,1,35,33,240
0,1,42,0,240
1.061884,1,53,4095,240
1.0994963,1,23,4095,240
1.9282922,1,32,4095,240
1.1949245,1,23,22,240
2.2275345,1,38,4095,240
0.7287291,1,17,4095,240
0.24584975,1,48,4095,240
2.2565031,1,17,14,240
0,1,13,4095,240
0.88221918,1,42,4095,240
0,1,39,4095,240
0.062726975,1,19,4095,240
0.5373232,1,14,4095,240
1.9203167,1,27,4095,240
0.20764333,1,39,37,240
0,1,29,4095,240
0,1,16,4095,240
1.3104382,1,43,4095,240
0.66019295,1,19,4095,240
0.28591292,1,29,4095,240
1.0335104,1,25,23,240
1.8715456,1,60,57,240
2.1602145,1,15,12,240
1.5754463,1,20,18,240
0.91476612,1,30,28,240
0,1,51,4095,240
1.7289808,1,21,4095,240
0.1129038,1,63,4095,240
1.7741006,1,28,26,240
1.7999227,1,18,14,240
1.2850107,1,57,54,240
2.0711845,1,32,30,240
1.4464417,1,15,12,242
0.22659385,1,34,4095,242
0.45110022,1,17,4095,242
0.91781353,1,12,4095,242
0.76787878,1,49,46,242
2.0315026,1,11,4095,242
1.0597931,1,49,4095,242
0.90089565,1,20,17,242
0.86557962,1,29,4095,242
1.4046136,1,18,4095,242
1.4399653,1,38,4095,242
0,1,35,4095,242
0.52357645,1,20,4095,242
1.9046542,1,22,4095,242
1.0042518,1,23,4095,242
0,1,39,4095,242
0.64073558,1,45,42,242
1.2498996,1,57,4095,242
0.36546992,1,35,33,242
1.805284,1,38,4095,242
0.3503401,1,19,17,242
0.11086365,1,24,4095,242
0.10047937,1,36,4095,242
0.3521399,1,14,4095,242
1.1041153,1,42,40,242
0.32252253,1,12,4095,242
2.1171407,1,21,19,242
2.0750443,1,23,4095,242
0.18054048,1,38,4095,242
0.54077188,1,33,31,242
0,1,41,4095,242
1.9496977,1,15,12,242
1.8668631,1,30,4095,242
0,1,60,4095,242
0.75026335,1,18,4095,242
0.9526295,1,10,4095,242
0.1521261,1,20,4095,242
0.1946023,1,28,4095,242
0,1,53,4095,242
0,1,15,4095,242
1.1756068,1,23,4095,242
1.6085034,1,53,50,242
0.97842345,1,53,50,242
1.8360253,1,26,24,242
0,1,26,4095,242
0.553255,1,11,4095,242
0.43034405,1,20,18,242
1.9654717,1,13,4095,242
1.3225626,1,12,4095,242
1.4066735,1,15,4095,242
0.2526056,1,62,4095,242
1.1353671,1,21,4095,242
1.8513329,1,38,4095,242
1.7305031,1,41,4095,242
1.0353332,1,11,4095,242
0.94677137,1,31,29,242
0.11233598,1,15,4095,242
1.1324669,1,24,4095,242
1.4645971,1,70,4095,242
0,1,58,4095,242
1.7201629,1,32,30,242
1.0904994,1,13,4095,242
0.6670746,1,48,4095,242
1.5e-07,1,25,4095,242
1.9042431,1,55,4095,242
1.6334778,1,39,36,242
1.7081693,1,18,4095,242
0.38258865,1,47,44,244
0.51033203,1,40,39,244
1.2650637,1,11,4095,244
0.046511075,1,42,4095,244
0.55483512,1,56,4095,244
0,1,58,4095,244
2.0672363,1,15,12,244
1.1771708,1,32,4095,244
2.1798327,1,32,4095,244
1.1393636,1,36,34,244
1.1922116,1,12,4095,244
0.97783015,1,15,4095,244
1.8080836,1,21,4095,244
0.094743775,1,25,23,244
2.0852357,1,25,23,244
0,1,55,4095,244
0.2020247,1,27,4095,244
0.098873975,1,34,32,244
0.022010325,1,22,20,244
1.789835,1,42,4095,244
0.86255753,1,14,4095,244
1.6610068,1,41,4095,244
1.1209626,1,39,4095,244
2.2541445,1,32,4095,244
0,1,19,4095,244
0,1,56,4095,244
1.6701166,1,26,4095,244
0.549883,1,22,4095,244
0.070743825,1,11,8,244
2.1917344,1,25,22,244
1.9427236,1,29,4095,244
0.97390285,1,13,4095,244
1.5598296,1,51,47,244
1.715712,1,26,4095,244
0.2877441,1,16,13,244
1.2093874,1,25,4095,244
2.0052012,1,31,4095,244
1.0055129,1,27,25,244
1.98306,1,44,4095,244
1.0154942,1,30,4095,244
1.3915445,1,31,4095,244
1.3023948,1,30,4095,244
1.4272625,1,19,4095,244
1.3807485,1,34,4095,244
2.0298599,1,25,4095,244
0,1,25,4095,244
0.055542175,1,40,4095,244
1.4404674,1,12,4095,244
2.0798279,1,18,4095,244
0.0576543,1,30,28,244
2.1018722,1,44,4095,244
2.2490565,1,41,39,244
1.22577,1,17,4095,244
0,1,48,4095,244
0.88820728,1,60,4095,244
2.018792,1,43,4095,246
0.05167705,1,50,4095,246
0.26220993,1,28,4095,246
0.95010035,1,63,4095,246
0.37362017,1,45,4095,246
1.6898229,1,19,16,246
0.15739535,1,26,4095,246
2.1122973,1,15,4095,246
0.5786304,1,33,31,246
2.0162116,1,20,4095,246
0.09071975,1,15,4095,246
1.4027479,1,23,4095,246
0.003068425,1,14,4095,246
0.7490373,1,25,23,246
0.9806225,1,26,25,246
1.4899179,1,16,4095,246
1.5493725,1,9,4095,246
0.75262835,1,33,4095,246
1.512244,1,29,4095,246
1.6154024,1,25,4095,246
0.4985044,1,12,4095,246
1.8449571,1,63,60,246
1.5852448,1,64,61,246
1.3527124,1,49,45,246
1.2191013,1,47,4095,246
1.450551,1,19,4095,246
2.1494525,1,9,7,246
2.1579655,1,14,4095,246
0,1,14,11,246
0.49517353,1,31,4095,246
0,1,28,4095,248
0.58227538,1,12,9,248
0.19583415,1,42,4095,248
1.8407394,1,27,4095,248
2.113607,1,57,4095,248
2.2167326,1,33,4095,248
0.94857678,1,24,22,248
0.11993945,1,42,40,248
0.30455718,1,54,4095,248
2.0104901,1,31,4095,248
1.051002,1,42,39,248
0.3136238,1,33,31,248
0.20262635,1,41,4095,248
1.2426731,1,19,4095,248
0.89774325,1,28,26,248
1.0757979,1,47,4095,248
0.72170875,1,21,4095,248
0.19806265,1,24,4095,248
0.90928643,1,22,20,248
2.1347734,1,41,39,248
0.19385435,1,28,4095,248
1.3468905,1,37,4095,248
0.43121255,1,55,4095,248
0,1,15,12,248
1.0745464,1,62,60,248
2.1585044,1,40,4095,248
2.0240295,1,15,4095,248
2.1066325,1,25,4095,248
1.9423732,1,16,4095,248
0.8455374,1,162,31,248
0.49981233,1,18,4095,248
1.1603861,1,14,11,248
0.79508537,1,14,4095,248
0.01635755,1,23,21,248
0.45387875,1,23,4095,248
1.3774129,1,22,4095,248
1.7006909,1,55,52,248
1.496571,1,55,52,248
0.12155,1,26,4095,248
1.4763801,1,31,4095,248
0.9665652,1,11,4095,248
0.18821545,1,37,4095,248
2.0813531,1,37,4095,248
1.2157106,1,23,4095,248
0.24195383,1,34,32,248
0.16180622,1,11,4095,248
0.16136055,1,24,4095,248
1.4225591,1,51,4095,248
1.2052402,1,36,4095,248
0.0009832,1,32,0,248
0.12871483,1,37,4095,248
0.3463986,1,25,23,248
2.0660401,1,40,4095,248
0.830651,1,16,4095,248
1.9958511,1,28,4095,248
0.94814535,1,47,4095,248
2.16181,1,28,27,248
0.21809985,1,27,4095,248
0.723406,1,60,58,250
0.62500878,1,14,4095,250
1.2092576,1,13,4095,250
1.6353192,1,19,4095,250
0,1,29,4095,250
0.80366325,1,17,1176,250
1.448683,1,26,24,250
0.54755427,1,46,4095,250
2.1940152,1,26,24,250
0.62541152,1,65,4095,250
0.760852,1,54,4095,250
1.7294424,1,35,33,250
1.9104973,1,17,14,250
0,1,51,4095,250
0.51417928,1,35,4095,250
1.9018869,1,26,24,250
2.0327916,1,67,4095,250
1.6597472,1,17,4095,250
0.9161472,1,38,4095,250
0.04263085,1,47,45,250
1.2485731,1,58,4095,250
0.4016493,1,24,22,250
0.28447235,1,25,23,250
0.11308105,1,47,4095,250
2.1918791,1,35,4095,250
0.18783627,1,29,27,250
0.72331692,1,21,20,250
1.1634646,1,45,4095,250
1.93193,1,21,4095,250
1.4964426,1,40,4095,250
0.89741475,1,58,4095,250
0.09449035,1,51,4095,250
1.6467674,1,36,4095,250
1.3118342,1,52,49,250
0.82329145,1,52,49,250
1.2841061,1,41,4095,250
1.5804581,1,40,37,250
0.75170065,1,25,4095,250
0.25170657,1,57,4095,250
1.4066377,1,31,4095,250
2.1830149,1,45,4095,250
0.0833975,1,107,103,250
0.62714345,1,16,4095,250
0.28489115,1,26,4095,250
0.7478519,1,36,4095,250
0.88498143,1,29,27,250
2.0229668,1,16,4095,250
2.1319827,1,19,4095,250
1.3224348,1,28,4095,250
0.2757394,1,34,4095,250
1.3135496,1,12,9,250
1.1643121,1,50,4095,250
0.28456575,1,53,50,250
0.88400555,1,19,4095,250
2.1477717,1,30,4095,250
2.0875606,1,46,4095,250
1.4435703,1,16,13,250
1.1292656,1,50,47,250
1.8356843,1,24,4095,254
1.1887699,1,47,4095,254
0.15515128,1,43,4095,254
1.714076,1,41,4095,254
1.7247069,1,27,4095,254
1.1232778,1,33,4095,254
0,1,21,4095,254
2.0544626,1,41,4095,254
0.15718035,1,28,26,254
1.6312229,1,15,13,254
1.0810267,1,42,4095,254
1.3639296,1,65,61,254
0.006084625,1,33,4095,254
0.3250985,1,15,4095,254
0.71714695,1,33,4095,254
0.73025135,1,14,11,254
1.0951796,1,47,4095,254
1.8559394,1,10,4095,254
0,1,21,4095,254
0.14412085,1,52,4095,254
0.59695102,1,26,24,254
2.2135443,1,44,4095,254
0.71549628,1,50,4095,254
1.3081566,1,26,4095,254
1.4313993,1,41,4095,254
1.0362304,1,51,4095,254
0.20381858,1,57,4095,254
0,1,31,4095,254
0.9057046,1,27,25,254
2.0479489,1,28,4095,254
1.8988187,1,38,36,254
1.5112591,1,27,4095,254
0.01637485,1,55,52,254
0.94732505,1,46,4095,254
1.8026109,1,36,4095,254
1.6087981,1,22,4095,254
0.54706257,1,32,29,254
0.84637847,1,35,32,254
1.0216995,1,11,4095,254
2.1030437,1,8,7,254
0.36202867,1,16,4095,254
0,1,11,4095,254
1.4594819,1,9,6,254
1.1925362,1,46,4095,254
0.4321609,1,18,4095,254
2.2279466,1,45,4095,254
2.0236835,1,31,4095,254
1.8574456,1,58,4095,254
1.6827044,1,21,4095,254
1.4042932,1,15,4095,254
2.2528173,1,30,4095,254
0.43217187,1,31,29,254
1.1907422,1,26,24,254
1.2521423,1,26,4095,254
0.48610897,1,47,44,254
1.4873968,1,9,4095,254
1.2578517,1,24,4095,254
1.1999441,1,42,4095,254
0.80628305,1,56,53,254
0.64797443,1,68,4095,254
1.551755,1,16,4095,254
1.2447615,1,23,4095,254
1.7496646,1,58,4095,254
0.06285385,1,55,4095,254
0.19402417,1,27,4095,254
0.6309034,1,39,4095,254
1.2256972,1,17,4095,254
1.1117238,1,51,4095,254
1.4621002,1,55,4095,254
0.0673349,1,13,4095,254
1.284249,1,14,4095,254
1.6471656,1,22,4095,254
0.2747683,1,39,4095,254
1.3450345,1,12,4095,254
2.1996949,1,59,4095,254
2.120846,1,57,4095,254
1.2277316,1,13,4095,254
0.79791205,1,40,38,254
0.85464347,1,9,6,254
1.0887914,1,40,4095,254
1.3830267,1,57,4095,254
1.8283337,1,42,4095,254
0.9648718,1,23,21,254
0.70689385,1,47,4095,254
0.5454158,1,13,4095,254
0.67924397,1,15,4095,254
1.4892035,1,59,4095,254
1.3008769,1,40,4095,254
0.1962953,1,56,54,254
0.26903725,1,13,4095,254
0.66496157,1,37,4095,254
0,1,19,4095,254
1.8535561,1,28,4095,254
0,1,15,4095,254
1.1436963,1,35,4095,254
0,1,30,4095,254
0.55902932,1,37,36,254
1.2724081,1,40,4095,254
1.6760907,1,21,19,254
1.3813654,1,28,4095,254
0.3126429,1,31,29,254
0.93353293,1,38,4095,254
1.3622649,1,42,4095,254
0.33945222,1,61,4095,254
1.5379547,1,32,29,256
1.4840431,1,45,4095,256
0.81516943,1,48,45,256
2.1209517,1,57,55,256
1.9553197,1,36,4095,256
1.5045374,1,42,40,256
2.0010939,1,30,27,256
2.0459336,1,16,4095,256
1.1537321,1,20,4095,256
1.1879863,1,16,4095,256
0.4933633,1,63,60,256
1.1348989,1,43,40,256
0.1078875,1,25,22,256
2.17493,1,51,4095,256
1.5173321,1,65,4095,256
1.7116119,1,43,4095,256
0,1,56,4095,256
1.9323154,1,44,4095,256
0,1,11,4095,256
2.1914476,1,23,20,256
0.93062735,1,24,4095,256
0.12873593,1,24,4095,256
0.86840237,1,30,4095,256
1.2734611,1,26,4095,256
0.42125403,1,56,4095,256
1.9171058,1,26,4095,256
1.4184904,1,42,4095,256
1.1243745,1,32,4095,256
1.8161207,1,43,4095,256
1.0986787,1,20,18,256
1.5205021,1,39,4095,256
1.4770756,1,32,4095,256
0.47490028,1,17,4095,256
1.3764737,1,30,4095,256
1.9697821,1,21,4095,256
1.6110186,1,8,4095,256
0.6544382,1,37,4095,256
0,1,42,4095,256
1.8558905,1,19,16,256
0.34100588,1,48,45,256
0.34649825,1,10,4095,256
0.15879227,1,19,4095,256
1.1990272,1,12,9,256
1.4581544,1,19,4095,256
1.5457433,1,52,4095,256
0.19711787,1,11,4095,256
0.58842512,1,26,4095,256
0.47348625,1,33,4095,256
0.4437132,1,45,42,256
1.2291578,1,48,45,256
0.69202382,1,18,4095,256
0.50370077,1,25,4095,256
0.8400256,1,15,4095,256
0.70168878,1,22,4095,256
0.087159025,1,36,4095,256
1.4684446,1,25,23,256
1.2255597,1,19,4095,256
0.37977897,1,27,4095,256
1.1756022,1,16,13,256
0.81083528,1,46,43,256
2.0853771,1,52,49,256
1.6302261,1,26,4095,256
0.9600552,1,54,4095,256
1.3493144,1,28,4095,256
0.77849537,1,45,4095,256
2.0725402,1,23,21,256
1.8480992,1,11,8,256
1.7735753,1,29,4095,256
1.5089357,1,20,4095,256
0.1363314,1,14,4095,256
1.8824425,1,19,4095,256
1.7410749,1,56,53,256
0.75662445,1,39,37,256
1.0141799,1,21,4095,256
0.79661745,1,61,4095,256
1.8706918,1,48,4095,256
0.49849225,1,32,4095,256
0.7975097,1,35,4095,256
0.5643192,1,22,4095,256
0.53543153,1,34,32,256
0.62171687,1,27,4095,256
1.9672196,1,15,4095,256
0.3764904,1,44,41,256
1.2420309,1,25,4095,256
1.6311627,1,20,4095,256
0,1,37,4095,256
0,1,58,255,256
2.2231795,1,20,20,256
2.1494475,1,33,4095,256
0.1958493,1,19,4095,256
0,1,16,4095,256
1.5239048,1,12,8,256
1.1160384,1,39,4095,256
0,1,41,4095,256
1.2315187,1,40,4095,256
1.4230475,1,57,4095,256
1.9893956,1,11,8,256
0.0875144,1,18,4095,256
0.83388385,1,46,42,256
0.59615068,1,21,4095,256
1.9252838,1,23,4095,256
1.9220803,1,43,4095,256
1.2490821,1,27,4095,256
0,1,32,4095,256
2.0583874,1,22,4095,256
1.2805016,1,11,4095,256
2.1597586,1,70,4095,256
1.2216396,1,46,44,256
1.8275387,1,44,42,256
1.5648915,1,58,55,256
0,1,14,255,256
1.1347794,1,38,4095,256
1.6359605,1,18,15,256
0.37303982,1,41,4095,256
1.6755532,1,22,4095,256
0.5460925,1,26,25,256
1.5587779,1,18,4095,256
0.1614111,1,38,35,256
0.3806782,1,17,4095,256
0,1,35,4095,256
1.9899544,1,32,43,256
1.7592965,1,17,4095,256
0.27733995,1,19,17,256
0.22215442,1,40,4095,256
1.7742244,1,11,4095,256
0.53197173,1,24,23,256
2.186482,1,35,4095,256
1.6809871,1,58,4095,256
0.18882158,1,94,4095,256
1.9343573,1,60,57,256
1.2165476,1,45,41,256
0.4615879,1,24,4095,256
1.1445165,1,59,4095,256
0.8649999,1,22,4095,256
1.0680339,1,30,4095,256
0.65424138,1,10,8,256
2.0189397,1,17,4095,256
0,1,16,4095,256
0.75050012,1,17,4095,256
1.9972716,1,28,26,256
0.86339473,1,59,55,256
2.0444287,1,25,4095,256
0.55391115,1,28,26,256
1.7047591,1,16,13,256
1.7950243,1,53,4095,256
0,1,17,4095,256
1.2520095,1,30,4095,256
0.97306877,1,47,44,256
0,1,39,4095,256
0.55758462,1,47,4095,256
0.41422197,1,32,30,256
0.10705975,1,43,4095,256
0.26337958,1,16,4095,256
2.0908248,1,29,27,256
0.53127388,1,50,46,256
1.0090364,1,17,4095,256
2.1016079,1,11,8,256
0,1,48,4095,256
0.7854475,1,12,4095,256
0.961587,1,24,4095,256
0.66377595,1,13,4095,256
0.12809165,1,15,12,256
1.3741634,1,43,4095,256
1.9326747,1,56,53,256
1.9523581,1,34,32,256
1.6461806,1,42,4095,256
1.846246,1,42,4095,256
0.54255338,1,39,4095,256
0.013543275,1,26,4095,256
0.20218117,1,10,4095,256
0.42641225,1,19,4095,256
0.16595205,1,50,4095,256
2.0670809,1,15,4095,256
0.13437817,1,62,4095,256
0.43166215,1,30,28,256
1.6857642,1,10,4095,256
0.965072,1,23,22,256
2.1347517,1,35,32,256
0.49507595,1,54,51,256
0,1,60,4095,256
1.6274165,1,15,12,256
0.88823555,1,14,10,256
0.79282075,1,22,4095,256
1.9537265,1,65,62,256
2.0659836,1,53,4095,256
0.55697125,1,25,4095,256
2.1374717,1,40,4095,256
1.829777,1,38,37,256
1.3621285,1,22,20,256
1.2400771,1,31,4095,256
0,1,44,255,256
0.98965488,1,11,4095,256
1.9662811,1,22,4095,256
1.4388032,1,23,22,256
0.95633528,1,24,4095,256
0.30516495,1,31,4095,256
1.2229152,1,20,18,256
0.85485995,1,42,4095,256
0.12946157,1,24,4095,256
1.8207185,1,29,4095,256
0.9658059,1,19,4095,256
0.36497697,1,36,4095,256
1.9420861,1,35,4095,256
1.563227,1,68,4095,256
0.64089618,1,35,4095,256
0.5602816,1,17,4095,256
1.1123516,1,23,4095,256
1.0782273,1,29,4095,256
2.022176,1,44,4095,256
0.78234215,1,64,4095,256
1.6442596,1,41,4095,256
0.015790525,1,54,4095,256
2.0163652,1,27,4095,256
2.0782297,1,23,4095,258
1.7994222,1,43,40,258
1.8863594,1,18,15,258
0.688146,1,17,4095,258
1.8354028,1,11,8,258
1.9479759,1,39,4095,258
0,1,8,4095,258
0.21411612,1,32,4095,258
0.89016087,1,35,33,258
1.3386706,1,50,4095,258
0.42806253,1,41,4095,258
1.3775963,1,12,4095,258
0.7595803,1,17,4095,258
0.13405933,1,53,4095,258
1.9058678,1,11,9,258
0,1,34,4095,258
0.59027405,1,170,166,258
1.9226249,1,35,33,258
0,1,13,4095,258
1.1340603,1,29,27,258
1.3607717,1,73,4095,258
0.17596418,1,17,14,258
0,1,12,4095,258
1.9502986,1,32,4095,258
0.93633762,1,16,12,258
2.2598808,1,32,4095,258
0.29616555,1,19,4095,258
0.85521802,1,26,23,258
2.097014,1,44,4095,258
1.0084113,1,20,18,258
1.3528419,1,18,4095,258
1.8854417,1,41,4095,258
1.8030244,1,34,4095,258
0.21201287,1,29,4095,258
0,1,58,4095,258
0.76176355,1,17,14,258
2.1110346,1,40,38,258
0.90172507,1,15,12,258
1.8545134,1,24,4095,258
1.8315099,1,53,49,258
1.1437913,1,62,58,258
0.9456291,1,50,4095,258
0,1,56,4095,258
0,1,30,4095,258
0,1,27,4095,258
0,1,77,4095,258
0.2336471,1,25,4095,258
0.3478938,1,46,42,258
0.46512735,1,36,34,258
0.97473772,1,16,4095,258
1.3554666,1,42,4095,258
1.4856501,1,41,39,258
0.11251862,1,10,4095,258
0.76744515,1,11,8,258
0.59029612,1,23,21,258
0.7661546,1,33,4095,258
1.769344,1,35,4095,258
0.0738545,1,12,4095,258
0.75116858,1,14,4095,258
1.2139413,1,13,10,261
2.2006454,1,11,8,261
1.1802284,1,30,28,261
0,1,54,4095,261
0.62924845,1,37,35,261
0.10228325,1,34,32,261
1.0937326,1,70,4095,261
0.57528335,1,32,4095,261
0.9036236,1,23,21,261
2.1969586,1,52,4095,261
0.47116845,1,34,4095,261
0.0950137,1,16,4095,261
1.4321438,1,33,4095,261
0.36422335,1,66,4095,261
0.71181135,1,15,4095,261
1.0743794,1,31,4095,261
1.9712053,1,20,4095,261
1.3339556,1,45,4095,261
1.6523922,1,18,17,261
1.1342024,1,29,4095,261
0.2614105,1,23,21,261
1.7191854,1,68,4095,261
0.85080923,1,27,25,261
0.9698565,1,30,4095,261
1.2561717,1,15,4095,261
1.3000059,1,61,4095,261
1.3251734,1,61,58,261
1.2351154,1,13,4095,261
1.1478764,1,31,4095,261
2.1340327,1,50,4095,261
2.0603016,1,60,4095,261
1.2104598,1,15,4095,261
1.7097545,1,28,4095,261
0.10476737,1,42,4095,261
0.2434416,1,21,4095,261
1.4605223,1,26,25,261
0.86828118,1,8,4095,261
1.2889966,1,12,4095,261
1.2742786,1,36,4095,261
1.2463972,1,32,4095,261
0.73070837,1,20,4095,261
1.5721875,1,15,4095,261
0.19060625,1,57,54,261
0.7873415,1,25,4095,261
0.38018685,1,46,43,261
0,1,23,4095,261
0.41077095,1,60,352,261
1.7169473,1,48,4095,261
0.78896218,1,19,4095,261
1.0391972,1,49,4095,261
1.9494178,1,27,4095,261
1.6436007,1,24,4095,261
0.68963097,1,36,4095,261
1.8182848,1,59,4095,261
0,1,54,2289,261
1.4867776,1,55,52,261
1.8171008,1,51,4095,261
1.592084,1,28,26,261
0.535059,1,35,4095,261
0,1,35,4095,261
1.8840504,1,22,4095,261
1.9362365,1,33,4095,261
1.0610498,1,23,21,261
0.12885747,1,21,4095,261
1.4889822,1,58,4095,261
1.9657487,1,25,4095,261
1.6161067,1,44,4095,261
0.74830255,1,25,23,261
1.9181691,1,39,4095,261
1.8988289,1,20,18,261
2.0992205,1,13,4095,261
0.21869855,1,26,4095,261
0,1,9,6,261
0.55863943,1,20,4095,261
2.1682054,1,61,4095,261
1.2986593,1,30,4095,261
2.1932822,1,54,4095,261
0.06642775,1,32,4095,261
0.9108853,1,45,4095,261
0.04879215,1,37,34,261
0.28107405,1,51,4095,261
0.75924753,1,25,4095,261
0.52896047,1,58,55,261
0.4564669,1,27,4095,261
2.0874542,1,14,4095,261
0.47393872,1,60,4095,261
1.2510307,1,55,4095,261
2.1666428,1,28,27,261
0.75974332,1,33,31,261
1.4703339,1,16,4095,261
1.9658574,1,20,4095,261
1.6028458,1,41,4095,261
1.5730564,1,32,4095,261
0,1,46,255,261
0.076883775,1,35,4095,261
1.2036411,1,16,13,261
0.37288403,1,30,4095,261
1.4367109,1,40,4095,261
1.3809092,1,44,41,261
1.4065895,1,29,27,261
0.5428854,1,55,4095,261
0.52900077,1,41,4095,261
2.1394836,1,24,22,261
0.42352725,1,29,4095,261
1.1591657,1,65,4095,261
0.60266693,1,10,7,261
1.3499226,1,53,50,261
0,1,56,4095,261
0.006408325,1,20,17,261
1.6282461,1,56,53,261
0.85246258,1,42,40,261
0,1,20,4095,261
1.6700878,1,25,24,261
0.69472675,1,25,4095,261
0.26345713,1,15,4095,261
0.0885658,1,20,18,261
0.1498366,1,26,4095,261
0.81746735,1,50,4095,261
0.75829732,1,27,4095,261
1.6906383,1,46,4095,261
0.1330062,1,31,4095,261
1.7717218,1,34,32,261
0.6234385,1,15,4095,261
0,1,52,4095,261
0.7847995,1,24,22,261
2.0501531,1,8,4095,261
0.16372502,1,36,4095,261
0,1,18,4095,261
0.79958522,1,48,4095,261
0.75742553,1,22,20,261
1.5401169,1,66,63,261
1.8243749,1,60,4095,261
1.0417528,1,27,25,261
0.5058292,1,60,4095,261
1.8644374,1,17,4095,261
0.66253307,1,17,4095,261
1.2692554,1,17,4095,261
1.1895118,1,34,4095,261
1.1256196,1,42,40,261
0,1,48,4095,261
1.6556899,1,17,14,261
1.4457133,1,31,4095,261
0.6894458,1,31,29,261
0.22979955,1,47,4095,261
2.2067297,1,19,4095,261
1.5661677,1,25,4095,261
0.2670591,1,51,4095,261
0.2337527,1,30,28,261
0.15489705,1,25,4095,261
1.0394212,1,64,4095,261
1.1209926,1,20,18,261
0.84919185,1,59,56,261
0,1,31,4095,261
1.1331412,1,25,23,261
1.4337712,1,59,56,261
1.4698007,1,16,4095,261
0.88096167,1,27,4095,261
0.46031083,1,47,44,261
0.1709737,1,30,4095,261
1.0666686,1,29,4095,261
1.5883783,1,16,4095,261
1.9357266,1,33,4095,261
1.3005535,1,40,4095,261
0.98001785,1,55,4095,261
1.1524891,1,15,4095,261
0.32426472,1,22,20,261
1.05503,1,15,4095,261
0.00587415,1,17,4095,261
0.65813542,1,20,17,261
1.1701873,1,21,4095,261
1.6938756,1,59,4095,261
0.4431126,1,37,4095,261
0,1,28,4095,261
0.29708605,1,36,4095,261
0.27006843,1,24,23,261
1.0890701,1,40,4095,261
0.65332575,1,27,4095,261
0.4193912,1,10,4095,261
1.5484251,1,41,4095,261
0,1,43,40,261
0.06998525,1,70,4095,261
0.3252901,1,20,18,261
1.2273549,1,26,4095,261
1.6530453,1,34,31,261
1.9729476,1,21,4095,261
2.0278631,1,10,6,261
0,1,9,4095,261
1.6871916,1,40,4095,261
1.9612491,1,53,50,261
0.1344285,1,37,4095,261
1.7254606,1,14,11,261
0.5892638,1,37,4095,261
1.6383865,1,23,4095,261
0.23252273,1,29,27,261
1.9097092,1,37,4095,261
0.093966125,1,51,4095,261
0.006994225,1,22,0,261
1.8586139,1,48,4095,261
1.5271462,1,22,4095,261
0.69658905,1,13,4095,261
0.11220665,1,27,4095,261
1.2823895,1,47,44,261
1.280669,1,56,4095,261
1.7887667,1,27,4095,261
0,1,21,19,261
0.9332998,1,20,4095,261
1.4630622,1,25,4095,261
0.70804428,1,26,4095,261
1.7242019,1,56,4095,261
1.1672044,1,50,4095,261
1.0801814,1,51,4095,261
0.6898913,1,11,8,261
0.83233718,1,38,4095,261
0.44789547,1,36,35,261
1.1936484,1,35,4095,261
0,1,14,4095,261
0.24212477,1,11,8,261
1.5904846,1,31,28,261
1.1243074,1,27,4095,261
1.1845725,1,30,4095,261
1.9618911,1,19,4095,261
1.0870898,1,22,4095,261
0.26131735,1,22,20,261
1.1960506,1,28,4095,261
0.904189,1,18,4095,261
0.1259603,1,23,22,261
1.0013158,1,38,35,261
2.0794902,1,39,4095,261
1.4268865,1,10,4095,261
1.6162546,1,25,4095,261
0.6061439,1,20,4095,261
0.5439441,1,29,27,261
1.8616418,1,29,26,261
1.7070443,1,61,4095,261
1.0396934,1,19,18,261
0.39533167,1,11,4095,261
1.9175742,1,3,4,261
2.0415442,1,24,4095,261
0,1,44,4095,261
1.085055,1,40,4095,261
0.48550897,1,6,4095,261
0.1079879,1,30,4095,261
1.5722831,1,40,38,261
1.2385219,1,46,4095,261
1.6378431,1,56,4095,261
1.6555653,1,40,38,261
2.1019162,1,48,4095,261
0.66910418,1,35,4095,261
0.71216215,1,25,23,261
1.1807195,1,25,4095,261
0.25602198,1,14,4095,261
0.3371522,1,8,4095,261
1.6274545,1,20,4095,261
1.7155377,1,49,4095,261
0.56983657,1,33,4095,261
1.654824,1,32,4095,261
1.2127789,1,10,4095,261
0.015396275,1,55,4095,261
0.30129447,1,38,4095,261
0.807687,1,13,10,261
1.8554938,1,51,4095,261
1.3364226,1,33,4095,261
1.3612729,1,34,4095,261
1.5566525,1,19,4095,261
1.6835644,1,24,4095,261
2.095854,1,51,4095,263
1.5041767,1,17,14,263
1.4860655,1,28,26,263
0.18070027,1,32,4095,263
0.76782865,1,38,4095,263
1.6020046,1,31,29,263
0.58022045,1,49,45,263
0,1,30,4095,263
0,1,34,32,263
0.56362465,1,14,4095,263
1.4310001,1,26,4095,263
2.2226615,1,24,22,263
1.8017381,1,49,46,263
1.8777078,1,48,44,263
0.78949057,1,25,4095,263
1.3933728,1,36,4095,263
0,1,30,4095,263
0.27452642,1,43,4095,263
1.3784219,1,45,41,263
1.9994511,1,50,1677,263
1.1155465,1,49,4095,263
1.4123991,1,29,4095,263
0.34581045,1,57,4095,263
0.098748,1,18,4095,263
1.6537177,1,21,19,263
2.224281,1,17,4095,263
0.51757517,1,24,4095,263
0.44841967,1,24,4095,263
1.0715303,1,48,4095,263
2.1591039,1,16,4095,263
1.52093,1,61,4095,263
1.4826753,1,25,24,263
0.28161185,1,28,26,263
1.2049266,1,36,4095,263
0,1,35,4095,263
0.07608965,1,43,4095,263
2.1358869,1,50,46,263
0.60185945,1,32,4095,263
1.0607988,1,23,4095,263
2.0997997,1,12,4095,263
1.0953195,1,34,4095,263
0.19403865,1,53,49,263
1.2721454,1,63,4095,263
0.082540875,1,17,4095,263
0.85490988,1,23,4095,263
2.0962984,1,44,4095,263
1.1982456,1,39,37,263
1.8103991,1,48,4095,263
0,1,23,4095,263
0.13183265,1,31,4095,263
0.62681792,1,63,60,263
0.171867,1,38,4095,263
1.041333,1,24,4095,263
0.66003995,1,1,3,263
0.087997525,1,26,4095,263
2.2101746,1,19,17,263
0.25441887,1,17,4095,263
1.4255006,1,24,4095,263
0,1,51,4095,263
0.86826928,1,20,18,263
1.3811159,1,30,27,263
1.7571424,1,16,4095,263
0.86276043,1,32,31,263
0.1702044,1,66,4095,263
0.2925383,1,11,9,263
0.7114278,1,10,4095,263
0.4726508,1,33,31,263
1.5173496,1,28,26,263
2.2012041,1,12,4095,263
0.4363012,1,171,4095,263
0.39064718,1,48,4095,263
0.27340985,1,68,65,263
1.071096,1,25,23,263
1.6798546,1,18,15,263
0.72074325,1,57,4095,263
0,1,24,255,263
0.86764,1,35,4095,263
0.117397,1,10,4095,263
1.9072686,1,90,4095,263
1.6559413,1,28,4095,263
1.8395446,1,18,4095,263
1.7251687,1,42,4095,263
0.6844817,1,17,4095,265
1.7025969,1,37,4095,265
0.32595942,1,23,4095,265
0.12297508,1,19,17,265
0.8408234,1,23,20,265
0.16522505,1,63,4095,265
1.3964423,1,9,4095,265
1.3400486,1,40,38,265
1.3600225,1,10,7,265
1.3479989,1,33,4095,265
2.1676509,1,21,4095,265
0,1,46,4095,265
0.84469803,1,25,4095,265
0.57902585,1,51,4095,265
2.1877885,1,20,4095,265
1.4639529,1,26,24,265
1.345957,1,53,4095,265
1.7035699,1,20,4095,265
1.9135595,1,17,4095,265
1.2217436,1,52,49,265
0,1,16,4095,265
1.505218,1,44,41,265
1.3462075,1,22,4095,265
2.0060143,1,34,4095,265
0.0229039,1,25,4095,265
1.878184,1,36,4095,265
0.20549608,1,38,4095,265
0.3425943,1,19,17,265
1.9911824,1,30,4095,265
1.2095037,1,31,30,265
0.89666618,1,12,10,265
0.43621973,1,15,12,265
0.6894943,1,23,4095,265
0.86421718,1,45,4095,265
0.50072907,1,22,4095,265
2.0158928,1,32,4095,265
0,1,12,9,265
1.012572,1,39,4095,265
0.2419804,1,42,4095,265
1.2056998,1,47,44,265
2.1821794,1,46,43,265
0.53172418,1,9,4095,265
0.87912,1,52,4095,265
1.2156772,1,69,4095,265
0.49491287,1,21,19,265
1.8897933,1,48,4095,265
0.60406165,1,39,4095,265
0.069423475,1,62,4095,265
1.9984231,1,17,4095,265
1.7865458,1,56,4095,265
0.42778515,1,13,10,265
0.085315025,1,61,4095,265
1.3259745,1,26,4095,265
1.6144143,1,7,4,265
0.8378924,1,49,4095,265
0.46416195,1,27,4095,265
1.3883103,1,39,37,265
1.6811389,1,22,20,265
1.1188432,1,6,4095,265
1.5770494,1,19,4095,265
1.1949803,1,17,4095,265
0.87902558,1,45,4095,265
2.1322411,1,14,11,265
0.091000575,1,26,4095,265
1.1136944,1,44,41,265
0.6034668,1,24,4095,265
2.010224,1,46,43,265
0.3419861,1,20,4095,265
0.15988395,1,28,26,265
1.3079096,1,44,4095,265
2.214343,1,51,48,265
0.21491048,1,23,4095,265
0.45706425,1,13,4095,265
1.1517281,1,38,36,265
0.4145962,1,41,39,265
2.0487945,1,38,36,265
0.69988115,1,41,4095,265
2.2436828,1,57,4095,265
0.67579188,1,54,4095,265
0.90714803,1,25,4095,265
2.0042925,1,25,22,265
0,1,32,4095,265
0.65344035,1,35,33,265
0.3273968,1,56,4095,265
0.46033333,1,56,4095,265
1.6971904,1,43,40,265
1.4314393,1,19,4095,265
0.49306615,1,61,4095,265
0.48920087,1,15,4095,265
0.36177162,1,24,22,265
1.2798729,1,10,6,265
0,1,48,4095,265
0.33528275,1,58,54,265
0.2906217,1,59,55,265
1.3602196,1,37,4095,265
0.35580413,1,35,33,265
1.4528677,1,16,4095,265
0.28165058,1,41,4095,265
0.25585192,1,37,4095,265
0.058825825,1,46,43,265
0.39280505,1,12,9,265
0.67486945,1,29,27,265
2.0712554,1,32,4095,265
0.87453843,1,30,28,265
1.8503871,1,35,4095,265
0.6665079,1,33,4095,265
1.190933,1,54,4095,265
1.0185034,1,42,4095,265
0.97625272,1,21,4095,265
0.7419709,1,33,4095,265
0.17868648,1,51,48,265
1.6296788,1,16,13,265
1.5549161,1,26,24,265
0,1,30,4095,265
1.8978925,1,29,4095,265
0.67575182,1,23,21,265
2.2492836,1,15,4095,265
0.79334818,1,16,4095,265
0.43876353,1,18,16,265
0.99391718,1,43,4095,265
1.9243339,1,14,4095,265
1.0567766,1,30,4095,265
1.4190611,1,12,9,265
1.7274122,1,16,4095,265
1.1026334,1,39,4095,265
0.69197105,1,29,27,265
1.8359013,1,22,4095,265
1.6360298,1,56,4095,265
1.0205747,1,62,4095,265
0.5527365,1,59,4095,265
0.17464888,1,19,4095,265
0.456692,1,72,4095,267
0.21505105,1,15,4095,267
0.3724564,1,23,21,267
1.3164262,1,40,39,267
1.8154791,1,45,4095,267
0,1,48,4095,267
1.9306212,1,31,4095,267
0.51164073,1,62,4095,267
0.09470675,1,58,55,267
0.14061033,1,27,4095,267
0.06668505,1,13,4095,267
2.2352498,1,50,4095,267
1.7062693,1,34,4095,267
0.7878563,1,21,4095,267
1.5414729,1,56,4095,267
0.1097538,1,26,25,267
0.588776,1,47,4095,267
1.3895541,1,55,4095,267
0.6221186,1,39,4095,267
1.9686901,1,34,4095,267
0.66377315,1,58,55,267
0.57439567,1,25,4095,267
0.4569439,1,32,33,267
0.37955488,1,25,4095,268
1.3558408,1,36,35,268
0.93306097,1,53,4095,268
0.2496271,1,52,49,268
2.0740324,1,40,4095,268
0.45338,1,44,41,268
1.0703076,1,21,4095,268
0.11615,1,11,4095,268
1.6657318,1,24,4095,268
1.1720363,1,22,19,268
1.1594543,1,18,15,268
0.40079255,1,44,4095,268
0.67858675,1,39,4095,268
1.6099379,1,26,4095,268
1.4929564,1,23,4095,268
1.4508453,1,35,4095,268
0.24346862,1,50,4095,268
0.51597175,1,28,26,268
1.3163048,1,58,55,268
0.27377635,1,33,4095,268
0.49406485,1,38,4095,268
1.6406684,1,52,49,268
1.1148326,1,13,10,268
0.53963205,1,27,4095,268
1.0830249,1,51,4095,268
1.7409326,1,32,4095,268
0.1502491,1,24,4095,268
1.2662674,1,46,4095,268
0.64652577,1,11,9,268
1.0874066,1,26,4095,268
0.81682203,1,46,4095,268
1.9400823,1,34,4095,268
0.34524053,1,53,51,268
1.3797138,1,47,4095,268
0.071623875,1,22,4095,268
1.4180477,1,46,44,268
1.602722,1,23,20,268
0.25546077,1,29,4095,268
1.013963,1,51,48,268
0.90981037,1,19,4095,270
1.7594722,1,19,4095,270
1.5544844,1,38,4095,270
0.53435188,1,25,4095,270
1.0592672,1,40,37,270
0.2674725,1,29,4095,270
2.1374098,1,57,4095,270
0.66862695,1,17,14,270
0.39680165,1,26,4095,270
0.3123019,1,27,25,270
0.30486603,1,41,4095,270
0.03696205,1,52,4095,270
1.8665619,1,16,4095,270
0,1,40,4095,270
1.1323641,1,48,4095,270
1.2172721,1,53,4095,270
0.61212298,1,14,4095,270
1.0541793,1,21,20,270
0.20451322,1,13,4095,270
1.0278169,1,44,4095,270
1.8056165,1,79,4095,270
0.9615623,1,23,4095,270
0.30708948,1,11,4095,270
1.1096777,1,11,9,270
2.2010095,1,54,4095,270
0.3527572,1,29,27,270
2.0589928,1,30,4095,270
0.5359706,1,34,4095,270
1.5922163,1,46,43,270
0,1,23,4095,270
1.2476092,1,21,4095,270
0.2751344,1,45,42,270
0.54213765,1,21,19,270
0,1,33,4095,270
0.86870172,1,24,4095,270
1.4141214,1,21,4095,270
0.39262412,1,51,4095,270
1.9269165,1,42,4095,270
0.96811928,1,59,4095,270
2.0509394,1,52,4095,270
0.393809,1,33,4095,270
0.0378804,1,13,4095,270
2.0185631,1,71,4095,270
0.59256272,1,24,4095,270
0.58729435,1,30,28,270
0.27658318,1,41,4095,270
0.20575713,1,15,11,270
1.726395,1,10,4095,270
0.64135425,1,18,15,270
1.7187416,1,46,4095,270
0.99460482,1,23,4095,270
0.087557825,1,32,4095,270
1.1157486,1,46,4095,270
0.6145896,1,34,4095,270
1.671391,1,33,31,270
0.77255303,1,26,4095,270
1.1822828,1,13,4095,270
0.006503,1,44,4095,270
0.16305833,1,39,37,270
1.3756564,1,23,4095,270
0.1088784,1,55,52,270
1.75e-07,1,30,4095,270
1.8185113,1,28,4095,270
1.8040463,1,57,4095,270
0.13950267,1,46,4095,270
1.7836552,1,43,4095,270
0,1,43,4095,270
0.218492,1,26,4095,270
1.9039069,1,39,37,270
0.23417855,1,22,4095,270
0.02563865,1,22,4095,270
0.3031826,1,55,53,270
0.50834595,1,15,4095,270
1.7564987,1,29,4095,270
1.026221,1,13,4095,270
0.79881603,1,15,4095,270
1.6219675,1,51,4095,270
1.1851716,1,31,4095,270
0,1,67,4095,270
0,1,53,4095,270
1.1140233,1,53,4095,270
1.3051436,1,25,23,270
1.0946524,1,48,4095,270
0.07754975,1,25,4095,270
1.7477559,1,28,26,270
0.44905485,1,31,29,270
2.2174855,1,12,4095,270
0,1,12,4095,270
0.61690857,1,54,4095,270
1.7892598,1,34,4095,270
1.3375184,1,25,23,270
0.49174995,1,43,40,270
0.91391565,1,30,4095,270
0,1,14,4095,270
0.0694732,1,22,4095,270
0.54738653,1,30,4095,270
1.2796673,1,35,4095,270
1.6962521,1,69,66,270
0.047520525,1,36,4095,270
0,1,20,255,270
1.8590773,1,36,4095,270
1.3882095,1,20,18,270
1.012286,1,48,44,270
1.8476099,1,27,25,270
0.36720872,1,18,4095,270
0,1,56,182,270
1.7698355,1,37,35,270
1.1729197,1,26,4095,270
1.450999,1,17,4095,270
0.06271235,1,33,31,270
0.058333725,1,24,4095,270
0.019477925,1,43,4095,270
0.45325787,1,15,12,270
1.0408533,1,27,4095,270
1.34712,1,14,4095,270
0.07546705,1,31,29,270
1.0488699,1,11,4095,270
1.7724476,1,26,4095,270
1.7725111,1,14,4095,270
0.45522222,1,27,4095,270
1.2952372,1,56,4095,270
1.752863,1,33,4095,270
1.3372869,1,39,4095,270
1.3045069,1,25,4095,270
1.8232439,1,18,4095,270
0.15962325,1,29,4095,270
0.9794291,1,59,4095,270
0.7964769,1,53,4095,270
0.98174255,1,29,4095,270
1.7986668,1,23,4095,270
0.74428245,1,20,4095,270
1.4138012,1,20,18,270
1.2674996,1,42,4095,270
0.4099636,1,55,4095,270
0.29192465,1,22,20,270
1.6999756,1,10,4095,270
1.2938918,1,26,24,270
2.0803885,1,17,4095,270
1.2686076,1,47,4095,270
1.2491127,1,12,4095,270
0.016487225,1,41,0,270
0.26517535,1,52,0,270
0.9938956,1,68,4095,270
0.53673935,1,24,23,270
1.8232021,1,26,4095,270
0.71226422,1,34,4095,270
1.2296848,1,49,4095,270
0.3944165,1,13,0,270
0.042016575,1,33,0,270
0,1,41,255,270
1.2276264,1,24,22,270
1.2137473,1,29,27,272
0.37597172,1,24,4095,272
1.0143527,1,52,4095,272
1.585088,1,49,4095,272
2.255633,1,19,17,272
1.3208713,1,32,4095,272
0.9468846,1,38,4095,272
0.55589093,1,20,18,272
1.605101,1,22,4095,272
0.37192747,1,16,4095,272
0.8653177,1,10,4095,272
1.8833144,1,29,4095,272
0.6909223,1,24,4095,272
2.1658988,1,9,4095,272
2.1031835,1,15,4095,272
0.030534975,1,19,18,272
0.32206297,1,15,4095,272
1.1868837,1,28,4095,272
1.0825975,1,24,22,272
1.8567402,1,37,4095,272
0.72903205,1,43,40,272
1.351034,1,51,4095,272
2.157736,1,37,4095,272
0.87233037,1,27,25,272
0.86577155,1,55,4095,272
1.2485876,1,40,4095,272
1.2513067,1,14,12,272
1.387904,1,32,4095,272
0.90599897,1,30,4095,272
1.4060394,1,29,27,272
1.0053918,1,35,4095,272
0.14776253,1,22,4095,272
2.1061393,1,61,58,272
1.2605378,1,63,60,272
0.08921405,1,36,4095,272
0.5834734,1,31,29,272
2.139183,1,60,4095,272
2.0878186,1,13,4095,272
1.711355,1,55,4095,272
1.4392186,1,60,57,272
0.21425142,1,28,4095,272
1.8526692,1,52,4095,272
1.6211015,1,37,36,272
2.162892,1,16,12,272
0.088346425,1,42,39,272
0.62574445,1,17,4095,272
1.6434823,1,39,36,272
1.0293675,1,19,4095,272
1.7499166,1,37,35,272
0.7178319,1,32,30,272
0,1,11,4095,272
0.6597723,1,35,34,272
1.4539834,1,44,4095,272
0.7967109,1,53,4095,272
0.24216778,1,52,4095,272
1.4302815,1,26,4095,272
1.2488869,1,60,4095,272
0.33467247,1,39,37,272
0,1,53,255,272
2.2124445,1,27,4095,272
1.1573512,1,51,4095,272
0,1,25,4095,272
0.74122575,1,63,4095,272
1.2791869,1,7,5,272
1.853754,1,58,55,272
0.28968703,1,24,4095,272
1.4879332,1,16,4095,272
0.21507572,1,34,32,272
1.4464459,1,36,4095,272
1.0773319,1,15,4095,272
1.744049,1,21,4095,272
0.57565535,1,58,55,272
0.2568883,1,37,4095,272
0.41669333,1,25,4095,272
0.88186218,1,23,4095,272
1.9366529,1,27,4095,272
0.020354625,1,14,11,272
1.7893442,1,12,4095,272
0.44011285,1,44,41,272
0.89444668,1,42,4095,272
2.0950332,1,17,4095,272
2.2503084,1,38,4095,272
1.8972035,1,38,4095,272
0,1,17,4095,272
0.20362992,1,24,4095,272
1.3138884,1,29,22,272
0.029760175,1,34,0,272
2.170118,1,41,4095,272
1.6838923,1,45,42,272
1.2561122,1,29,4095,272
0.46402587,1,25,23,272
1.7513304,1,51,4095,272
0,1,54,4095,272
0.038276825,1,34,4095,272
2.0231481,1,31,4095,272
0.0153389,1,15,4095,272
0.47075682,1,10,8,272
2.137557,1,14,11,272
1.0216088,1,67,4095,272
0.67511272,1,44,41,272
0.3367984,1,37,4095,272
0.29099032,1,7,4095,272
1.0761655,1,44,4095,272
0.008838925,1,31,0,272
2.2213331,1,11,4095,272
0.7703163,1,46,43,272
0.14439675,1,44,41,272
0.94317175,1,42,39,272
1.6532864,1,42,4095,272
0.1321801,1,17,14,272
0.51785565,1,33,4095,272
0.1634644,1,57,4095,272
0.0144693,1,33,4095,272
1.9295366,1,20,18,272
1.5297928,1,17,14,272
1.8725691,1,33,4095,272
0.95669832,1,46,4095,272
1.2163484,1,25,24,272
0.46707567,1,57,4095,272
0.69441337,1,25,22,272
1.4566448,1,11,4095,272
0.7406857,1,31,4095,272
0.45276092,1,16,13,272
0.31339207,1,14,4095,272
0.91119868,1,54,4095,272
1.9603077,1,10,4095,272
0.097071425,1,17,4095,272
0.96719025,1,29,4095,272
0.70223068,1,58,4095,272
0.95766465,1,12,10,272
0.28680807,1,58,4095,272
0.3035812,1,22,20,272
1.9806721,1,47,4095,272
1.9278424,1,53,4095,272
1.8241081,1,46,4095,272
0.56813755,1,26,24,272
1.4319253,1,25,23,272
0.42432172,1,25,24,272
1.0576703,1,29,26,272
1.7536536,1,29,4095,272
1.2553938,1,53,4095,272
2.104617,1,40,38,272
1.8001663,1,13,4095,272
0.76108722,1,72,4095,272
1.8474908,1,22,4095,272
2.1295771,1,43,4095,272
1.0863362,1,52,4095,272
0.74303038,1,23,4095,272
1.1854964,1,16,4095,272
0,1,15,11,272
2.14291,1,37,34,272
1.7946599,1,12,4095,272
0.02369945,1,13,10,272
0.4112792,1,63,61,272
1.0992567,1,24,22,272
0.27503062,1,26,4095,272
0.55307195,1,45,4095,272
0,1,37,35,272
1.9058154,1,22,20,272
0.49245422,1,35,4095,272
0.21722312,1,22,20,272
0.44365875,1,13,4095,272
1.1891445,1,44,4095,272
1.767348,1,26,25,272
0.9837929,1,23,4095,272
2.141503,1,24,4095,272
2.2002133,1,30,28,272
1.6918789,1,12,4095,272
0.56038332,1,21,4095,272
0.22117323,1,10,4095,272
1.9433993,1,36,4095,272
1.8586888,1,24,24,272
1.4575961,1,58,4095,272
1.0150097,1,15,11,272
1.4615346,1,16,13,272
1.3868751,1,51,48,272
0.27856847,1,50,48,272
0.39145093,1,16,4095,272
0.18151983,1,34,32,272
1.7440935,1,35,4095,272
0.02823665,1,11,0,272
0.39615985,1,52,4095,272
0,1,43,4095,272
1.2539663,1,26,4095,272
1.2733117,1,34,4095,272
1.7513327,1,38,4095,272
1.3719844,1,57,4095,272
0.65800128,1,25,4095,272
0.33614497,1,44,4095,272
0.12143555,1,13,10,272
1.971017,1,23,4095,272
2.1199995,1,38,4095,272
0.74253468,1,41,38,272
0.84560362,1,63,4095,272
0.27346965,1,27,4095,272
2.2512301,1,28,4095,272
0.76733275,1,17,4095,272
0.3649008,1,30,4095,272
1.5151218,1,14,11,272
1.6282144,1,30,4095,272
1.6356521,1,42,4095,272
0.0758165,1,22,4095,272
0.26305415,1,27,4095,272
0.4370164,1,45,4095,272
0.28461692,1,20,4095,272
0.86126232,1,27,25,272
2.0152151,1,31,4095,272
1.0069408,1,36,4095,272
1.4424793,1,44,4095,272
1.1372093,1,47,3519,272
1.5994412,1,41,4095,272
4.25e-07,1,32,4095,272
1.3476097,1,35,33,272
0.12288138,1,18,4095,272
1.1835734,1,35,4095,272
0.8254366,1,37,35,274
0.91094053,1,32,4095,274
1.8992384,1,42,4095,274
1.8019574,1,60,4095,274
0.62823318,1,25,4095,274
1.9182927,1,26,4095,274
1.0438194,1,23,4095,274
2.0362748,1,33,31,274
1.7178493,1,21,4095,274
1.0082594,1,64,4095,274
0.65445868,1,57,54,274
2.0365798,1,35,33,274
1.4831044,1,52,4095,274
1.186733,1,53,4095,274
0,1,50,47,274
1.2735556,1,23,4095,274
0.56126807,1,30,4095,274
1.9617468,1,39,4095,274
1.9361926,1,15,4095,274
2.2164836,1,36,4095,274
2.0994052,1,16,4095,274
0.5952877,1,55,52,274
0.53164298,1,16,12,274
0.76105085,1,13,4095,274
1.0974826,1,41,4095,274
1.8914674,1,43,4095,274
0.79500313,1,26,4095,274
1.6434251,1,59,4095,274
0.99540377,1,19,4095,274
1.5633554,1,19,4095,274
1.4707542,1,57,4095,274
1.5587419,1,49,4095,274
1.7113458,1,45,4095,274
0.93464393,1,23,4095,274
0.39421642,1,30,4095,274
1.4683863,1,15,4095,274
0,1,63,4095,274
1.0617725,1,21,4095,274
1.1037225,1,39,4095,274
1.0189297,1,33,30,274
1.1873965,1,47,44,274
0,1,45,4095,274
1.1628152,1,20,4095,274
1.0596956,1,22,20,274
1.7627218,1,12,9,274
0.50150118,1,11,4095,274
1.6449553,1,8,5,274
1.4935453,1,47,4095,274
1.3792059,1,21,4095,274
0.45476165,1,16,13,274
1.2760282,1,26,4095,274
1.6200331,1,18,4095,274
0.66229993,1,44,47,274
1.8637991,1,44,4095,274
1.4020614,1,27,4095,274
1.0969062,1,22,4095,274
0.42462758,1,18,4095,274
0.71830605,1,22,4095,274
0.66378872,1,59,4095,274
0.51077158,1,12,4095,274
0.7524676,1,39,37,274
1.5132778,1,34,32,274
1.3440495,1,17,4095,274
1.5997869,1,33,4095,274
0.33422,1,45,4095,274
2.0730436,1,48,44,274
1.5814811,1,17,4095,274
1.6464149,1,48,45,274
0.1063017,1,54,51,274
2.2342891,1,73,4095,274
0.7174563,1,37,35,274
0.03020725,1,46,42,274
1.2826033,1,30,28,274
2.0499791,1,12,4095,274
0.8524647,1,23,4095,274
0.80303625,1,39,4095,274
0.60783518,1,7,4095,274
2.1152629,1,15,12,274
2.1549186,1,18,4095,274
0.37649763,1,60,57,274
0.26218548,1,56,4095,274
1.262744,1,41,4095,274
0.77571607,1,40,37,274
0.379988,1,28,4095,274
0.06944165,1,20,4095,274
0.37067897,1,37,35,274
0,1,31,4095,274
1.9166104,1,33,4095,274
0.7415241,1,25,4095,274
0.42087867,1,31,4095,274
1.4284293,1,40,4095,274
0.73162152,1,42,4095,274
1.3852059,1,30,4095,274
0.96745947,1,24,4095,274
0.85604273,1,11,4095,274
0.79066843,1,24,4095,274
1.1954039,1,19,17,274
1.0218951,1,25,4095,274
0,1,29,4095,274
0.5093145,1,68,64,274
0.44832005,1,34,4095,274
1.0411792,1,36,4095,274
1.1148611,1,46,42,274
0.9768702,1,19,4095,274
1.8605333,1,33,32,274
0.14774752,1,33,31,274
0.699138,1,28,4095,274
0.3687144,1,39,4095,274
0.46118065,1,59,56,274
0,1,11,4095,274
0.53655263,1,36,34,274
0.64033272,1,59,4095,274
2.0089364,1,16,4095,274
2.2366281,1,36,4095,274
1.8506881,1,38,4095,274
1.7964675,1,50,46,274
1.8260673,1,30,4095,274
1.6115693,1,38,4095,274
0.18565683,1,39,4095,274
1.148571,1,30,28,274
1.4062684,1,57,4095,274
0.6868855,1,18,4095,274
0.92688638,1,24,4095,274
1.9432057,1,39,37,274
0,1,14,4095,274
1.5251636,1,47,43,274
1.6854229,1,60,4095,274
0.54091532,1,16,13,274
1.0351843,1,47,4095,274
2.2514413,1,33,4095,274
0.005299225,1,20,4095,274
1.8856752,1,32,37,274
0,1,23,4095,274
2.02482,1,24,22,274
0.83056032,1,21,4095,274
1.4654851,1,25,4095,274
0.22518095,1,14,4095,274
1.5472641,1,13,4095,274
0.3814125,1,21,4095,274
1.9326487,1,20,18,274
0.046597125,1,34,4095,274
1.4824262,1,9,4095,274
2.0578581,1,33,4095,274
2.0202387,1,13,4095,274
1.9346858,1,19,4095,274
0.42994375,1,58,4095,274
0.33933422,1,20,4095,274
0,1,48,4095,274
0.36680258,1,34,4095,274
0,1,32,4095,274
0.7957863,1,25,23,274
1.6164112,1,60,4095,274
1.3884891,1,16,4095,274
0.2164633,1,14,4095,274
0,1,60,4095,274
0.65823755,1,22,20,274
0.16958583,1,29,27,274
0.14212883,1,33,4095,274
0.43669612,1,52,4095,274
0.030633025,1,15,4095,274
0.36506115,1,16,4095,274
0,1,46,4095,274
1.8853168,1,34,4095,274
0,1,43,4095,274
1.6489266,1,48,4095,274
0.73514343,1,22,4095,274
0.5838878,1,24,4095,274
1.3346062,1,32,4095,274
0.60129535,1,68,4095,274
0.5072823,1,37,4095,274
0.3358837,1,36,4095,274
0,1,16,4095,274
0.80167212,1,28,4095,274
0.34351142,1,16,4095,274
0.13184778,1,55,4095,274
2.0843926,1,25,4095,274
0.46435692,1,59,4095,274
1.9656978,1,15,4095,274
0.90279663,1,43,4095,274
0.42986438,1,39,4095,274
0.80430015,1,65,4095,274
1.4162134,1,16,4095,274
2.2322839,1,21,4095,274
0.85812778,1,27,4095,274
0.3354602,1,28,4095,274
1.1522406,1,55,4095,274
1.001003,1,60,57,274
0.9215867,1,27,25,274
0.3977811,1,61,4095,274
0.53687403,1,38,4095,274
1.2219289,1,70,4095,274
2.0273182,1,22,19,274
0.58833912,1,57,4095,274
1.6815789,1,15,4095,274
1.4209927,1,8,4095,274
1.4274781,1,38,4095,274
1.156077,1,64,61,274
2.2007431,1,49,4095,274
1.2823275,1,12,4095,274
1.2992611,1,63,4095,274
0.31849555,1,55,4095,274
0.68451222,1,41,4095,274
2.2411024,1,26,24,274
0.48359222,1,59,4095,274
2.180456,1,45,42,274
0.6189642,1,35,33,274
0.17077397,1,43,40,274
1.9920482,1,13,4095,274
1.1893126,1,28,26,274
0.009713425,1,49,4095,274
0.61579225,1,25,4095,274
2.027394,1,55,4095,274
1.3209986,1,15,4095,274
0.33256645,1,10,6,274
0.65936938,1,53,50,274
2.1505541,1,57,4095,274
0.05121005,1,54,51,274
0.64658195,1,18,15,274
0.096557175,1,37,4095,274
0.24633992,1,32,4095,274
0.15801613,1,49,46,274
0,1,39,4095,274
0.83088138,1,22,20,274
1.8585426,1,44,4095,276
0.38176745,1,37,4095,276
1.9801878,1,39,4095,276
1.679555,1,61,58,276
0.59461513,1,26,4095,276
0.41941385,1,17,4095,276
0.5597523,1,10,4095,276
0.98251118,1,36,4095,276
0.83583072,1,35,32,276
0.65157798,1,63,61,276
0.91133878,1,23,4095,276
1.297359,1,30,4095,276
0.10711845,1,29,4095,276
0.33539845,1,27,4095,276
2.1822408,1,60,4095,276
0.9212166,1,45,41,276
2.1394011,1,20,4095,276
0.573314,1,30,4095,276
1.3037122,1,39,4095,276
2.2049528,1,67,64,276
0.84593718,1,57,4095,276
1.998797,1,18,4095,276
0.39037603,1,32,30,276
0.50544782,1,39,4095,276
2.1320051,1,31,4095,276
0.70814857,1,23,4095,276
0.036452975,1,64,4095,276
2.2095884,1,20,18,276
1.0846911,1,22,4095,276
0.9714611,1,38,4095,276
0.74718927,1,44,4095,276
1.5531644,1,19,4095,276
0.041761975,1,27,4095,276
0.32596285,1,10,4095,276
2.0585305,1,72,69,276
0.22140287,1,19,4095,276
0.028563075,1,36,4095,276
1.6194443,1,10,4095,276
0.46436595,1,33,31,276
1.3553289,1,22,20,276
1.2437722,1,9,4095,276
0.33635765,1,21,4095,276
1.8493982,1,26,4095,276
0.81558663,1,11,8,276
1.2882932,1,13,10,276
1.9401306,1,50,47,276
1.8234398,1,9,4095,276
0.87083585,1,17,4095,276
0.21575488,1,55,4095,276
1.8552152,1,29,4095,276
1.8697239,1,21,19,276
1.2305767,1,21,19,276
0,1,60,4095,276
0,1,34,4095,276
0.23803223,1,17,14,276
1.114876,1,13,4095,276
2.1410131,1,33,31,276
1.9395061,1,24,21,276
1.6291773,1,19,4095,276
0.22250395,1,61,4095,276
1.6449901,1,20,4095,276
1.4339941,1,37,35,276
0.65321807,1,22,4095,276
1.3694296,1,37,4095,276
0,1,24,4095,276
1.6623209,1,21,4095,276
0.65145202,1,32,4095,276
0,1,64,4095,276
0.4022345,1,29,4095,276
1.8862054,1,15,12,276
1.0473184,1,20,4095,276
1.8621144,1,47,4095,276
1.354936,1,56,4095,276
0.68193168,1,32,4095,276
1.6149997,1,13,4095,276
0.93808995,1,32,4095,276
1.7869351,1,19,4095,276
0.38437718,1,54,51,276
0,1,40,255,276
0.97153595,1,10,4095,276
0,1,56,4095,276
0.1056769,1,57,4095,276
1.3995329,1,15,4095,276
1.8267376,1,60,4095,276
1.0028272,1,30,28,276
1.5304069,1,60,953,276
0,1,27,4095,276
0.14009745,1,20,18,276
1.2630457,1,52,49,276
2.2102067,1,9,4095,276
1.5816728,1,11,4095,276
0.37579297,1,20,4095,276
0,1,42,4095,276
1.9451966,1,50,4095,276
2.0295754,1,11,4095,276
0.48857875,1,23,4095,276
1.5074648,1,46,4095,276
0.6592665,1,52,4095,276
0.14287312,1,66,4095,276
0.18572365,1,39,4095,276
0.40666258,1,19,4095,276
0,1,33,4095,276
0.89913375,1,65,62,276
2.0825349,1,38,4095,276
1.6516066,1,22,4095,276
1.2702679,1,15,4095,276
0,1,32,4095,276
0,1,16,255,276
1.5972842,1,58,4095,276
1.4111171,1,39,4095,276
1.3198323,1,63,60,276
1.3217632,1,28,4095,276
0.7454252,1,13,4095,276
0.1810649,1,47,43,276
7e-07,1,12,10,276
1.4150324,1,17,4095,276
2.0894982,1,72,70,276
1.3037526,1,18,16,276
1.5491496,1,19,16,276
1.6984025,1,42,4095,276
0.60274793,1,27,4095,276
0.7465726,1,64,4095,276
0.62148947,1,18,4095,276
1.5386751,1,40,40,276
1.1791217,1,43,4095,276
0.42833453,1,32,30,276
1.2255144,1,40,37,276
0.20351317,1,45,42,276
0.46151585,1,34,4095,276
1.4600265,1,7,4095,276
0.02378025,1,26,0,276
1.523332,1,45,43,276
1.3593343,1,9,6,276
1.855719,1,68,65,276
1.5310019,1,18,17,276
0.31578995,1,19,4095,276
0.35462205,1,28,4095,276
1.9745797,1,11,4095,276
1.2775484,1,13,4095,276
1.1901327,1,22,4095,276
1.5985747,1,29,4095,276
2.1161483,1,25,4095,276
1.8223909,1,71,68,276
1.8137163,1,40,4095,276
1.9206194,1,24,4095,276
0.4670918,1,56,52,276
0.1348313,1,54,51,276
0,1,31,4095,276
1.7022483,1,31,29,276
2.0745568,1,44,4095,276
1.2038398,1,51,4095,276
2.1891101,1,12,8,276
1.2748773,1,12,4095,276
1.6741845,1,18,4095,276
0,1,16,13,276
0.90628943,1,18,4095,276
1.4718739,1,15,4095,276
0.2198382,1,33,4095,276
0.95451328,1,11,4095,276
1.5418932,1,25,4095,276
0.0872347,1,64,4095,276
0.31791643,1,22,30,276
0.90744607,1,42,4095,276
1.2533031,1,53,4095,276
0.52891105,1,17,2880,276
1.1925305,1,23,4095,276
0.94602595,1,13,10,276
0.27918753,1,71,68,276
1.2604604,1,23,22,276
0.31537005,1,31,29,276
0.70860722,1,37,4095,276
1.0427232,1,18,15,276
1.8816401,1,64,4095,276
0.9157159,1,14,12,276
1.3227443,1,56,52,276
0,1,8,4095,276
1.8286858,1,54,4095,276
0.33511872,1,61,57,276
1.0447402,1,53,50,276
2.0701642,1,22,4095,276
0.52084663,1,33,4095,276
1.4806582,1,67,64,276
1.3863009,1,17,15,276
1.0654315,1,51,4095,276
1.3996366,1,36,4095,276
0.8664419,1,45,42,276
1.8949889,1,17,4095,276
1.6020279,1,61,58,276
0.000102575,1,58,4095,276
0.9293122,1,22,4095,276
1.1881673,1,45,4095,276
0.92964863,1,21,4095,276
0.32556618,1,15,12,276
0.1206814,1,59,4095,276
0.91926588,1,10,7,276
0.9948126,1,40,4095,276
0,1,62,4095,276
0.0317711,1,24,4095,276
0.11049568,1,37,4095,276
1.1947305,1,16,4095,276
1.3619134,1,21,19,276
2.1449179,1,25,4095,276
1.2034508,1,47,4095,276
0.4247745,1,30,4095,276
0.6134802,1,43,4095,276
0.55119135,1,33,31,276
0,1,9,4095,276
1.4113857,1,13,10,276
1.3999496,1,18,16,276
1.2800676,1,16,4095,276
1.1068288,1,45,42,276
1.6505579,1,42,4095,276
0.283885,1,57,54,276
0.52264435,1,60,56,276
0.76619685,1,14,4095,276
1.4844914,1,30,28,276
0,1,11,7,276
2.1372011,1,41,39,276
1.1017891,1,24,4095,276
1.0037779,1,34,31,276
0.0284004,1,54,51,276
1.8561273,1,36,33,276
1.034534,1,50,47,276
0.33634697,1,53,50,276
1.7518758,1,12,4095,276
1.2742164,1,21,4095,276
1.3942706,1,14,4095,276
0.10155617,1,42,4095,276
1.4618764,1,30,4095,276
0.5351682,1,30,4095,276
1.4974016,1,19,4095,276
0.5538782,1,26,4095,276
0.45854115,1,46,43,276
0.85588015,1,38,35,276
1.4332553,1,17,4095,276
2.0144493,1,68,65,276
1.0022148,1,41,4095,276
1.8725336,1,36,34,276
0.34598305,1,33,4095,276
1.7644035,1,16,4095,276
0.83743837,1,58,4095,276
1.9335271,1,15,12,276
0.38591942,1,58,55,276
1.3735353,1,23,4095,276
0.3957019,1,37,4095,276
1.6003897,1,36,4095,276
1.0172016,1,31,4095,276
0.40295988,1,32,4095,276
0.00776755,1,19,4095,276
1.1577594,1,38,36,276
0,1,36,34,276
0.47011565,1,68,64,276
0.89981472,1,45,4095,276
1.8589391,1,22,19,276
1.3476622,1,43,40,276
0.8262262,1,14,4095,276
3.25e-07,1,22,4095,276
0.38366325,1,15,12,276
0.53797038,1,18,4095,276
1.2133334,1,9,6,276
2.0022385,1,52,48,276
2.0481161,1,65,62,276
2.1076454,1,20,18,276
2.1277413,1,66,4095,276
2.0526235,1,49,46,276
1.2146479,1,26,4095,276
1.2185956,1,43,4095,276
0.27075708,1,18,4095,276
0,1,23,4095,276
0.5158294,1,23,4095,276
1.1002308,1,58,4095,276
1.9627294,1,74,71,276
1.3743467,1,32,4095,276
1.7965866,1,54,51,276
0.67674545,1,25,4095,276
1.8256586,1,52,49,276
2.0060214,1,59,4095,276
1.4048624,1,60,4095,276
0.34147083,1,29,4095,276
0.6941528,1,38,4095,276
2.2461539,1,51,4095,276
1.4044524,1,34,4095,276
0.21741915,1,52,4095,276
1.2104621,1,27,4095,276
1.5874329,1,37,4095,276
1.6575334,1,42,39,276
0,1,47,4095,276
2.2344336,1,15,11,276
1.3267509,1,15,4095,276
1.6342801,1,27,25,276
1.3908271,1,16,12,276
1.10847,1,33,4095,276
1.7894316,1,26,4095,276
2.1221047,1,18,4095,276
0.55601785,1,14,4095,276
0.99408513,1,56,53,276
2.0752215,1,26,4095,276
1.6336987,1,26,4095,276
0.306481,1,24,4095,276
1.9331543,1,30,29,276
1.6650568,1,12,4095,276
1.7070776,1,28,27,276
0.038766725,1,33,4095,276
1.6042842,1,28,26,276
1.2849826,1,12,4095,276
1.1788007,1,13,9,276
1.1478991,1,27,4095,276
2.0842563,1,34,4095,276
1.657137,1,27,26,276
1.9682588,1,45,41,276
1.4722919,1,37,4095,276
0.28074685,1,21,19,276
1.0610391,1,12,8,276
1.9698486,1,11,4095,276
1.3756123,1,24,21,276
0.38564735,1,34,33,276
1.4466769,1,27,25,276
1.8069406,1,14,4095,276
1.2280528,1,49,2095,276
1.5349697,1,53,4095,276
0.12558868,1,36,4095,276
0.48355603,1,34,4095,276
1.6585828,1,31,4095,276
2.0349303,1,19,4095,276
0.3130153,1,64,61,276
0.95718693,1,25,4095,276
0.2257685,1,16,13,276
1.6167611,1,27,25,276
0.2101459,1,21,4095,276
0.63297165,1,21,4095,276
0.87944695,1,12,9,276
0.13119492,1,13,4095,276
2.2328736,1,19,4095,276
1.336499,1,14,4095,276
1.0673877,1,35,4095,276
0.078777375,1,20,18,276
0,1,11,4095,276
2.1529915,1,19,4095,276
0.7507165,1,44,41,276
0.16607838,1,20,17,276
0.0800003,1,22,20,276
0.9392102,1,17,4095,276
0.23711837,1,66,4095,276
1.0359223,1,57,4095,276
0.014375825,1,36,34,276
1.9343067,1,26,4095,276
1.8214824,1,16,4095,276
0.37220553,1,59,4095,276
0,1,12,4095,276
1.2387371,1,10,4095,276
1.8967242,1,43,4095,276
1.7125827,1,28,26,276
0.5906889,1,39,4095,276
1.4144036,1,24,4095,276
0.028178525,1,21,20,276
0.48697242,1,21,19,276
1.0127968,1,51,4095,276
0.52423122,1,22,19,276
0.3736253,1,50,47,276
2.1640607,1,58,4095,276
1.1496172,1,32,4095,276
2.1614747,1,11,8,276
0.09746455,1,40,4095,276
2.0829463,1,50,48,276
0.14176002,1,18,4095,276
1.3887121,1,36,4095,276
0.24114563,1,48,4095,276
0.38722755,1,21,20,276
0.19815755,1,32,4095,276
1.953906,1,18,15,276
0,1,61,255,276
0.68436283,1,11,4095,276
1.9875634,1,29,27,276
0.24814308,1,63,4095,276
0,1,44,4095,276
0.5765835,1,23,4095,276
1.2679129,1,29,72,276
1.6077343,1,66,4095,276
0.56979005,1,51,4095,276
0.174631,1,24,4095,276
1.1323967,1,26,4095,276
1.7390844,1,49,4095,276
0.66218075,1,60,56,276
2.2210054,1,50,46,276
0.41982345,1,16,4095,276
1.2593195,1,36,4095,276
1.7231282,1,29,4095,276
0.20398648,1,13,4095,276
1.6047554,1,32,4095,276
0.70761995,1,38,36,276
0.01774755,1,45,0,276
1.4518909,1,19,16,276
1.061386,1,51,48,276
2.0032718,1,49,46,276
2.1496148,1,66,4095,276
0.67261925,1,18,4095,276
0.94365082,1,13,4095,276
1.8573497,1,50,4095,276
0,1,22,4095,276
2.1930558,1,38,4095,276
1.1216983,1,25,4095,276
2.1008949,1,36,4095,276
1.0694177,1,61,4095,276
0.01016165,1,59,4095,276
1.2963909,1,18,4095,276
1.8946714,1,60,4095,276
1.700898,1,13,4095,276
1.9342071,1,37,4095,276
2.2304876,1,46,4095,276
1.1839693,1,15,4095,276
0.5547058,1,13,4095,276
2.0817512,1,18,4095,276
1.2283024,1,31,4095,278
1.2239311,1,23,21,278
1.3925389,1,25,4095,278
2.0644695,1,46,4095,278
0.70684813,1,62,4095,278
1.0640813,1,18,16,278
0.31004045,1,36,4095,278
0.018768175,1,65,63,278
2.0926818,1,33,4095,278
2.1286678,1,32,4095,278
1.8508216,1,21,4095,278
0.82495513,1,22,20,278
1.0538438,1,15,4095,278
1.3209465,1,23,4095,278
1.9685614,1,22,20,278
1.7471381,1,18,17,278
0.22035613,1,52,4095,278
1.7716167,1,60,4095,278
2.1692991,1,56,4095,278
1.8613285,1,35,33,278
1.3768702,1,55,4095,278
2.2104239,1,27,4095,278
0.8481208,1,53,4095,278
0.48094772,1,54,50,278
2.1553501,1,14,4095,278
2.0382158,1,12,4095,278
0.5779404,1,12,9,278
0.2605067,1,56,4095,278
1.9759851,1,19,4095,278
1.749045,1,52,49,278
1.3107022,1,53,4095,278
1.6388256,1,68,4095,278
0.32373525,1,12,4095,278
2.0459514,1,31,4095,278
0.60209607,1,27,26,278
1.7454554,1,53,4095,278
1.8201109,1,33,4095,278
0.28076038,1,35,4095,278
0.48060507,1,45,4095,278
2.1459664,1,49,4095,278
0.566936,1,22,4095,278
1.4741306,1,32,4095,278
1.0098748,1,28,26,278
2.222129,1,23,4095,278
0,1,16,4095,278
1.6089346,1,21,4095,278
0.0542753,1,32,4095,278
0.59370333,1,27,26,278
1.971336,1,12,9,278
0.07242285,1,37,35,278
1.0480545,1,37,36,278
0.30473792,1,31,4095,278
1.1465752,1,30,28,278
1.0249147,1,45,4095,278
0.96451602,1,24,4095,278
0.3959539,1,27,4095,278
0.27436135,1,25,23,278
0.27942225,1,23,21,278
0.2877842,1,58,4095,278
0,1,62,4095,278
0.88726418,1,46,43,278
1.0728818,1,49,4095,278
0.59443505,1,18,4095,278
1.1379781,1,37,4095,278
0.52202572,1,35,4095,278
0,1,9,4095,278
0.95143332,1,49,46,278
0.48457528,1,48,45,278
0,1,10,4095,278
1.9508177,1,54,4095,278
0.16223458,1,11,8,278
1.0797359,1,73,71,278
0.5906685,1,54,4095,278
0.46316342,1,15,12,279
0.3468126,1,16,14,279
0.48297763,1,26,24,279
0.76983475,1,67,63,279
1.1259509,1,43,4095,279
0.61899285,1,23,4095,279
0.4780319,1,10,4095,279
1.4985211,1,66,63,279
1.5366999,1,53,51,279
1.5294326,1,53,4095,279
1.9782175,1,18,4095,279
1.9550034,1,47,44,279
1.0092725,1,39,3501,279
0.6674357,1,39,37,279
0.2446502,1,33,4095,279
1.7303154,1,21,4095,279
1.9367927,1,52,4095,279
0.83648457,1,34,4095,279
1.764044,1,30,4095,279
1.7886864,1,51,4095,279
0.86946607,1,18,4095,279
1.2885009,1,59,4095,279
1.6701141,1,12,9,279
1.5054261,1,22,20,279
0.64999495,1,18,4095,279
0.40917072,1,55,4095,279
0.77163922,1,29,27,279
2.0353396,1,28,4095,279
0.3029761,1,28,4095,279
1.0024512,1,36,4095,279
2.0312626,1,56,4095,279
1.3488136,1,15,12,279
0.14595502,1,30,28,279
0.323289,1,25,4095,279
0.63401503,1,33,4095,279
0.012192625,1,34,32,279
0.01316325,1,49,4095,279
1.7788334,1,63,4095,279
0.248817,1,29,27,279
1.7771261,1,24,4095,279
0.45624278,1,23,22,279
0.67918368,1,39,37,279
1.2782952,1,22,4095,279
0.2043172,1,17,4095,279
0.5455045,1,72,68,279
0.64672188,1,26,4095,279
1.6753546,1,37,4095,279
1.9197566,1,40,37,279
1.0638736,1,9,4095,279
1.1447409,1,45,4095,279
1.4848866,1,20,18,279
1.2762932,1,37,4095,279
0.8233484,1,11,4095,279
1.0871776,1,55,4095,279
0.80482615,1,21,4095,279
1.8406266,1,33,30,279
1.8912961,1,25,4095,279
0.32849492,1,45,4095,279
0,1,32,4095,279
0.64355025,1,33,4095,279
2.142588,1,53,4095,279
0.0751721,1,33,4095,279
0.44969178,1,17,15,279
0,1,13,4095,279
1.5079208,1,55,52,279
0.97004818,1,54,4095,279
1.0057202,1,18,4095,279
0.3974113,1,38,4095,279
1.3045232,1,37,4095,279
0.71439597,1,26,25,279
1.9034192,1,14,10,279
1.4756605,1,17,4095,279
1.5580136,1,15,4095,279
2.1684346,1,23,4095,279
1.3255775,1,61,4095,279
0.50293355,1,17,4095,279
1.4857575,1,57,55,279
0,1,25,4095,279
1.3952336,1,21,4095,279
1.1341139,1,14,11,279
0.82791465,1,26,4095,279
0,1,42,4095,279
2.1478211,1,54,4095,279
0.5193039,1,58,4095,279
1.6382877,1,25,4095,279
0.46348845,1,48,45,279
1.4632512,1,16,4095,279
1.5014784,1,58,4095,279
1.6019328,1,29,27,279
0.007064875,1,29,0,279
0.3512833,1,18,16,279
1.4932505,1,33,4095,279
0.25758923,1,67,4095,279
0.18683817,1,16,4095,279
1.5836889,1,34,31,279
0.18385028,1,24,4095,279
2.2019055,1,21,18,279
0.95889565,1,48,45,279
1.8288748,1,31,4095,279
0,1,39,4095,279
1.1692923,1,60,58,279
1.9688907,1,27,4095,279
0.99561773,1,39,4095,279
0.3414909,1,23,4095,279
0.41748865,1,17,14,279
0.24116433,1,23,4095,279
0.70768505,1,63,4095,279
1.3930014,1,22,20,279
1.9638448,1,48,4095,279
2.0223495,1,49,4095,279
0.7311345,1,52,4095,279
0.708321,1,17,14,279
0.057419225,1,50,4095,279
1.216098,1,56,4095,279
0.004254975,1,19,0,279
1.85039,1,14,4095,279
0.36580747,1,14,4095,279
0.0632297,1,32,4095,279
0.6116749,1,56,4095,279
0.5848028,1,67,65,279
0.77637618,1,44,4095,279
2.064365,1,47,4095,279
0.9770832,1,22,4095,279
2.206037,1,63,4095,279
0,1,36,4095,279
1.5774168,1,59,4095,279
0.00911895,1,43,4095,279
1.1415592,1,58,4095,279
1.4033785,1,18,4095,279
2.2136426,1,28,4095,279
0.94947505,1,11,4095,279
2.0333312,1,21,4095,279
0.064208925,1,13,4095,279
1.6096093,1,43,4095,279
1.4721983,1,53,4095,279
0.78532453,1,9,6,279
1.269516,1,24,21,279
0,1,10,4095,279
1.195742,1,17,4095,279
1.5604393,1,48,4095,279
0.51582995,1,45,4095,279
1.2445149,1,16,4095,279
0.91056598,1,21,4095,279
0,1,48,0,279
1.5092624,1,16,4095,279
2.1501267,1,60,4095,279
0.28174375,1,33,31,279
1.0653585,1,16,4095,279
0.73960205,1,37,35,279
0.85707972,1,60,58,279
1.1385989,1,57,4095,279
0.93662478,1,57,4095,279
1.2345286,1,23,21,279
1.8864285,1,58,54,279
0.36038228,1,55,4095,279
1.1510732,1,23,22,279
1.217069,1,65,4095,279
0.03990685,1,12,8,279
1.5082781,1,15,12,279
0.62947493,1,61,4095,279
1.2435323,1,37,4095,279
1.3763761,1,46,43,279
0.30566558,1,51,4095,279
0.02344805,1,33,31,279
1.9446789,1,17,14,279
2.1949258,1,18,4095,279
0.2429235,1,43,4095,279
0.44304167,1,43,4095,279
0.98880222,1,37,35,279
1.31564,1,23,4095,279
1.4736509,1,70,4095,279
1.8751642,1,27,4095,279
0.44918938,1,37,4095,279
1.0772229,1,10,4095,279
0.52951965,1,44,40,279
0.23567702,1,36,4095,279
2.2358978,1,55,4095,279
1.4922912,1,19,18,279
0.7136248,1,40,38,279
0.42076328,1,15,4095,279
1.2468855,1,14,4095,279
0.1664307,1,17,4095,279
0.92042085,1,55,4095,279
0.8439433,1,30,4095,279
0.3104636,1,26,4095,279
1.084502,1,31,4095,279
1.0227663,1,13,4095,279
2.2448275,1,21,4095,279
1.341216,1,9,4095,279
0.72043572,1,63,59,279
0.67457963,1,51,4095,279
0.46885573,1,19,4095,279
0.68476947,1,30,4095,279
1.0195252,1,15,4095,279
0.38856143,1,8,4095,279
1.0716249,1,59,56,279
0.7172866,1,37,4095,279
0.4769861,1,14,4095,279
0,1,53,4095,279
1.1883658,1,46,43,279
0.74725145,1,70,66,279
1.8243166,1,7,4,279
0.2444628,1,26,4095,279
0,1,48,4095,279
2.2160116,1,52,4095,279
1.654813,1,33,4095,279
1.0049592,1,46,4095,279
1.6527866,1,12,4095,279
1.5304599,1,13,4095,281
0.52747948,1,12,4095,281
0.4808994,1,29,4095,281
1.2117081,1,36,4095,281
0,1,32,4095,281
0,1,24,22,281
0.97336937,1,33,4095,281
0.47029828,1,57,54,281
0.19443665,1,40,4095,281
0.4449701,1,31,4095,281
1.8632403,1,28,4095,281
1.5171242,1,24,22,281
0.67627482,1,59,4095,281
1.1739371,1,14,11,281
0.73327772,1,38,4095,281
0.31135285,1,43,4095,281
1.7116209,1,32,29,281
1.2152479,1,48,4095,281
0.7021556,1,58,4095,281
1.5636895,1,43,4095,281
1.8862988,1,27,4095,281
0.69567932,1,26,24,281
2.1881411,1,28,4095,281
1.8472801,1,47,4095,281
1.1443945,1,33,4095,281
0.70986093,1,52,49,281
0.70020515,1,49,4095,281
1.4395458,1,21,4095,281
2.1051975,1,36,4095,281
1.2848786,1,34,4095,281
0,1,58,4095,281
0.1327681,1,30,4095,281
0.3913817,1,41,4095,281
0.94124018,1,21,19,281
0.7049294,1,25,4095,281
1.2840925,1,17,4095,281
1.8716044,1,25,4095,281
0.11094437,1,43,4095,281
1.1817739,1,28,4095,281
1.9227952,1,62,4095,281
1.0619906,1,43,4095,281
1.7524397,1,47,4095,281
2.0670616,1,13,4095,281
0.53420257,1,46,43,281
0.003528625,1,28,4095,281
0.25649288,1,47,4095,281
1.3126597,1,23,21,281
0.91413132,1,16,4095,281
0.12279495,1,56,4095,281
0.47221965,1,17,14,281
1.1460756,1,64,61,281
0.14809725,1,50,4095,281
1.7408234,1,59,4095,281
1.0444065,1,33,31,281
0.51723328,1,32,4095,281
1.9758548,1,18,4095,281
1.8382741,1,38,4095,281
0.722537,1,57,4095,281
0.5467466,1,20,4095,281
0.67109677,1,57,4095,281
1.5432539,1,44,4095,281
2.1526023,1,14,11,281
0.31776442,1,17,4095,281
1.9233924,1,10,4095,281
2.2247094,1,47,4095,281
1.9031562,1,13,10,281
1.2583339,1,27,4095,281
1.0199537,1,20,18,281
2.0508874,1,28,4095,281
0.73398803,1,65,4095,281
0.59828585,1,28,26,281
0.66785025,1,45,4095,281
1.6972794,1,30,4095,281
1.8590411,1,11,8,281
0.4528117,1,67,4095,281
0,1,19,255,281
1.7175975,1,25,23,281
1.6326246,1,33,4095,281
1.3101904,1,21,4095,281
1.5586998,1,39,37,281
2.1785281,1,18,4095,281
1.3415939,1,30,4095,281
0,1,61,4095,281
1.0148677,1,49,46,281
0.97455257,1,30,4095,281
0.037126575,1,57,4095,281
0.45384105,1,17,4095,281
3.5e-07,1,16,4095,281
0.38490992,1,50,4095,281
1.5181418,1,30,4095,281
1.0182434,1,26,4095,281
0.79695543,1,26,4095,281
1.0907954,1,24,4095,281
1.3820349,1,19,4095,281
1.3604033,1,66,63,281
0.76057897,1,16,4095,281
1.2298787,1,17,4095,281
1.0656334,1,26,4095,281
0.011201525,1,16,4095,281
0.87512675,1,39,4095,281
1.0011216,1,55,52,281
1.0203278,1,14,4095,281
2.1867562,1,40,4095,281
0,1,39,4095,281
0.35838553,1,26,4095,281
0.002479625,1,12,0,281
0.26894858,1,16,13,281
0.47982058,1,22,4095,281
1.1324302,1,20,4095,281
1.1275299,1,36,34,281
1.0934254,1,60,57,281
2.2591516,1,67,4095,281
0.13337608,1,40,37,281
1.4809153,1,22,20,281
1.9528974,1,41,4095,281
0.089466825,1,59,56,281
1.7420105,1,36,4095,281
1.6292637,1,19,17,281
1.910572,1,42,4095,281
0.5098405,1,14,4095,281
0.66791455,1,10,4095,281
0.57689577,1,68,4095,281
0.2003552,1,48,4095,281
1.9931497,1,54,4095,281
1.8119454,1,17,4095,281
1.2208091,1,19,4095,281
0.414335,1,26,4095,281
0.3706142,1,42,39,281
1.5976488,1,34,4095,281
1.4295578,1,62,4095,281
0.86465765,1,20,18,281
0.17842663,1,8,4095,281
1.2245769,1,16,4095,281
2.1830007,1,34,4095,281
2.2218677,1,19,4095,281
2.024389,1,32,4095,281
0.91113413,1,10,7,281
0.36335592,1,11,8,281
1.9467584,1,35,32,281
2.1614927,1,22,4095,281
0.07191355,1,53,50,281
0,1,47,4095,281
1.3200889,1,38,4095,281
0.94498895,1,19,17,281
0.28366122,1,72,70,281
1.1525792,1,46,4095,281
0.57486785,1,36,4095,281
0.60752135,1,32,4095,281
1.3118354,1,35,4095,281
1.9003996,1,14,4095,281
0,1,23,4095,281
0.26383862,1,50,4095,281
0.3161254,1,26,4095,281
0.73298618,1,23,22,281
0,1,41,4095,281
0.57661085,1,15,4095,281
0,1,39,4095,281
0.0573535,1,14,4095,281
0.70358818,1,15,11,281
0.33557955,1,42,4095,281
2.19455,1,35,33,281
1.3727447,1,59,4095,281
0.64609098,1,26,4095,281
1.6151697,1,58,4095,281
2.1639472,1,16,4095,281
0.92808445,1,50,46,281
0.92488823,1,15,4095,281
0.4422232,1,33,33,281
1.0129987,1,63,4095,281
0.16110183,1,49,4095,281
0.82686555,1,42,4095,281
0.77052752,1,41,4095,281
0.10904405,1,57,4095,281
0.0407229,1,62,4095,281
2.2165188,1,24,4095,281
0.10902673,1,32,4095,281
1.0902328,1,24,4095,281
0.11855607,1,55,4095,281
0.35020717,1,40,4095,281
0.22233773,1,14,4095,281
0.037469775,1,22,20,281
0.4283061,1,18,4095,281
1.6681388,1,46,4095,281
0.21486447,1,18,4095,281
1.3029257,1,16,13,281
0.61540565,1,42,4095,281
2.10715,1,22,4095,281
0.19380025,1,39,4095,281
1.9341116,1,40,4095,281
1.7327963,1,40,37,281
0,1,13,10,281
0.12399323,1,22,4095,281
0,1,34,32,281
0.91444535,1,67,4095,281
0.17627338,1,50,4095,281
1.4746353,1,12,4095,281
0.38279295,1,25,4095,281
0.40111917,1,28,4095,281
0.11793138,1,30,4095,281
1.8152756,1,52,49,281
1.5300042,1,41,4095,283
0.71467137,1,61,4095,283
2.1244203,1,20,18,283
0.84323675,1,30,28,283
1.3154608,1,39,4095,283
0.11019627,1,64,4095,283
0.38252558,1,21,4095,283
0,1,64,4095,283
0.06020005,1,22,4095,283
0.74904215,1,43,4095,283
0.18473858,1,26,4095,283
1.7266545,1,36,4095,283
0.16137515,1,18,4095,283
1.2260762,1,23,4095,283
0.5686722,1,24,4095,283
0.084324375,1,42,4095,283
1.1479322,1,13,11,283
0.94719332,1,15,12,283
1.1507776,1,25,23,283
0.76400338,1,61,58,283
1.0517284,1,18,4095,283
1.4993672,1,23,4095,283
1.74269,1,46,4095,283
1.9447955,1,42,40,283
1.7149927,1,32,4095,283
0.8304402,1,38,4095,283
0,1,25,4095,283
0,1,52,4095,283
0.26816937,1,30,4095,283
0.71632465,1,57,54,283
0.79097052,1,51,4095,283
0.061876975,1,25,4095,283
1.5173221,1,78,74,283
0.85231808,1,36,4095,283
2.0281418,1,13,10,283
0.28996827,1,37,36,283
0.60765715,1,25,4095,283
0,1,24,22,283
1.4656737,1,28,25,283
0.009538,1,19,4095,283
0.96465043,1,20,4095,283
0.50068125,1,37,35,283
0.46449955,1,23,4095,283
0.7148793,1,30,4095,283
1.6994261,1,26,4095,283
0.47949235,1,28,4095,283
0.12504355,1,17,4095,283
0,1,58,4095,283
1.4610547,1,23,4095,283
0.256368,1,19,17,283
2.1139384,1,23,4095,283
1.3425612,1,18,4095,283
1.207337,1,38,4095,283
2.014325,1,14,11,283
1.5354208,1,19,4095,283
0.68451887,1,43,4095,283
0.13305863,1,16,4095,283
1.3180988,1,39,4095,283
1.0241128,1,32,37,283
2.1319429,1,27,26,283
1.0822561,1,25,23,283
0.805784,1,26,4095,283
1.7783419,1,49,4095,283
0.5578306,1,39,4095,283
0,1,19,4095,283
0,1,36,4095,283
2.1732583,1,30,4095,283
0.23367,1,38,4095,283
1.0256918,1,55,4095,283
2.1641685,1,51,4095,283
1.8662474,1,20,4095,283
0.38474727,1,19,4095,283
0.13988112,1,55,52,283
1.8822245,1,25,4095,283
0.47029918,1,34,4095,283
0.21864752,1,30,4095,283
1.329602,1,41,4095,283
2.0295715,1,24,4095,283
0.4734526,1,17,4095,283
0.81379697,1,43,4095,283
0.17629295,1,32,35,283
0.1009859,1,38,4095,283
1.8063631,1,47,44,283
1.3177687,1,48,4095,283
1.4058371,1,15,4095,283
0.37007133,1,14,4095,283
1.9646927,1,32,30,283
0.97852468,1,22,20,283
0.83156822,1,90,4095,283
0.67030137,1,36,4095,283
1.6885751,1,53,4095,283
2.2296637,1,18,14,283
0.93688145,1,18,15,283
0.8045382,1,10,6,283
1.5965681,1,13,4095,283
0.87999468,1,19,17,283
0.46187675,1,16,4095,283
0.17329522,1,62,4095,283
0.069382525,1,28,4095,283
0.20954515,1,38,4095,283
2.0839408,1,25,22,283
1.6418285,1,25,4095,283
0.97230482,1,17,14,283
0,1,73,4095,283
1.2136267,1,15,4095,283
0,1,56,255,283
0.52028253,1,67,4095,283
1.4884823,1,65,62,283
1.614098,1,62,59,283
3e-07,1,36,4095,283
1.2097111,1,16,4095,283
0.76201968,1,17,4095,283
0,1,80,4095,283
2.2514775,1,31,4095,283
1.896388,1,58,55,283
0.87233463,1,34,4095,283
1.6576037,1,23,4095,283
0.97521085,1,32,4095,283
0.80987765,1,60,4095,283
0.39239855,1,38,4095,283
0.13746795,1,18,4095,283
0.35801797,1,31,29,283
1.8246028,1,26,4095,283
1.3213777,1,45,4095,283
1.0744741,1,34,4095,283
1.8344134,1,29,4095,283
1.2255618,1,20,4095,283
0.67676135,1,36,34,283
2.2302693,1,32,4095,283
0.2141277,1,46,44,283
0.89445145,1,53,4095,283
1.1593137,1,34,4095,283
1.6669579,1,9,4095,283
1.7865821,1,43,4095,283
0.26599155,1,18,4095,283
0.7795703,1,14,4095,283
0.41056715,1,14,4095,283
0.3785175,1,21,4095,283
1.0804065,1,65,4095,283
0.28335985,1,18,4095,283
0.17663415,1,23,4095,283
1.8362279,1,35,4095,283
0.1427331,1,22,4095,283
0,1,54,4095,283
0.72466132,1,22,4095,283
1.0348988,1,17,4095,283
0.4530807,1,33,4095,283
0.42256552,1,14,4095,283
0.83772453,1,24,22,283
2.0581427,1,20,4095,283
0.94920605,1,67,4095,283
0.37684462,1,28,4095,283
0.5055225,1,40,4095,283
1.8656343,1,38,4095,283
1.0856432,1,17,4095,283
1.15065,1,27,4095,283
1.7661985,1,21,4095,283
0.98778557,1,23,4095,283
0.900525,1,16,4095,283
1.4027261,1,31,4095,283
0.31948315,1,42,4095,283
0.5322208,1,15,13,283
1.2915263,1,16,13,283
1.0128788,1,36,4095,283
0.61917105,1,8,4095,283
1.1301271,1,38,36,283
0.18057215,1,28,4095,283
1.3231245,1,30,4095,283
0.9464908,1,18,15,283
0.0976479,1,54,4095,283
3.5e-07,1,17,15,283
0,1,61,4095,283
0.83533818,1,34,4095,283
0.37554333,1,25,4095,283
1.5479237,1,35,4095,283
1.4036732,1,26,24,283
0.000227,1,18,14,283
1.4578353,1,27,4095,283
1.1917514,1,18,4095,283
1.8023832,1,13,4095,283
1.6849131,1,60,4095,283
1.0173698,1,35,4095,283
0.1832839,1,12,4095,283
2.114618,1,49,577,283
2.2487865,1,20,4095,283
0.24928253,1,16,4095,283
0.24823687,1,17,14,283
0.8892644,1,38,36,283
2.1289086,1,37,4095,283
0.41853218,1,23,21,283
2.0841988,1,19,4095,283
1.8965854,1,42,40,283
0,1,59,0,283
1.3573157,1,36,4095,283
0.99003318,1,54,4095,283
0.47471115,1,35,33,283
1.412325,1,46,4095,283
1.5445583,1,11,4095,283
0.56719295,1,26,4095,283
0.92339205,1,36,34,283
1.8046621,1,29,27,283
0.89641265,1,53,4095,283
1.2658755,1,69,66,283
1.1832517,1,55,4095,283
0.54599275,1,12,8,283
0.27684565,1,26,4095,283
0.8907828,1,40,4095,283
1.9666736,1,63,59,283
1.8344961,1,53,4095,283
1.4244915,1,56,4095,283
0,1,38,4095,283
1.1057244,1,38,4095,283
0,1,54,4095,283
0,1,14,4095,283
1.0383648,1,13,4095,283
0.9265076,1,41,4095,283
1.7914453,1,16,4095,283
0.54516387,1,70,66,283
0.37181133,1,33,4095,283
0.52435102,1,42,4095,283
1.5763599,1,63,4095,283
0.091650575,1,61,4095,283
2.1140142,1,26,4095,283
1.7224057,1,33,4095,283
1.9381111,1,34,32,283
0.7514057,1,69,4095,283
0.66497127,1,31,29,283
0.21803865,1,62,4095,283
1.8359968,1,23,21,283
0.07799555,1,63,4095,283
1.3618626,1,19,17,283
1.3828965,1,33,31,283
1.0651743,1,53,4095,283
1.1010283,1,62,59,283
1.4604571,1,26,4095,283
1.2406824,1,40,4095,283
1.7257765,1,31,4095,283
1.583984,1,30,4095,283
1.9039481,1,59,4095,283
0.12685752,1,52,4095,283
0.01765175,1,18,4095,283
0.74828922,1,31,4095,283
1.2857123,1,33,4095,283
0.93180145,1,45,43,283
0,1,30,4095,283
0.9396382,1,22,4095,283
0.21772527,1,26,4095,283
1.8562954,1,19,17,283
0.16207085,1,28,4095,283
1.9265663,1,56,53,283
0.66128335,1,24,4095,283
2.0601644,1,49,1522,283
1.1564294,1,7,4095,283
1.9522378,1,23,4095,283
2.1797832,1,50,4095,283
0.4124338,1,28,25,283
0.26428673,1,38,4095,283
0.5523672,1,25,22,283
1.2692807,1,19,17,283
0.062026825,1,22,20,283
0.93835832,1,59,55,283
0.98347118,1,58,4095,283
1.8920606,1,15,4095,283
0.21593748,1,51,4095,283
1.8404152,1,47,44,283
0.96447845,1,43,40,283
0.49550822,1,35,4095,283
2.1691513,1,58,4095,283
1.5844149,1,25,4095,283
0,1,54,4095,283
0.54308622,1,19,4095,283
0.40575088,1,18,4095,283
0.82331005,1,22,20,283
2.2422476,1,16,4095,283
1.6496493,1,37,34,283
0.21564825,1,34,4095,283
1.5040185,1,39,4095,283
1.6222691,1,34,32,283
1.8613199,1,57,53,283
0.80670257,1,32,4095,283
0.2313863,1,50,4095,283
2.2298039,1,36,4095,285
1.686338,1,33,4095,285
0,1,43,4095,285
0.39499478,1,19,4095,285
0.68169738,1,33,4095,285
0.6249758,1,53,4095,285
0.61095175,1,33,31,285
0,1,33,4095,285
0.35469285,1,27,4095,285
1.6361796,1,35,34,285
0.25785805,1,11,7,285
0.11502575,1,35,33,285
0.98848975,1,34,4095,285
0.9502864,1,43,4095,285
1.3274941,1,16,4095,285
0.72383447,1,36,4095,285
0.97446122,1,51,4095,285
1.7562171,1,61,58,285
0.9230976,1,6,56,285
0.9139849,1,52,49,285
1.6982018,1,41,4095,285
2.163587,1,12,4095,285
0.91400828,1,24,4095,285
0.14694865,1,17,4095,285
0.21775717,1,63,4095,285
0.03292745,1,57,54,285
0.22040852,1,17,14,285
0.80625802,1,48,4095,285
0.74205735,1,26,24,285
1.7487372,1,58,4095,285
0.6539377,1,38,4095,285
1.6587434,1,61,4095,285
1.5192329,1,63,4095,285
0.5900338,1,28,4095,285
0,1,69,4095,285
1.2501634,1,54,51,285
2.106255,1,17,14,285
1.6553322,1,16,13,285
1.3210257,1,46,4095,285
1.7206876,1,14,4095,285
1.4514101,1,66,63,285
2.1174521,1,40,4095,285
0.62860407,1,56,4095,285
0.8328555,1,19,4095,285
0.4461011,1,43,40,285
0.83290255,1,34,4095,285
2.1485381,1,36,34,285
2.1371832,1,31,29,285
1.7889589,1,46,4095,285
2.0454287,1,32,4095,285
1.8244909,1,66,4095,285
0.64990143,1,29,27,285
0.35863317,1,53,4095,285
1.43941,1,52,4095,285
0,1,16,78,285
1.8435576,1,40,4095,285
1.4341865,1,27,4095,285
1.438948,1,33,31,285
0.80400595,1,45,42,285
0.00457705,1,24,0,285
1.8421528,1,63,59,285
0.85876312,1,43,4095,285
0,1,19,4095,285
0.53021635,1,24,21,285
0.185733,1,36,34,285
2.1790277,1,29,27,285
2.2312587,1,17,14,285
0.90673047,1,34,4095,285
1.0697802,1,32,4095,285
2.0654901,1,59,4095,285
1.0677619,1,68,4095,285
0.00410635,1,15,4095,285
0.6675201,1,32,4095,285
1.6089341,1,23,4095,285
1.0203502,1,17,4095,285
1.4087337,1,40,4095,285
0.61621493,1,42,4095,285
0.7674819,1,37,4095,285
0.10584937,1,13,10,285
1.9362726,1,22,4095,285
1.5700889,1,24,22,285
0.9900601,1,17,4095,285
0.86206603,1,27,4095,285
0.03910045,1,62,4095,285
0.044754425,1,42,4095,285
1.1904397,1,59,56,285
1.3267535,1,61,4095,285
1.5680399,1,49,2764,285
0.9223928,1,46,43,285
1.2613499,1,52,4095,285
0.66267182,1,25,4095,285
2.0127778,1,22,20,285
1.7559464,1,20,18,285
0.92024812,1,23,4095,285
0.9482654,1,14,11,285
1.5076725,1,29,27,285
0.12847805,1,13,10,285
0.8211158,1,9,4095,285
0.10061148,1,58,4095,285
1.8272535,1,72,71,285
1.5564853,1,70,4095,285
1.0258143,1,8,4095,285
2.0864091,1,41,38,285
0.5828257,1,37,4095,285
1.4403874,1,35,4095,285
0.5760603,1,13,10,285
1.6551597,1,46,4095,285
0,1,64,4095,285
0.5004074,1,39,4095,285
1.3746069,1,23,4095,285
0.3548942,1,33,4095,285
1.7516888,1,45,4095,285
1.8811701,1,39,4095,285
0.021278025,1,15,12,285
2.2417013,1,27,4095,285
1.7660734,1,65,4095,285
0,1,14,11,285
1.3069458,1,54,4095,285
1.1671669,1,18,4095,285
1.4246646,1,15,12,285
1.0186271,1,14,11,285
1.2786057,1,47,44,285
2.1102156,1,54,4095,285
2.0294556,1,24,4095,285
1.0525945,1,20,17,285
1.4655444,1,62,4095,285
1.1732253,1,10,4095,285
1.4121945,1,58,54,285
0.95579143,1,30,4095,285
2.2310261,1,33,31,285
0.42784353,1,57,4095,285
1.6061504,1,24,22,285
0.7190418,1,36,4095,285
1.7839031,1,18,16,285
2.1766681,1,30,4095,285
0.20644658,1,11,4095,285
0.38835928,1,27,4095,285
0.57251268,1,34,4095,285
1.2502554,1,21,4095,285
1.2885986,1,60,442,285
1.8331556,1,15,4095,285
0.94845578,1,31,4095,285
0.37026653,1,53,4095,285
1.2886925,1,36,33,285
1.4585789,1,14,4095,285
0.7595938,1,17,4095,285
0.093596425,1,26,24,285
0.22373655,1,28,26,285
1.741035,1,22,4095,285
1.9533152,1,16,4095,285
1.7143994,1,38,4095,285
2.2593432,1,32,4095,285
1.4365623,1,18,14,285
0.78669132,1,63,4095,285
0.09636965,1,21,20,285
1.0361796,1,55,4095,285
2.2432252,1,16,4095,285
0,1,21,4095,285
0.2549999,1,27,25,285
0.24265642,1,38,36,285
0.4785951,1,48,4095,285
1.9741717,1,19,17,285
0.10245013,1,37,35,285
1.1467209,1,34,4095,285
2.1334267,1,59,56,285
1.7549176,1,14,4095,285
2.0041936,1,30,28,285
0.59867538,1,62,4095,285
1.2312089,1,43,4095,285
1.4596576,1,48,45,285
0.10902763,1,19,4095,285
2.2115264,1,21,4095,285
1.8440578,1,40,37,285
0.18351205,1,34,4095,285
1.779513,1,47,4095,285
1.739844,1,57,4095,285
0,1,17,4095,285
0.21947952,1,30,27,285
0.13508642,1,41,4095,285
2.0038088,1,14,4095,285
1.6424855,1,38,4095,285
1.0403282,1,11,4095,285
2.2267429,1,57,4095,285
1.3194446,1,16,4095,285
0.3804431,1,13,4095,285
0.31679438,1,16,4095,285
2.122401,1,26,24,285
0,1,21,4095,285
1.0893882,1,58,4095,285
1.159202,1,56,4095,285
0,1,44,4095,285
0.64533595,1,37,4095,285
0.0632802,1,23,4095,285
0.94444237,1,32,4095,285
0.10793662,1,42,4095,285
0.34477583,1,48,4095,285
1.7703773,1,27,25,285
1.8289907,1,40,38,287
1.9446775,1,50,4095,287
0.36881513,1,30,28,287
0,1,17,4095,287
1.3891568,1,18,4095,287
1.5547971,1,12,9,287
1.1479151,1,38,4095,287
1.2336369,1,50,4095,287
0.61708922,1,65,4095,287
1.6924145,1,36,34,287
0.092821225,1,32,4095,287
0.06302605,1,14,4095,287
1.6414367,1,46,4095,287
1.3428927,1,34,4095,287
0,1,48,4095,287
1.3213184,1,35,33,287
0,1,29,27,287
0.63534595,1,20,4095,287
0.97136057,1,53,4095,287
1.394569,1,45,4095,287
1.9751556,1,8,4095,287
0.98673995,1,19,4095,287
0.8618186,1,19,4095,287
0.3272391,1,25,4095,287
1.7862411,1,29,4095,287
1.0422858,1,29,4095,287
0.64441688,1,25,23,287
1.6879201,1,16,13,287
0.65648375,1,43,4095,287
1.7030734,1,20,17,287
2.2574403,1,32,4095,287
0.8609713,1,52,4095,287
0.60779423,1,63,4095,287
0.86910663,1,32,4095,287
0.33467185,1,34,4095,287
0.3330074,1,34,4095,287
2.1559223,1,34,1327,287
6.25e-07,1,16,13,287
0.92927853,1,17,14,287
2.147783,1,21,4095,287
0.29958763,1,24,4095,287
0.6429174,1,14,11,287
0.039212725,1,27,4095,287
1.5649963,1,54,51,287
1.3589041,1,20,18,287
0.50804118,1,23,4095,287
0.9877743,1,25,4095,287
2.1540097,1,50,4095,287
2.2479171,1,13,9,287
2.1331446,1,118,115,287
1.7236014,1,32,4095,287
1.4726092,1,34,4095,287
1.1098441,1,45,4095,287
1.0668026,1,38,4095,287
0.057775625,1,11,4095,287
0.51219255,1,45,4095,287
0.51416333,1,25,4095,287
0,1,15,4095,287
1.4837672,1,45,4095,287
0.34545875,1,18,4095,287
0.90543878,1,37,34,287
0.27339403,1,7,4095,287
2.1327619,1,12,4095,287
0.441996,1,20,4095,287
0,1,16,4095,287
0.18987852,1,20,4095,287
0.64639018,1,47,4095,287
0.16314355,1,50,4095,287
0.12452443,1,34,4095,287
0.21678995,1,14,4095,287
0.52560343,1,55,4095,287
0.7176374,1,32,4095,287
0.27130195,1,28,4095,287
0.007195425,1,20,0,287
0,1,34,4095,287
0.6344557,1,32,29,287
0.36803015,1,32,30,289
0.76609313,1,27,4095,289
0.15126575,1,21,4095,289
0.250528,1,31,30,289
0.074795,1,69,4095,289
2.1761422,1,11,4095,289
1.0615317,1,39,38,289
0.45246412,1,35,32,289
1.1407684,1,33,4095,289
1.0346583,1,54,51,289
0.89264625,1,13,4095,289
2.244466,1,50,4095,289
0.81147923,1,11,4095,289
1.9489819,1,34,4095,289
0.80777918,1,55,4095,289
1.6122528,1,14,4095,289
0.78184908,1,13,10,289
2.0494699,1,19,4095,289
0.47966083,1,34,32,289
0.17600347,1,46,4095,289
0.02731585,1,54,52,289
0,1,28,255,289
2.1546091,1,24,4095,289
1.9053636,1,40,4095,289
0.40749038,1,30,28,289
1.7541118,1,79,4095,289
0.36780665,1,66,4095,289
0.1721856,1,59,4095,289
0.86585998,1,25,4095,289
0.6849164,1,11,4095,289
1.9454289,1,14,4095,289
1.129002,1,25,4095,289
0.7211721,1,29,4095,289
0.93644597,1,50,4095,289
1.4550834,1,20,19,289
1.4070635,1,35,4095,289
0.25590308,1,55,52,289
0,1,22,20,289
0.78731293,1,43,4095,289
1.7984959,1,33,4095,289
0.34150463,1,62,4095,289
0.2315321,1,33,30,289
0.02372375,1,53,4095,289
2.0585449,1,13,4095,289
1.3011495,1,17,4095,289
0.09731405,1,18,16,289
1.0740859,1,33,4095,289
0.85632275,1,34,4095,289
1.0978446,1,47,44,289
2.1893078,1,30,28,289
0.50144215,1,33,4095,289
0.460534,1,33,32,289
0.33700445,1,10,4095,289
2.060832,1,31,4095,289
0.72098728,1,26,23,289
2.0110967,1,51,4095,289
0.53533728,1,25,23,289
1.5100445,1,33,4095,289
1.4287399,1,47,44,289
0.66433997,1,18,14,289
0.56464847,1,54,4095,289
2.2523701,1,19,4095,289
1.0106687,1,58,4095,289
0.61153893,1,16,4095,289
1.2758271,1,10,8,289
1.2472036,1,15,14,289
2.2040826,1,37,35,289
0.61792575,1,46,4095,289
0.30098322,1,45,42,289
0.67341237,1,70,66,289
2.1809055,1,18,15,289
1.2118172,1,17,4095,289
1.7192632,1,28,4095,289
0.42573057,1,15,4095,289
0.14509275,1,26,4095,289
0.55668815,1,55,52,289
1.4744146,1,20,4095,289
1.237721,1,24,4095,291
1.7515987,1,33,4095,291
0.31563955,1,36,4095,291
2.0059841,1,39,4095,291
0.31291792,1,25,4095,291
1.9024151,1,20,4095,291
0.19297438,1,55,4095,291
0,1,18,4095,291
1.0323234,1,53,49,291
0.009326375,1,56,53,291
1.7616938,1,66,62,291
0.38923678,1,36,33,291
0.28008387,1,25,4095,291
1.2825736,1,32,30,291
0.56626698,1,23,4095,291
0.5028081,1,21,4095,291
1.7109024,1,45,43,291
1.1209544,1,28,4095,291
2.1552746,1,51,4095,291
1.4951177,1,29,26,291
0.4077339,1,34,32,291
0.49063085,1,18,4095,291
1.21129,1,42,4095,291
0.96843243,1,48,4095,291
1.2735894,1,27,25,291
1.4972973,1,47,4095,291
0.6636368,1,21,19,291
1.0890985,1,45,4095,291
0.38453608,1,8,5,291
0.66256743,1,27,25,291
1.3292781,1,53,50,291
1.7791537,1,11,4095,291
1.6832861,1,12,9,291
1.3729034,1,55,4095,291
1.0999537,1,47,4095,291
1.918635,1,59,4095,291
0.39029305,1,48,4095,291
0.95185738,1,30,4095,291
0,1,56,4095,291
1.3497166,1,48,4095,291
0.51904697,1,42,40,291
1.7711257,1,20,4095,291
0.92214005,1,34,4095,291
0,1,20,4095,291
0,1,30,4095,291
0.53968447,1,37,4095,291
0.2174254,1,42,4095,291
0.48588597,1,57,4095,291
0,1,26,4095,291
0.05766475,1,48,4095,291
1.0711533,1,28,25,291
0.49480078,1,29,4095,291
1.744212,1,19,4095,291
2.1725838,1,15,12,291
0.55443097,1,11,4095,291
2.212658,1,46,43,291
1.6162919,1,19,4095,291
1.2577997,1,16,13,291
2.0184049,1,49,46,291
0,1,13,4095,291
0.9649014,1,71,4095,291
1.4094615,1,53,4095,291
0.092735075,1,53,4095,291
1.4862294,1,44,4095,291
1.5316614,1,32,4095,291
1.0345497,1,44,40,291
0,1,23,4095,291
0.16787065,1,24,4095,291
0.79424515,1,13,4095,291
0.19744923,1,19,4095,291
2.2272007,1,43,4095,291
1.1106722,1,31,4095,291
0.97154208,1,38,36,291
1.1156283,1,40,4095,291
0.38384588,1,28,4095,291
2.0528352,1,41,4095,291
0.9273326,1,33,4095,291
0.16502163,1,70,4095,291
2.1023793,1,35,33,291
0.3950494,1,36,4095,291
1.557044,1,31,4095,291
0.04500695,1,28,4095,291
0,1,35,4095,291
0.91450025,1,48,44,291
1.3743143,1,21,4095,291
0,1,49,4095,291
0.33853655,1,49,4095,291
1.2991208,1,21,4095,291
1.9538746,1,31,4095,291
1.1744029,1,20,4095,291
2.1893815,1,33,4095,291
2.2018218,1,21,4095,291
0.76194725,1,40,38,291
0.49326612,1,12,8,291
0.90751643,1,50,4095,291
0.96898432,1,17,4095,291
2.1566991,1,32,30,291
2.2239903,1,34,4095,291
0.6542933,1,50,4095,291
0.36049715,1,37,4095,291
0.9953422,1,44,4095,291
1.2010688,1,19,16,291
1.2485435,1,54,51,291
2.1554361,1,20,4095,291
2.1058103,1,57,54,291
2.0242138,1,19,17,291
0.83262388,1,11,4095,291
2.0016676,1,37,35,291
1.5066684,1,19,4095,291
0.44713525,1,28,27,291
0.89683685,1,56,4095,291
2.2121051,1,13,4095,291
1.074517,1,17,4095,291
2.0308774,1,25,22,291
1.8743754,1,49,4095,291
0.60043772,1,29,27,291
0.74283915,1,21,19,291
0.04754325,1,22,4095,291
1.7111367,1,15,12,291
0,1,60,4095,291
1.0206639,1,44,4095,291
0.04885685,1,24,22,291
1.1135666,1,21,4095,291
0.99878353,1,18,16,291
1.5962605,1,8,6,291
2.2297012,1,42,40,291
0.48122182,1,43,41,291
2.1035291,1,15,4095,291
0.91463812,1,42,4095,291
1.1309545,1,45,4095,291
0.44589033,1,20,4095,291
0,1,63,4095,291
1.1737853,1,25,4095,291
0.63935378,1,49,4095,291
1.1519849,1,24,4095,291
1.9554558,1,48,4095,291
0.2785447,1,65,4095,291
1.0134396,1,53,50,291
0.34718828,1,27,4095,291
0.23197202,1,50,4095,291
1.0954325,1,64,61,291
0.86994175,1,31,4095,291
1.8785899,1,49,4095,291
1.9068828,1,28,4095,291
1.8696262,1,59,4095,293
1.638098,1,17,4095,293
1.3571555,1,23,4095,293
0,1,35,33,293
1.6820578,1,53,50,293
1.6936479,1,32,4095,293
2.0021793,1,20,4095,293
0.72665547,1,19,4095,293
1.1466134,1,42,39,293
1.3037931,1,11,9,293
1.1978508,1,21,18,293
1.4018003,1,41,4095,293
0.66394155,1,20,18,293
0.93619618,1,13,9,293
1.1693825,1,30,4095,293
0.78043135,1,25,4095,293
1.916715,1,20,18,293
1.6142669,1,28,26,293
1.3491217,1,29,27,293
0.8103114,1,18,4095,293
1.7271372,1,9,4095,293
0.77279628,1,32,4095,293
0.13699712,1,14,4095,293
0.9705491,1,16,13,293
2.1575778,1,28,4095,293
1.6493425,1,15,4095,293
0.52214783,1,57,4095,293
0.99874272,1,32,4095,293
0.51948425,1,44,4095,293
2.1205009,1,29,27,293
1.0394833,1,26,4095,293
1.633313,1,26,4095,293
0.64670417,1,33,4095,293
1.2067883,1,37,4095,293
0.58001405,1,52,49,293
0.03424605,1,25,23,293
0.48555255,1,66,63,293
1.1915137,1,66,4095,293
1.3729041,1,30,4095,293
1.0705762,1,65,4095,293
1.293894,1,19,4095,293
1.2942716,1,53,4095,293
2.0669815,1,13,10,293
1.8735951,1,19,17,293
1.3864649,1,25,4095,293
1.4760586,1,22,4095,293
0.20309262,1,30,4095,293
1.4396131,1,13,4095,293
1.9486849,1,48,4095,293
1.6124919,1,10,7,293
1.32712,1,54,4095,293
0.15480958,1,30,28,293
0.51231618,1,61,57,293
0,1,48,4095,293
0.81070735,1,20,18,293
0.47442787,1,40,38,293
0.71030905,1,48,4095,293
1.4141571,1,38,4095,293
0.22801665,1,42,4095,293
1.814593,1,52,49,293
1.8441006,1,19,4095,293
0,1,31,4095,293
1.4432577,1,51,4095,293
1.3247634,1,39,4095,293
1.3918991,1,48,4095,293
1.7401323,1,20,4095,293
0.053899775,1,31,4095,293
0.25610462,1,52,4095,293
1.2640102,1,40,39,293
0.052189375,1,19,4095,293
1.3965524,1,38,36,293
2.2416896,1,67,4095,293
2.0534653,1,70,4095,293
1.7133092,1,17,14,293
1.283797,1,50,47,293
0.24685255,1,52,4095,293
0.93383647,1,28,26,293
1.9687341,1,36,35,293
0.31791603,1,31,4095,293
0,1,22,4095,293
1.0160039,1,53,50,293
0,1,34,32,293
1.3489624,1,39,4095,293
0.43161342,1,49,46,293
1.7779113,1,79,75,293
0.45306713,1,13,4095,293
1.5196557,1,17,13,293
2.1612375,1,25,4095,293
0,1,12,4095,293
1.6110879,1,48,4095,293
1.6368486,1,31,29,293
1.350092,1,66,63,293
0.99753687,1,24,4095,293
0.15758215,1,42,40,293
1.7688813,1,13,10,293
1.3681133,1,39,4095,293
2.0822657,1,53,4095,293
1.3250001,1,55,4095,293
0.09203005,1,23,21,293
0.03464535,1,29,26,293
1.5597571,1,13,4095,293
1.9397471,1,45,4095,293
1.6631669,1,10,4095,293
0.63830945,1,47,4095,293
1.1629429,1,29,4095,293
0,1,27,4095,293
0.63199428,1,26,4095,293
1.9801412,1,13,4095,293
1.1899556,1,29,4095,293
0.42066342,1,17,14,293
0.62113173,1,20,18,293
2.0701609,1,31,4095,293
1.7093893,1,30,4095,293
1.0659205,1,9,4095,293
0.2310786,1,28,27,293
2.1112407,1,15,4095,293
2.0245078,1,60,57,293
0.81521322,1,28,4095,293
1.6024286,1,18,4095,293
1.8872473,1,12,4095,293
1.0962041,1,28,4095,293
0.99643675,1,33,31,293
1.3259664,1,31,4095,293
1.9672738,1,60,4095,293
0.70600345,1,27,25,293
1.5600085,1,24,22,293
0.84735957,1,16,14,293
1.3905427,1,23,22,293
0.43369297,1,34,4095,293
0.9099226,1,33,31,293
1.6084682,1,10,4095,293
0.4150013,1,13,4095,293
0,1,10,4095,293
0,1,61,4095,293
0.2870912,1,28,4095,293
1.1449012,1,54,51,293
1.9890134,1,33,4095,293
0.07766975,1,21,19,293
1.2236281,1,36,34,293
0.1112507,1,53,4095,293
1.2387636,1,17,4095,293
0.16794467,1,30,4095,293
0.9668248,1,11,4095,293
0.18255608,1,48,4095,293
0.15804183,1,22,4095,293
0.38422343,1,65,61,293
0.95562947,1,42,4095,293
0.27042173,1,27,4095,293
1.1273706,1,18,16,293
0.41167565,1,18,4095,293
2.2306334,1,34,4095,293
0.9300305,1,59,4095,293
2.1588342,1,37,4095,293
2.0627337,1,39,4095,293
0,1,9,4095,293
1.0821806,1,53,4095,293
1.6523224,1,54,51,293
0,1,12,4095,293
0.45567005,1,50,47,293
0.57304577,1,13,4095,293
0,1,13,4095,293
1.1654037,1,17,4095,293
1.0059355,1,18,15,293
1.9864141,1,42,4095,293
1.1121475,1,24,4095,293
0.88490203,1,35,4095,293
2.1577675,1,53,50,293
1.7463209,1,17,2667,293
0.73871475,1,40,4095,293
1.7582906,1,41,4095,293
0.38222945,1,15,13,293
1.6497186,1,47,44,293
0.90718212,1,39,4095,293
0,1,16,4095,293
1.9174659,1,43,4095,293
0.1301964,1,60,4095,293
1.1559856,1,20,4095,293
1.5764954,1,17,4095,293
0.91414715,1,30,28,293
1.5685814,1,17,14,293
0,1,28,4095,293
0.85101915,1,13,9,293
1.6084515,1,15,12,293
1.2151374,1,13,4095,293
0.8725084,1,26,4095,293
0.99303712,1,26,4095,293
1.017485,1,55,51,293
1.9791874,1,15,12,293
1.3490942,1,47,4095,293
0.70206845,1,19,4095,293
0.58903815,1,15,4095,293
1.0891631,1,17,14,293
1.6409741,1,20,4095,293
2.1972556,1,223,4095,293
0.2014045,1,13,10,293
0.091684175,1,20,18,293
0.57837245,1,13,11,293
2.2206127,1,59,4095,293
0.47951847,1,39,36,293
0.62220675,1,38,4095,293
0.3880525,1,9,4095,293
0.8429838,1,25,4095,293
2.0233902,1,20,18,293
0.5459074,1,30,4095,293
2.1189613,1,59,4095,293
0.94654807,1,24,4095,293
2.0492253,1,20,4095,293
0.04759015,1,64,4095,293
2.181071,1,8,4095,293
2.2097214,1,25,23,293
1.9270961,1,13,10,293
1.4155925,1,20,4095,293
0.22085912,1,24,22,295
1.6009306,1,58,54,295
1.4025531,1,34,4095,295
0.79424812,1,53,4095,295
1.1075019,1,40,4095,295
1.0456302,1,34,4095,295
0.083948125,1,52,49,295
2.1517965,1,8,4095,295
0.89832207,1,50,4095,295
1.0015286,1,29,4095,295
0.1097449,1,45,4095,295
2.0686401,1,31,4095,295
0.51656062,1,20,4095,295
0.16357805,1,33,32,295
1.0246276,1,55,4095,295
1.0199959,1,29,27,295
0.21383058,1,24,4095,295
1.2775998,1,48,45,295
2.0604128,1,28,26,295
2.0929687,1,52,49,295
1.9991874,1,57,54,295
1.4208101,1,38,4095,295
0.41792295,1,71,4095,295
1.448001,1,31,4095,295
1.2835212,1,42,4095,295
1.5835178,1,14,4095,295
0.2408699,1,60,57,295
0.1894551,1,26,4095,295
0,1,24,4095,295
0,1,20,4095,295
1.1406588,1,10,4095,295
1.8550493,1,50,4095,295
1.8497206,1,12,4095,295
0.3937798,1,10,4095,295
1.9690643,1,35,32,295
0.46112947,1,16,4095,295
0.62823243,1,24,4095,295
2.2247994,1,54,4095,295
0.38537603,1,21,19,295
0.3658503,1,12,4095,295
1.3009749,1,27,4095,295
0.9750485,1,24,4095,295
1.5879967,1,21,4095,295
0.39891575,1,43,40,295
1.3328042,1,59,56,295
1.2104181,1,40,39,295
0.76749228,1,14,4095,295
0.29205322,1,49,4095,295
0.38009013,1,43,4095,295
0.79809127,1,25,23,295
1.9624957,1,26,24,295
0.7702291,1,18,4095,295
1.8162207,1,56,53,295
1.3153252,1,23,4095,295
0.58165375,1,40,37,295
0,1,40,38,295
0.26805645,1,57,4095,295
1.546303,1,21,4095,295
0.97161268,1,42,4095,295
0.068194825,1,44,0,295
0.52663318,1,19,17,295
0.12761407,1,39,4095,295
0.32238817,1,30,27,295
0.1603751,1,20,4095,295
1.4384686,1,58,55,295
0.18925048,1,17,4095,295
1.6464664,1,19,17,295
0.4984076,1,35,4095,295
1.3024124,1,11,4095,295
0.6810496,1,56,4095,295
0.30587695,1,36,33,295
1.9746181,1,75,4095,295
0.56718593,1,16,4095,295
0,1,48,4095,295
1.223945,1,42,4095,295
1.7480761,1,46,4095,295
0.44090895,1,10,8,295
0.67592445,1,10,4095,295
1.6018598,1,9,4095,295
0.51050435,1,18,15,295
1.2178609,1,49,47,295
0,1,49,4095,295
1.2964616,1,29,4095,295
0,1,17,4095,295
1.2563017,1,20,18,295
0.084867525,1,14,4095,295
1.0925032,1,19,17,295
1.3345798,1,31,4095,295
0.30152337,1,15,4095,295
2.0019464,1,28,4095,295
1.2640655,1,15,4095,295
1.1121006,1,26,4095,295
0.67867488,1,28,26,295
2.12754,1,65,4095,297
0.87732838,1,61,4095,297
0.23907563,1,59,4095,297
1.2569413,1,12,8,297
1.0873533,1,27,25,297
2.0374825,1,19,16,297
0.98731275,1,49,46,297
0.34077915,1,26,24,297
1.3710528,1,28,4095,297
0.97694957,1,58,55,297
0.3563135,1,42,4095,297
1.3318945,1,45,4095,297
1.8335853,1,63,4095,297
1.3626164,1,35,33,297
0.4039692,1,22,20,297
0.18978142,1,60,57,297
0.86322712,1,20,18,297
1.5691954,1,38,4095,297
1.0268474,1,47,43,297
1.5055449,1,21,20,297
0.001259875,1,12,0,297
0.64451135,1,23,4095,297
0.54164965,1,26,4095,297
1.4358901,1,15,4095,297
0.11370062,1,23,20,297
0.9079797,1,47,4095,297
1.1338511,1,25,4095,297
2.1251504,1,60,4095,297
1.6187568,1,65,4095,297
0.94195955,1,61,4095,297
0.10578273,1,41,4095,297
1.9699989,1,56,4095,297
0.6874868,1,45,4095,297
2.2174156,1,22,4095,297
1.8638672,1,37,4095,297
0,1,20,4095,297
1.1189496,1,32,4095,297
0.42261712,1,22,4095,297
0.35025575,1,57,4095,297
1.4431784,1,58,4095,297
0.85838657,1,53,4095,297
1.5982352,1,8,4095,297
2.0985838,1,39,4095,297
0.8291569,1,34,4095,297
0.0673294,1,21,4095,297
1.1591298,1,19,4095,297
0.95581025,1,13,10,297
0.4203786,1,25,23,297
0,1,35,255,297
0.82018635,1,11,4095,297
1.5573926,1,22,4095,297
0.56818937,1,18,14,297
0,1,18,4095,297
0.6045345,1,37,4095,297
1.0947697,1,19,17,297
0.61098235,1,23,21,297
1.8302301,1,24,4095,297
1.6238146,1,57,4095,297
0.11119587,1,50,47,297
0.2743131,1,18,15,297
0.082083275,1,26,23,297
1.0368294,1,52,49,297
1.9239451,1,45,4095,297
1.135503,1,13,4095,297
1.6643794,1,18,4095,297
2.2370235,1,9,4095,297
1.5558,1,44,4095,297
0,1,48,4095,297
2.0969611,1,41,4095,297
0.1981788,1,43,4095,297
1.6783998,1,35,33,297
0,1,35,4095,297
0.3977597,1,22,4095,297
0.35999087,1,30,28,297
0.173317,1,14,4095,297
0.35591272,1,70,4095,297
1.0014805,1,22,4095,297
0.027188075,1,12,4095,297
0.60447005,1,62,4095,297
1.6561754,1,25,4095,297
0.41492135,1,13,4095,297
1.8333177,1,16,4095,297
0.98087072,1,54,4095,297
0.84837005,1,34,32,297
1.6005856,1,52,4095,297
0.4071117,1,60,4095,297
1.3037869,1,17,4095,297
2.0691077,1,21,4095,297
1.9242287,1,23,4095,297
1.0763851,1,11,4095,297
0.95450582,1,21,4095,297
0.25082705,1,27,4095,297
0.2349684,1,21,4095,297
0.793533,1,33,4095,297
0.19197952,1,35,4095,297
0.9885651,1,57,4095,297
0.6374337,1,20,4095,297
2.1804919,1,13,4095,297
1.0427552,1,61,4095,297
0.50869653,1,68,4095,297
1.6865681,1,22,21,297
0.10897007,1,29,4095,297
0,1,42,4095,297
2.0878707,1,37,4095,297
1.2017772,1,58,4095,297
0.95079528,1,17,4095,297
2.2221622,1,52,4095,297
0.37533627,1,52,4095,297
0.92712607,1,32,4095,297
1.1714246,1,27,4095,297
1.3687127,1,14,4095,297
1.0666046,1,26,4095,297
0.91610432,1,50,4095,297
1.2446618,1,60,4095,297
1.7314901,1,58,4095,297
1.4339821,1,28,4095,297
0.74903115,1,43,4095,297
0.56172497,1,14,4095,297
1.9272521,1,33,4095,297
0.7318803,1,24,21,297
1.5494348,1,23,20,297
1.6301745,1,58,55,297
0.1824354,1,63,60,297
1.5175736,1,15,4095,297
0,1,12,4095,297
0.49677922,1,17,14,297
1.5133375,1,20,4095,297
0.52521147,1,20,4095,297
2.0301851,1,13,4095,297
0,1,54,4095,297
1.1807301,1,63,4095,297
1.506051,1,31,4095,297
0.058756725,1,13,4095,297
0.5082901,1,40,38,297
1.0032501,1,45,4095,297
1.0352169,1,14,4095,297
0.56200005,1,40,38,297
1.7277844,1,49,4095,297
1.9035826,1,21,4095,297
2.1843307,1,30,4095,297
0.77437088,1,14,4095,297
0,1,42,4095,297
0.68090648,1,10,4095,297
0,1,39,37,297
1.2499284,1,28,4095,297
0.60868975,1,11,4095,297
0.43754783,1,30,28,297
2.0166446,1,16,4095,297
0.10144693,1,31,4095,297
1.4553717,1,27,4095,297
1.4720629,1,13,4095,297
1.180468,1,35,32,297
1.827558,1,31,4095,297
1.0304847,1,60,4095,297
1.332035,1,22,4095,297
1.870652,1,46,4095,297
0.72744307,1,46,44,297
0.54780643,1,13,10,297
0.7533395,1,15,4095,297
2.2267214,1,14,4095,297
0.2142786,1,18,4095,297
2.1356176,1,25,4095,297
0.63113648,1,15,4095,297
0.80709787,1,27,4095,297
0.7131536,1,37,4095,297
0.99439097,1,9,6,297
1.6168756,1,38,4095,297
0.54343075,1,46,43,297
1.265651,1,19,4095,297
1.506401,1,34,32,297
1.0904545,1,28,4095,297
0.8834642,1,19,4095,297
1.5927425,1,26,24,297
1.4907983,1,12,9,297
1.973693,1,8,4095,301
0.2967259,1,33,31,301
1.8026312,1,40,4095,301
1.4569282,1,49,46,301
1.8456402,1,43,4095,301
1.3114623,1,70,4095,301
0,1,13,4095,301
0.82305145,1,17,4095,301
1.3558824,1,31,29,301
0.63522123,1,19,4095,301
1.4098549,1,45,4095,301
2.2497025,1,15,4095,301
2.1677327,1,41,4095,301
0.85369328,1,31,4095,301
0.83463625,1,24,4095,301
1.0636485,1,33,4095,301
2.2199065,1,20,18,301
0.94233482,1,17,4095,301
1.179124,1,13,4095,301
0.30813495,1,45,4095,301
0.8595091,1,47,44,301
0,1,62,4095,301
0.32619683,1,23,4095,301
0.41426958,1,24,23,301
0.8530104,1,61,4095,301
1.8063361,1,18,4095,301
0.96897703,1,13,4095,301
2.1349493,1,25,23,301
0.7969708,1,30,4095,301
0.84917635,1,52,4095,301
0.18057087,1,37,35,301
1.5547354,1,45,4095,301
1.5615531,1,56,4095,301
1.7451224,1,23,4095,301
0.73261062,1,45,41,301
1.4077113,1,57,55,301
0.66178143,1,28,26,301
1.9241001,1,58,4095,301
0,1,57,54,301
0,1,13,4095,301
0.44969158,1,14,4095,301
1.6245938,1,60,4095,301
0.038488375,1,19,0,301
0.78044455,1,31,4095,301
0.12906525,1,14,4095,301
1.4083754,1,19,4095,301
2.0996808,1,26,4095,301
1.0642178,1,34,4095,301
1.8907211,1,68,4095,301
0.022540425,1,42,4095,301
0.69219317,1,32,4095,301
2.118024,1,51,4095,301
1.1848263,1,43,4095,301
0.2739907,1,19,4095,301
0.72842855,1,43,4095,301
1.0774521,1,44,4095,301
1.8394759,1,19,17,301
0.019255475,1,71,4095,301
2.048282,1,26,4095,301
1.1988841,1,26,1935,301
0.96561988,1,50,4095,301
1.4476982,1,11,4095,301
1.4340069,1,24,4095,301
1.9128319,1,50,47,301
1.2994625,1,43,4095,301
1.8947843,1,41,4095,301
1.9567808,1,22,4095,301
0.10905873,1,59,4095,301
0.31877015,1,15,12,301
1.2190532,1,27,4095,301
0.0127959,1,46,43,301
1.7899576,1,21,4095,301
0.49270295,1,22,20,301
0.41542867,1,20,18,301
0.15556902,1,39,4095,301
1.4581424,1,11,7,301
0.93461962,1,36,34,301
0.10509477,1,45,41,301
1.0142263,1,41,4095,301
0.92401393,1,36,4095,301
2.1591665,1,62,4095,301
0.77786137,1,42,4095,301
0.5294839,1,29,27,301
0.79001623,1,49,47,301
1.295097,1,21,18,301
1.6104184,1,16,14,301
1.3795801,1,27,4095,301
0.43212167,1,38,35,301
0.76272593,1,9,4095,301
0.13987955,1,34,31,301
0,1,13,4095,301
0.50771045,1,22,4095,301
1.0541553,1,26,4095,301
1.1673274,1,58,4095,301
0.60860232,1,13,4095,301
0.49723553,1,14,4095,301
1.2272446,1,21,4095,301
1.9079436,1,46,4095,301
0.8939238,1,61,4095,301
1.2301013,1,24,4095,301
0.83278927,1,57,4095,301
0.400137,1,48,4095,301
1.4358085,1,59,4095,301
0.96725452,1,37,34,301
0,1,27,4095,301
0.9568908,1,16,4095,301
2.0969967,1,37,4095,301
2.0834328,1,41,4095,301
1.5178276,1,10,4095,301
1.8225136,1,10,4095,301
0.39474685,1,60,57,301
0,1,30,4095,301
0.91180825,1,39,4095,301
0.5523522,1,17,4095,301
0.85676185,1,57,4095,301
0.1246478,1,27,4095,301
2.1407029,1,35,33,301
1.5501738,1,59,4095,301
0.019494475,1,35,4095,301
2.163297,1,12,4095,301
1.1930462,1,29,4095,301
0.9659829,1,59,4095,301
0.10427345,1,20,4095,301
0.34054058,1,37,35,301
0.67313382,1,14,11,301
0.57962618,1,66,4095,301
0.8589502,1,51,4095,301
1.2410305,1,19,4095,301
0,1,32,4095,301
1.6230847,1,29,4095,301
1.1831114,1,54,50,301
0.10635807,1,13,9,301
1.2326227,1,18,4095,301
1.135009,1,27,4095,301
1.1478996,1,11,4095,301
2.0649133,1,24,4095,301
0,1,48,4095,301
2.0620233,1,21,19,301
1.4817898,1,28,4095,301
0.42431337,1,50,47,301
0.11205377,1,51,4095,301
1.3639809,1,14,11,301
1.1337701,1,64,4095,301
0.27507918,1,38,4095,301
1.744392,1,15,11,301
1.0399104,1,13,4095,301
1.9764646,1,16,4095,301
1.5235774,1,55,52,301
1.728344,1,55,4095,301
0.10324948,1,17,4095,301
0.29100092,1,8,4095,301
1.8363013,1,31,4095,301
0.60201175,1,57,4095,301
1.030078,1,59,55,301
1.2971937,1,29,27,301
0.39242193,1,32,4095,301
0,1,19,4095,301
1.8470678,1,52,4095,301
0.30610153,1,48,4095,301
1.5741424,1,60,4095,301
1.1537971,1,47,4095,301
0.9574938,1,27,4095,301
1.8952477,1,36,34,301
1.5988504,1,36,34,301
0.79166725,1,13,4095,301
0,1,37,4095,301
1.7848555,1,62,4095,301
0.87090977,1,13,4095,301
1.0781103,1,51,4095,301
1.8564689,1,20,18,301
0.4482627,1,45,4095,301
1.6680329,1,18,4095,301
1.3119427,1,21,20,301
1.6309116,1,37,4095,301
0.56692307,1,25,4095,301
0.75830805,1,26,4095,301
1.6156495,1,38,4095,301
0.9323468,1,22,20,301
1.1586515,1,24,22,301
0.5020421,1,20,18,301
1.294637,1,23,21,301
0.6556972,1,28,26,301
0.44696605,1,30,4095,301
0.47777958,1,20,18,301
0.11533815,1,45,4095,301
0.41148238,1,54,51,301
0.40024803,1,57,4095,301
0.46236105,1,12,9,301
1.1232138,1,56,4095,303
0.18155525,1,21,4095,303
1.6018558,1,23,21,303
1.1923665,1,18,15,303
1.1662142,1,21,4095,303
0.2227663,1,15,12,303
0.70821432,1,23,4095,303
1.8688171,1,21,19,303
0.28241262,1,22,4095,303
0.73601757,1,45,4095,303
1.7064877,1,33,4095,303
1.1289708,1,16,4095,303
2.118245,1,34,4095,303
1.9863995,1,19,17,303
1.0477255,1,45,4095,303
1.5783424,1,15,13,303
1.2501368,1,23,4095,303
0.99397437,1,37,35,303
0.26304173,1,57,54,303
0.16691502,1,53,4095,303
2.0426087,1,9,7,303
1.3897246,1,32,4095,303
0.66277738,1,19,4095,303
1.8666346,1,29,4095,303
0.16011163,1,11,8,303
0.9248775,1,30,4095,303
0.54524428,1,29,4095,303
2.0646984,1,16,4095,303
1.0361599,1,24,4095,303
0,1,32,4095,303
2.0618906,1,49,4095,303
0.35199028,1,21,4095,303
1.5269664,1,32,4095,303
0.00733335,1,10,0,303
1.0072927,1,40,4095,303
0.39397387,1,28,4095,303
0.60342835,1,15,4095,303
1.9096307,1,28,4095,303
1.6134117,1,29,4095,303
0.66380628,1,36,4095,303
4.25e-07,1,25,4095,303
0.69891755,1,50,46,303
1.4280677,1,31,4095,303
1.5938801,1,18,17,303
0.7264913,1,69,4095,303
1.3471238,1,56,4095,303
0.94392338,1,39,4095,303
1.5527053,1,68,65,303
0.21505735,1,13,4095,303
2.1107628,1,9,4095,303
1.3023567,1,29,4095,303
0,1,14,4095,303
1.9171253,1,43,4095,303
1.0578629,1,43,4095,303
0.6859302,1,19,4095,303
0.5947564,1,18,4095,303
0.5473513,1,9,4095,303
0.15256385,1,33,4095,303
1.1988021,1,44,40,303
1.0524556,1,15,4095,303
0.043219125,1,31,4095,303
0.72944143,1,31,4095,303
0.1537859,1,28,26,303
0.8052649,1,37,4095,303
0.28888017,1,39,4095,303
0.25916573,1,50,4095,303
0.83752418,1,31,4095,303
1.5199651,1,37,4095,303
2.0956616,1,28,4095,303
0.62435405,1,67,4095,303
0,1,21,4095,303
1.1515727,1,58,4095,303
1.5981965,1,55,51,303
2.1342346,1,42,40,303
0.38060603,1,57,4095,303
0.085298925,1,23,1457,303
1.961085,1,23,20,303
0.33702593,1,21,4095,303
1.9834041,1,19,4095,303
0,1,19,4095,303
1.3253404,1,29,4095,303
0.47465503,1,37,4095,303
0.56585677,1,25,23,303
1.0083349,1,19,4095,303
0.77554263,1,48,45,303
0.53665693,1,26,4095,303
1.9360087,1,19,4095,303
1.9595973,1,35,33,303
1.1429609,1,13,4095,303
1.4142709,1,23,4095,303
0.22666748,1,17,13,303
1.0741627,1,27,25,303
1.2170119,1,16,4095,303
0,1,54,4095,303
0.54560843,1,20,4095,303
0.26368222,1,15,4095,303
0.58375995,1,23,4095,303
0.4208114,1,28,4095,303
0.15691045,1,28,4095,303
1.3537227,1,50,4095,303
0.10499735,1,39,4095,303
1.0360324,1,61,4095,303
0.92426257,1,32,4095,303
0.28457455,1,61,58,303
0.9160506,1,57,4095,303
0.21104065,1,30,29,303
0.14286883,1,26,25,303
1.8934092,1,55,4095,303
0.73951862,1,17,14,303
0.10598055,1,52,4095,303
0.24254008,1,31,29,303
0.58266863,1,64,4095,303
0.6409846,1,56,4095,303
1.1511232,1,14,4095,303
0.008018825,1,25,23,303
0.26355587,1,40,4095,303
1.4389421,1,42,4095,303
0.7418813,1,19,4095,306
0.13047377,1,60,57,306
0.81346398,1,11,4095,306
1.1772999,1,18,4095,306
1.3951535,1,15,4095,306
1.0484509,1,60,57,306
1.3162866,1,37,4095,306
0,1,48,4095,306
0.21514008,1,24,4095,306
0.78388268,1,29,26,306
